reviewId,userName,userImage,content,score,thumbsUpCount,reviewCreatedVersion,at,replyContent,repliedAt,appVersion,clean_text
955a7472-113c-4487-9b1e-2c4b06c8d519,Bagus Kurniawan,https://play-lh.googleusercontent.com/a-/ALV-UjWQAS9iRaeuYBacAhkmRwxi6o3xTQFPOaGKtikktbfT-3jQoMg,good.,5,0,5.2.75,2025-12-11 13:27:46,"Terima kasih ya Kak Bagus atas ulasan dan ratingnya. Kami senang PLN Mobile bisa jadi aplikasi andalan yang memudahkan urusan listrik. Ketika teknologi mendekatkan, kenyamanan jadi terasa nyata. Jangan lupa ajak keluarga & teman download PLN Mobile juga yaa. Have a nice day. -SH
",2025-12-12 07:09:02,5.2.75,good
900944d9-05e5-4490-b3e4-ca68ba21fbfb,Jefri Bc,https://play-lh.googleusercontent.com/a/ACg8ocKbFvLQX8w0qqPs9IqrpozXk9WqjMPwGA5TbNITpIIO6xwSvg=mo,"Terimakasih atas bantuannya ya pak,dengan ada nya pln mobile kami sangat terbantu,kalau dari petugas cepat respon, ramah dan cepat datang, terimakasih ya pak, SEMANGAT selalu",5,0,5.2.75,2025-12-11 13:26:19,"Wah, makasih banget Kak atas rating 5 nya. Kami seneng PLN Mobile bisa bantu urusan listrik Kakak jadi lebih simpel. Mulai dari bayar listrik sampai lapor gangguan, semua bisa dari HP. Yuk, terus dukung kami dan ajak orang terdekat buat cobain juga. Hidup praktis dimulai dari PLN Mobile. -SH
",2025-12-12 07:08:33,5.2.75,terimakasih atas bantuannya ya pak dengan ada nya pln mobile kami sangat terbantu kalau dari petugas cepat respon ramah dan cepat datang terimakasih ya pak semangat selalu
6948a817-64bc-4999-a214-3deb080ce572,Azriel Qais,https://play-lh.googleusercontent.com/a/ACg8ocIKIjazvF6dYqOk2cpxaVCwkzTeakGzQ0iR8-1btC9qLQIifA=mo,👍👍👍,5,0,5.2.75,2025-12-11 13:25:04,"Halo Kak Azriel, terima kasih banyak atas rating sempurnanya. PLN Mobile hadir untuk bantu semua kebutuhan listrik jadi lebih cepat dan mudah. Dukungan Kakak sangat berarti buat kami. Jangan lupa ajak teman & keluarga download juga ya, biar makin banyak yang ngerasain manfaatnya. Sehat selalu. -SH
",2025-12-12 07:08:15,5.2.75,
dc84c758-1a03-4868-b173-18e642a542e0,Malkan Ajri,https://play-lh.googleusercontent.com/a/ACg8ocLoVlehdOB2DGtLnFcbXdTvyrd9Ott6x3vFkJr22KwACUkSow=mo,"Apps tampilan menarik, user friendly, fitur-fitur berguna mulai dari pembayaran tagihan pembelian token pengaduaan padam, tambah daya dan marketplace Sangat membantu membeli token listrik dengan biaya admin 1500 lebih murah dari yg lain",5,0,,2025-12-11 13:24:29,"Terima kasih banyak ya Kak atas ulasannya. Senang banget dengar Kk terbantu dengan PLN Mobile & pelayanan ramah dari petugas kami. Semua dibuat simpel, nyaman & gak ribet. Keramahan itu bukan layanan tambahan, tapi bagian dari kenyamanan utama. Cus rekomendasi ke tmn2 kmu juga ya Kak buat gunain PLN Mobile. Have a nice day. -SH
",2025-12-12 07:08:07,,apps tampilan menarik user friendly fitur fitur berguna mulai dari pembayaran tagihan pembelian token pengaduaan padam tambah daya dan marketplace sangat membantu membeli token listrik dengan biaya admin 1500 lebih murah dari yg lain
d0dca0cd-a807-433a-a0f7-be6355ae367d,Arik Cahyo,https://play-lh.googleusercontent.com/a/ACg8ocKkIOMwxxuvfBCUAOKlZwwMtSo4O5vH_tjNY_hOc3epS2WGeQ=mo,sangat membantu sekali ..,5,0,5.2.75,2025-12-11 13:24:17,"Makasih banyak Kak Arik udah support PLN Mobile. Kami seneng kamu ngerasa terbantu. Fitur-fitur praktisnya siap temani kamu kapan pun. Karena kenyamanan itu, hak semua orang. Biar makin rame nikmatin kemudahan, yuk ajak orang-orang tercinta install PLN Mobile. Satu aplikasi, banyak manfaat. Have a nice day. -SH
",2025-12-12 06:31:13,5.2.75,sangat membantu sekali
5f2c7fbd-8af6-4c57-b94f-1a1b97dc85f0,ARIEF MAHMUD,https://play-lh.googleusercontent.com/a-/ALV-UjXxCE6wnCAkYYLT6LolqO5MkRz8YXhkWmVFWFzd5CXM3pYQjzKe8Q,"Terima kasih, dengan aplikasi PLN Mobile ini saya merasa sangat terbantu dalam segala hal urusan kelistrikan, semoga aplikasi ini bisa di tingkatkan lagi",5,0,5.2.75,2025-12-11 13:22:48,"Hai Kak Arief, Makasih buat ulasannya ya, wah semoga pengalaman menggunakan PLN Mobile selalu menyenangkan ya Kak. Jika butuh riwayat pemakaian kWh, ga perlu khawatir, tersedia loh di PLN Mobile. Have a great day. -FN
",2025-09-12 06:54:42,5.2.75,terima kasih dengan aplikasi pln mobile ini saya merasa sangat terbantu dalam segala hal urusan kelistrikan semoga aplikasi ini bisa di tingkatkan lagi
8ac01427-0dce-4b5e-a0e7-b2c3f59955a2,Wardahtul Warda,https://play-lh.googleusercontent.com/a/ACg8ocLEyyIK1FjWeTfZos7v3-m1ZKDNjvw8i7xEQYyJ_pBcJLAOCA=mo,sangat bagus,5,0,,2025-12-11 13:21:24,"Makasih banyak ya Kak Warda atas supportnya. Masukannya bikin kami makin semangat buat terus kembangkan PLN Mobile biar makin top. Setiap langkah kecil inovasi lahir dari semangat besar para pengguna setia. Yuk ajak teman & keluarga cobain juga PLN Mobile. Sehat selalu. -SH
",2025-12-12 06:31:05,,sangat bagus
a20431b6-4bc7-4217-9f99-df94eaf14972,Restu Fadilah,https://play-lh.googleusercontent.com/a/ACg8ocLWGUSjiOAKZpn456mca3F-_nzPpnAYQnfA3W_a4LivBFWY=mo,mantap pln,5,0,,2025-12-11 13:19:21,"Terima kasih ya Kak Fadilah. Kamu udah buktiin sendiri, urusan listrik bisa cepat dan praktis. Kami terus semangat tingkatin layanan. Karena senyum pelanggan itu semangat buat kami. Udah cobain dan suka? Cus ajak yang lain juga ya. PLN Mobile makin praktis, semua jadi lebih mudah. Semoga harinya cerah terus. -SH
",2025-12-12 06:30:56,,mantap pln
39ce21a2-9073-4b1d-9cdb-384fdeff0472,Irwan Syaputra,https://play-lh.googleusercontent.com/a-/ALV-UjWWLIVpkC1W9Nv-NbuH7yCnT7g8gFgiRVGPCLebJARxsFH9rdD_,good,3,0,5.2.75,2025-12-11 13:18:38,"Kak Irwan, thx buat apresiasi yg diberikan. Yuk, naikan lg bintangnya jd 5, karena kini PLN Mobile hadir dgn tampilan lbh nyaman, fitur yg makin lengkap & pastinya makin mudah digunakan user. PLN tdk pernah berhenti utk trs berinovasi dlm menyempurnakan apk serta menghadirkan berbagai keuntungan yg menarik tentunya bgi Plgn setia PLN Mobile. :) -MF",2025-12-11 13:23:25,5.2.75,good
0a5dc5bc-f5e5-4253-8f65-5a98e8ecd0fd,Muhammad Rifky,https://play-lh.googleusercontent.com/a-/ALV-UjUkGIt8scWs7VBOkJasJBegX8oU8Dl9HQ24BfgNHTwxIkd2y599QA,sangat cepat dan ramah petugasnya dan ngasih tau alesan dan oenyebabnya bisa oadam listrik,5,0,5.2.75,2025-12-11 13:13:03,"Wah, makasih ya Kak Rifky udah sempatin kasih review positif. PLN Mobile bantu kamu biar gak perlu antre atau ribet ke luar rumah. Karena solusi pintar, gak harus rumit. Ayo rekomendasikan ke kerabat dan orang terdekat. Biar bareng-bareng nikmatin kemudahan urus listrik dari genggaman. Have a bright day. -SH
",2025-12-12 06:30:48,5.2.75,sangat cepat dan ramah petugasnya dan ngasih tau alesan dan oenyebabnya bisa oadam listrik
15774131-b596-4e9b-a36e-db38cf8bf655,Heru Supariyantono,https://play-lh.googleusercontent.com/a/ACg8ocLnoK2h9PvF-PaDzIg7kZy9y1p67xKykXQViPUTrOHO9105Zw=mo,pakai PLN Mobile sangat membantu,5,0,5.2.75,2025-12-11 13:12:30,"Halo Kak Heru, penilaiannya telah kami terima dan makasih atas dukungannya ya. PLN Mobile anti ribet. Ayuk ajak temenmu tuk download sekarang juga. Salam sehat selalu -AZ
",2025-09-06 15:30:59,5.2.75,pakai pln mobile sangat membantu
6816b49e-2ebe-4bc5-83f6-9d28e64ed411,Patuk Superwow,https://play-lh.googleusercontent.com/a-/ALV-UjWacRGqnBVIOYSdsGLoNvU_J_nSx26JBsHkyAqhI_9Xn9RIDpRM,"apk pln mobile sangat mantap, respon cepat dan tanggap.",5,0,,2025-12-11 13:08:56,"Terima kasih Kak udah jadi pengguna PLN Mobile. Fitur-fitur kami hadir untuk kamu yang pengen semuanya beres tanpa ribet. Karena kenyamanan adalah langkah pertama menuju hari yang lebih baik. PLN Mobile nya udah makin lengkap, sayang kalau gak ajak keluarga dan temen ikutan cobain. Semangat terus hari ini ya. -SH
",2025-12-12 06:30:41,,apk pln mobile sangat mantap respon cepat dan tanggap
b359f113-3873-4107-853c-e875b9dd1ae1,Ilham Vivo,https://play-lh.googleusercontent.com/a/ACg8ocLxD7NFI5etEAzrLAfE9qcLLFuSW6GWnFw20eODVrEgfJV4YQ=mo,semakin sukses,5,0,5.2.75,2025-12-11 13:08:34,"Terima kasih Kak Ilham udah percaya PLN Mobile. Seneng rasanya bisa bantu Kaka. Aplikasi satu ini memang diciptakan buat hidup yang serba dinamis. Karena waktu kamu terlalu berharga buat dihabiskan nunggu. Jangan lupa sebarin info ke keluarga dan bestie kamu ya. PLN Mobile bikin semuanya jadi lebih simpel. Stay safe and happy. -SH
",2025-12-12 06:30:35,5.2.75,semakin sukses
80353804-c291-4042-9a4e-3935f5c7f1e5,Faiz Faiz,https://play-lh.googleusercontent.com/a/ACg8ocJc-8AV1AqxGEyAQi-lkIBG7IT3fY3thnSaG-9XsAz5a8RCcA=mo,terimakasih,5,0,5.2.75,2025-12-11 13:08:17,"Makasih banget Kak Faiz udah pakai PLN Mobile dan kasih review positif. Kami hadir buat bikin semuanya serba cepat dan praktis. Karena solusi cerdas datang dari hal-hal yang sederhana. Yuk ajak orang terdekat kamu cobain PLN Mobile juga, biar semua bisa ngerasain gampangnya layanan listrik digital. Have a great day. -SH
",2025-12-12 06:30:29,5.2.75,terimakasih
365f2e4f-0c0b-462a-8bf9-d5578c3732c3,LDR Rafky Leonal,https://play-lh.googleusercontent.com/a/ACg8ocL6a9c1Qwek5_PovIzxigTL1YzIF7GdlAlNCq33CZK80N5npg=mo,ulp Perawang sangat bersih dan parkirnya tertata rapi,5,0,,2025-12-11 13:07:48,"Terima kasih ya Kak udah share pengalaman menyenangkan bareng PLN Mobile. Dari beli token sampai pasang baru, semua tinggal klik. Karena kemudahan adalah bentuk kenyamanan sejati. Yuk ajak keluarga, teman, atau kerabat download PLN Mobile dan rasakan langsung manfaatnya. Semoga harimu menyenangkan ya. -SH
",2025-12-12 06:30:22,,ulp perawang sangat bersih dan parkirnya tertata rapi
974e4e51-fbb1-4ce7-b05b-19830d9e7ed6,Febi Obehetan,https://play-lh.googleusercontent.com/a/ACg8ocKv3fkLhbAL1SIkZLgwTE-PGTfp8vGQjyFcz2-6ixFsjW6T4A=mo,aplikasi PLN mobile sangat baik dan mudah di gunakan ketika kami melakukan pengaduan dan permohonan lainnya,5,0,5.2.75,2025-12-11 13:07:32,"Makasih ya Kak Febi udah kasih feedback positif. PLN Mobile bantu kamu biar urusan listrik makin simpel. Semua ada dalam satu aplikasi. Karena hidup gak harus ribet, apalagi soal listrik. Cus bagiin infonya ke bestie kamu juga ya Kak, biar bareng-bareng makin gampang urus listriknya. Sehat selalu. -SH
",2025-12-12 06:30:17,5.2.75,aplikasi pln mobile sangat baik dan mudah di gunakan ketika kami melakukan pengaduan dan permohonan lainnya
aff8193c-76ec-4869-9343-55f6bb0eecca,rico yaul,https://play-lh.googleusercontent.com/a-/ALV-UjXku5ehMwHIHj0MxtVfqFaYI2golPqC6ZLY3OfIL01wL8UUHrVE,aplikasi pln mobile sangat membantu untuk layanan gangguan listrik padam,5,0,5.2.75,2025-12-11 13:05:52,"Makasih banyak ya Kak Rico udah jadi bagian dari pengguna puas PLN Mobile. Urusan listrik sekarang gak pakai ribet, semua ada di ujung jari. Karena hidup udah cukup sibuk, biarlah aplikasi kami yang bantu kamu atur sisanya. Jgn dinikmatin sendiri dong Kak, ajak temen2 juga cobain PLN Mobile. Praktis banget loh. Semoga harimu menyenangkan ya. -SH
",2025-12-12 06:30:12,5.2.75,aplikasi pln mobile sangat membantu untuk layanan gangguan listrik padam
ca13102a-54fe-4274-9b8b-3a233b47585a,Alum Agung,https://play-lh.googleusercontent.com/a-/ALV-UjWi5AWdhZEdNzjqT3IiVtLsJ9nqTGBRnLrSk7TgIKzgqeOMc9If,"ditunggu subsidi buat masyarakat, jangan dikorupsi saja",4,0,5.2.75,2025-12-11 13:05:00,"Tks Kak Agung atas apresiasinya. Dgn trs bertransaksi di PLN Mobile, Kk berpeluang mendapatkan berbagai keuntungan, mulai dr promo hingga event menarik lainnya. Setiap masukan dr Kk akan mimin pelajari sbg bhn pengembangan agar platform ini semakin optimal. Jk Kk ingin menyampaikan hal lain, silakan sharing bersama CS via fitur Live Chat ya. :) -YA",2025-12-11 13:20:33,5.2.75,ditunggu subsidi buat masyarakat jangan dikorupsi saja
aeb8993d-ab95-448b-be70-d2992a5caa93,Sadia Sadia,https://play-lh.googleusercontent.com/a/ACg8ocJhvMVKPKRDxx9Zt-OI0TL8hg1Nk0BqQ6d_28_CvZqp8tRtMQ=mo,Bermanfaat,5,0,,2025-12-11 13:04:49,"Makasih banget Kak Sadia buat ulasan positifnya. Rasanya lega tau Kk udah ngerasain sendiri mudahnya PLN Mobile. Semua layanan, satu aplikasi. Karena saat semuanya terhubung, hidup pun ikut terasa ringan. Download bareng yuk. Ajak temen, keluarga, atau pasangan kamu nikmatin kemudahan PLN Mobile. Promo banyak, fiturnya lengkap. :) -SH
",2025-12-12 06:30:03,,bermanfaat
113d25f8-6a2d-4d1c-9a08-658f2d696126,Sarmin Dina,https://play-lh.googleusercontent.com/a-/ALV-UjWzA7111QxH0yhYj8y2Tx7n45Pd_AYto9c-SG9lMEmUWNQfmO1NQQ,semua keluhan pelanggan bisa dijadikan lewat PLN mobile,5,0,5.2.75,2025-12-11 13:02:39,"Makasih banyak ya Kak Lani udah share pengalamannya. PLN Mobile memang dibuat untuk memudahkan aktivitas setiap penggunanya. Kk ga perlu repot keluar rumah kalo ingin bayar tagihan, karena transaksi bs dilakukan di PLN Mobile dgn metode pembayaran yg beragam. Yuk langsung ajak keluarga kamu buat jadi pengguna PLN Mobile. Tks. -FE",2025-12-02 01:36:45,5.2.75,semua keluhan pelanggan bisa dijadikan lewat pln mobile
d43f726b-2ac5-413c-9d6a-2b578b182128,Hamdani Hamdani,https://play-lh.googleusercontent.com/a/ACg8ocLfYP-GcweBS2PrUoZFDLSdHSwfro7_jQRZdLOKqN2I1oNeHA=mo,pln mobile membantu dan mempermudah transaksi dan naik daya,5,0,,2025-12-11 13:02:34,"Terima kasih banyak atas ulasannya Kak Hamdani. Kami hadirkan PLN Mobile supaya kamu gak perlu ribet lagi. Semua ada dalam satu genggaman. Kadang yang kita butuhin cuma solusi simpel, tapi ngaruh ke seluruh hari. Gak seru kalau nikmatin kemudahan sendirian. Ajak yang tersayang cobain PLN Mobile juga ya. Lagi ada banyak kejutan seru. Thanks. :) -SH
",2025-12-12 06:29:39,,pln mobile membantu dan mempermudah transaksi dan naik daya
8d875d1d-6f50-46d4-99ce-16791f752105,Fendy 99,https://play-lh.googleusercontent.com/a/ACg8ocK3JvTS3ktkv8HIWrjbRNA4-Z87tEEb-Bs7HkzsT4m2QqPynQ=mo,"sangat membantu untuk keluhan listrik,dan top sekali",5,0,5.2.75,2025-12-11 13:02:29,"Mimin seneng banget liat ulasan dari Kak Fendy, thanks ya udh jd pengguna PLN Mobile. PLN Mobile hadir utk kasih kemudahan bagi penggunanya. Bayar tagihan atau beli token listrik ga perlu repot buat keluar rumah. Informasi mengenai event terdekat jg ada di PLN Mobile loh. Tunggu apa lagi, yuk ajak sahabat Kk buat download PLN Mobile. Tks. -FE",2025-12-01 03:46:56,5.2.75,sangat membantu untuk keluhan listrik dan top sekali
d7a09bbd-ff07-4cb0-8e6c-f0910fb671e4,surya suryalucha,https://play-lh.googleusercontent.com/a-/ALV-UjVPvhQOPhGHmb-NFqJbuxlAeZydqX0oXrdZZtQsev9iJAx66QvB,"wah PLN mobile sekarang sangat bermanfaat sekali,dengan PLN mobile ini kami sangat di permudah untuk melakukan laporan listrik padam secepatnya 💪🏻🔥⚡",5,0,5.2.75,2025-12-11 13:02:15,"Wah Kak Surya, senang PLN Mobile bisa bantu kamu hemat waktu & tenaga. Terima kasih atas ulasan & rating terbaiknya ya. Yuk tggu apalagi, rekomendasikan ke kerabat dan keluarga Kk utk download PLN Mobile. :) -IP",2025-06-03 04:52:41,5.2.75,wah pln mobile sekarang sangat bermanfaat sekali dengan pln mobile ini kami sangat di permudah untuk melakukan laporan listrik padam secepatnya
2f04de13-515a-4b6e-ac9f-b8521f0ef116,Hery 0505,https://play-lh.googleusercontent.com/a/ACg8ocKLJDIlZMTXr_mMrgJQ-4wwH-fGAG51irf66St9ZB7CFrOU_w=mo,aplikasi sangat berguna bagi pelanggan,5,0,,2025-12-11 12:59:45,"Makasih banyak ya Kak atas review nya. PLN Mobile emang jagonya bikin hidup lebih praktis. Mulai dari bayar listrik, beli token, sampai urus pasang baru dan tambah daya, semua bisa dari Hp aja. Yuk ajak orang tersayang download juga. Bareng-bareng nikmatin hidup yang lebih praktis. Thanks. -SH
",2025-12-12 06:29:23,,aplikasi sangat berguna bagi pelanggan
49136793-9adf-451c-bebb-8ee4f71931c9,Adam adriansyah,https://play-lh.googleusercontent.com/a/ACg8ocL8suqqMVafcP9PZ6Qfz3rjCpw23fRo_kpNhetKFVTgPjHBbA=mo,sangat membantu sekali semakin mudah hanya digenggaman...,5,0,5.2.75,2025-12-11 12:58:21,"Hello Kak Adam. Waaah oke banget nih penilaian ama reviewnya. Nikmati jg fitur penyambungan baru & tambah dayanya ya Kak, semua mudah dalam satu genggaman. Salam PLN Terbaik - HD",2023-02-17 10:35:47,5.2.75,sangat membantu sekali semakin mudah hanya digenggaman
ba4a8434-f8ef-4655-aa47-9a64ac66618b,Anjasmara Perawang,https://play-lh.googleusercontent.com/a/ACg8ocIfoohEsGU3zOgFURJn-Xputc0qdXVbOx6BwzKCUTgcjh8uwA=mo,aplikasinya bagus sangat membantu kami dalam membuat laporan gangguan listrik,5,0,5.2.75,2025-12-11 12:58:15,"Terima kasih ya Kak atas feedback positif dan rating supernya. Senang banget PLN Mobile bisa jadi andalan buat urusan listrik Kakak. Semua bisa dilakukan dengan cepat dan praktis. Yuk terus dukung kami dan ajak juga teman/keluarga pakai PLN Mobile. Sama-sama nikmatin layanan sat set. -SH
",2025-12-12 06:29:15,5.2.75,aplikasinya bagus sangat membantu kami dalam membuat laporan gangguan listrik
b5a9940b-4e09-4144-9b4c-2c8f7888b476,SUHAR TADI,https://play-lh.googleusercontent.com/a-/ALV-UjVGs264pM-i7sjrDKxM5J35R6ET5-N9fVGy0US3JzaTgsqkPw,"aplikasi sangat bagus,buat laporan gangguan kelistrikan jadi lebih mudah",5,0,5.2.75,2025-12-11 12:58:01,"Makasih Kak udah support PLN Mobile. Ulasannya bikin hati kami hangat. Kami terus semangat kasih layanan terbaik. Yuk sebarkan kemudahan ini ke keluarga & sahabat juga, biar semuanya bisa nikmatin layanan sat set tanpa ribet. Have a wonderful day. -SH
",2025-12-12 06:29:11,5.2.75,aplikasi sangat bagus buat laporan gangguan kelistrikan jadi lebih mudah
0736bb60-0763-407a-b8e5-096d4e3b9ade,Ridhofatur Rahman,https://play-lh.googleusercontent.com/a/ACg8ocJ9NTjcRRyWFfKydW_GN4FQQwIlhVTzyvAk0O0d96bcRk8ufw=mo,"pelayanan ulp perawang sangat cepat dan tanggap,aplikasi pln mobile bisa mempermudah untuk pengaduan gangguan",5,0,5.2.75,2025-12-11 12:58:01,"Terima kasih banyak atas apresiasinya Kak Ridhofatur. PLN Mobile akan terus berkembang biar makin nyaman digunakan. Semoga kemudahan yang dirasakan juga bisa dirasain orang-orang terdekat Kk. Cus ajak mereka pakai juga, biar hidup makin ringan. -SH
",2025-12-12 06:29:06,5.2.75,pelayanan ulp perawang sangat cepat dan tanggap aplikasi pln mobile bisa mempermudah untuk pengaduan gangguan
1b3ad856-6401-4c43-bc9b-09b987a19a97,Ebeb Zha,https://play-lh.googleusercontent.com/a-/ALV-UjVo5OLh8ywxhWrnzu9Q-D9MQSs64ZLcdkz-Xouy8i7eV4KzZcQ,dahsyattt,5,0,,2025-12-11 12:56:31,"Thank you Kak. Ulasan dan bintangnya bikin hari kami cerah. Senang banget aplikasi PLN Mobile bisa jadi teman setia buat urusan listrik. Yuk bareng-bareng nikmatin kemudahan ini, ajak keluarga dan teman download juga ya. Stay happy and healthy. -SH
",2025-12-12 06:28:56,,dahsyattt
ba1b01ba-db9d-4322-a871-23cdcf3fab49,Herlin Budikasih,https://play-lh.googleusercontent.com/a/ACg8ocIDlQeJo4MWPxkpD3JIYMDBqaPkp5wq5nLQRapGwTcQnVHYwg=mo,trimakasih karena sudah sangat membantu,5,0,5.2.75,2025-12-11 12:55:12,"Wah makasih Kak Herlin, rating dan ulasannya bikin kami tambah semangat nih. Kami senang PLN Mobile bisa bantu urusan listrik jadi makin praktis. Karena hidup udah cukup ribet, urusan listrik jangan ikut ribet dong. Share juga ke sahabat dan keluarga ya. -SH
",2025-12-12 06:28:44,5.2.75,trimakasih karena sudah sangat membantu
5e4d641a-4297-4d4b-aaf2-416c93f71f38,Manto Furza,https://play-lh.googleusercontent.com/a/ACg8ocIfc395f2XK-hoWrKvFdrEEDZz-5R09Ka1e7_BSw59gMtisAQ=mo,Aplikasi PLN Mobile sangat mempermudah pelayanan pelanggan,5,0,5.2.75,2025-12-11 12:54:34,"Terima kasih banyak Kak atas rating dan ulasannya yang bikin semangat. Senang banget PLN Mobile bisa jadi andalan buat semua kebutuhan listrik. Hidup makin mudah di ujung jari. Jangan lupa ajak orang terdekat download juga yaa. Sehat dan bahagia selalu. -SH
",2025-12-12 06:28:26,5.2.75,aplikasi pln mobile sangat mempermudah pelayanan pelanggan
2491a82c-91b0-41b6-b474-86dae2e14295,Fahri Iksan,https://play-lh.googleusercontent.com/a/ACg8ocJLPzYptw0uHkQfPrz4W5Eit1ePFN22vEwR1lx5IOVQqe_sSs05=mo,trimakasih,5,0,5.2.75,2025-12-11 12:53:53,"Makasih banyak ya Kak Fahri atas rating dan ulasannya yang kece. Dukungan Kakak bikin kami makin semangat kasih layanan terbaik lewat PLN Mobile. Mulai dari cek tagihan, beli token, sampai pengaduan jadi gampang banget. Share juga ke bestie ya, biar hidup makin praktis bareng. Sehat selalu. -SH
",2025-12-12 06:28:20,5.2.75,trimakasih
6a153f48-d9df-448f-b946-f9dd5757c600,Hendrik Suparmanto,https://play-lh.googleusercontent.com/a/ACg8ocLgSkVSAdPLkBP5bZE_FWvI5B9XrXnoUi5krWuqhgHd7y0ETQ=mo,Joss Tenan,5,0,5.2.75,2025-12-11 12:52:17,"Wiih, tks ya Kak Hendrik feedbacknya. Cukup buka aplikasi, semua urusan listrik langsung beres. Sehat terus ya. -SU
",2025-09-16 02:06:28,5.2.75,joss tenan
08b362aa-9db9-4850-ba09-0e3349379e56,Muhammad Taufik Yulianto,https://play-lh.googleusercontent.com/a/ACg8ocLYaL3uvLw04mqfw_nNEftfmIdida0cjzjKhnM4_Af36VOVBA=mo,"aplikasi sangat bagus,,respon petugas cepat,, terimakasih pln mobile",5,0,,2025-12-11 12:51:53,"Kak Taufik, makasih banyak udah kasih rating keren & review yang menyenangkan. Dukungan kayak gini jadi semangat kami untuk terus kasih layanan terbaik lewat PLN Mobile. Biar tambah seru, yuk ajak teman dan keluarga coba juga. Hidup lebih mudah, semua bisa dari genggaman. Sehat selalu ya. -SH
",2025-12-12 04:28:53,,aplikasi sangat bagus respon petugas cepat terimakasih pln mobile
3a729049-a3dd-47e3-9438-e4b2e405345a,manahan hasibuan,https://play-lh.googleusercontent.com/a-/ALV-UjVfSJFUBRrx4-TZQ-XcSdkYppLNsay8PQPnfND-8T66wP3uG7Sa,"Simpel, aman dan mudah di akses",5,0,5.2.75,2025-12-11 12:51:35,"Makasih banyak Kak atas ulasannya yang kece dan rating yang super bagus. PLN Mobile makin semangat bantu semua kebutuhan listrikmu, dari info tagihan sampai pengaduan sat set. Satu bintang bersinar terang, lima bintang jadi semangat juang. Share ke bestie kamu juga dong. Biar sama-sama gampangin hidup. Sehat terus yaa. -SH
",2025-12-12 04:28:47,5.2.75,simpel aman dan mudah di akses
ff7aadd1-4cce-49d6-8122-c46c9328235b,Candra Pwdd,https://play-lh.googleusercontent.com/a-/ALV-UjUovRFHzmK9ghQCo4aeoNkt0F7iwDEuDlAZTgP41njPvoRtcasV,mantulllll,5,0,5.2.75,2025-12-11 12:51:08,"Makasih banyak ya Kak Candra, udah kasih ulasan positif buat PLN Mobile. Seneng banget rasanya kamu ngerasa terbantu. Semua makin gampang, tinggal satu sentuhan di genggaman. Karena kadang, hal besar dimulai dari kemudahan kecil yang bikin nyaman. Share ke bestie kamu juga dong. Biar sama-sama gampangin hidup. Sehat terus yaa. -SH
",2025-12-12 04:28:42,5.2.75,mantulllll
723bdd48-42f2-43bd-950f-680f5fed298f,Elze Zeze,https://play-lh.googleusercontent.com/a/ACg8ocKx80wTDjka-55T6oNjhCBEYv2u-fLY99Akldu4R0kI3zK0kw=mo,aplikasi ini sangat bagus sangat berguna bagi saya,5,0,5.2.75,2025-12-11 12:49:54,"Makasih banget ya Kak. Kami seneng PLN Mobile bisa jadi sahabat andalan buat urusan listrik. Semoga makin praktis dan memudahkan terus ya. Jangan lupa share pengalaman ini ke temen atau keluarga, biar mereka juga ikutan. SatSet bareng PLN Mobile. Have a nice day. -SH
",2025-12-12 04:28:35,5.2.75,aplikasi ini sangat bagus sangat berguna bagi saya
8141d71a-a962-4486-ba8e-0773f7be7f1b,Amir Udin,https://play-lh.googleusercontent.com/a/ACg8ocKFJX8cYPca1MbizCgAcyO-dsjUFJtUimFtlY3GQxdtEwne1A=mo,pokoknya terbaik,5,0,,2025-12-11 12:49:15,"Makasih banyak ya Kak Amir atas review terbaiknya. Senang banget PLN Mobile bisa bantu dan bikin urusan listrik jadi lebih gampang. Aplikasi ini emang user friendly banget, semua menu jelas dan mudah diakses. Kemudahan yang dirasakan hari ini adalah hasil dari niat tulus memberi pelayanan. Have a nice day. -SH
",2025-12-12 04:28:32,,pokoknya terbaik
7c02f90b-29fe-4bfb-a346-4c16d7a1cc49,Evan Anindita,https://play-lh.googleusercontent.com/a-/ALV-UjU9F9ZIBPZ44tH--EkZlUrbZqzqjQRsH7JrVfGSV98p1lQ_Gzk,mantap,5,0,5.2.75,2025-12-11 12:48:37,"Halo Kak Evan, makasih banyak atas feedback nya. Kami happy banget tau PLN Mobile bisa jadi solusi praktis buat keseharian Kakak. Yuk terus manfaatkan fiturnya, dan kalau oke, bolehlah direkomendasikan ke orang terdekat. Semoga selalu dimudahkan urusannya. Have a nice day. -SH
",2025-12-12 04:28:26,5.2.75,mantap
d70e4731-09f2-4279-95fb-64faec910513,miftah dudi,https://play-lh.googleusercontent.com/a-/ALV-UjXoMs1pg1gdcb3oE1Ky11cSeN02WRetFr1vd6rRUEVFlSg4oa4j,harga tokennya kalau bs lbh murah,5,0,5.2.75,2025-12-11 12:48:28,"Makasih ya Kak miftah udah sempat kasih ulasan. Kami seneng banget dengar pengalaman positif Kakak. PLN Mobile emang hadir buat bikin urusan kelistrikan jadi lebih simpel. Kalau cocok, jangan pelit share ya ke bestie atau keluarga. Biar bareng-bareng hidup makin sat set. Thanks. -SH
",2025-12-12 04:28:19,5.2.75,harga tokennya kalau bs lbh murah
c2aefd6c-8b24-42b1-864a-cf7b98e1bfac,Nadali Halo,https://play-lh.googleusercontent.com/a/ACg8ocKDuZohjyjM2g9V_Xy8YcE9NkR7LH__qQqo4vgWGToO4Wu-XQ=mo,mantab bang josjis lah pokok 🙏,5,0,,2025-12-11 12:48:19,"Terima kasih, Kak Nadali. Kami ikut senang kalau PLN Mobile bisa bantu dan bikin urusan listrik makin gampang. Mau bayar, ubah daya, atau lapor gangguan, tinggal klik aja. Yuk, share juga ke temen atau keluarga biar mereka ngerasain kemudahannya. Sehat dan semangat selalu yaa. Sehat selalu. Tks -SH
",2025-12-12 04:28:13,,mantab bang josjis lah pokok
c22ec270-67ee-44d0-a0d8-1ee3e318d0fb,Icuk Wintoko,https://play-lh.googleusercontent.com/a/ACg8ocLiMiNEGA94v2brMBLmoDZTICoRihWE9EvhfogMNOrTEgodkA=mo,sangat membantu dan mempermudah kita,5,0,5.2.75,2025-12-11 12:48:03,"Wah, makasih banyak Kak. Kami happy banget tau PLN Mobile beneran bermanfaat buat kebutuhan listrik Kakak. Semoga fiturnya makin memudahkan hari-hari Kakak ya. Jangan lupa ajak sahabat atau keluarga cobain juga. Hidup lebih ringan bareng PLN Mobile. Tks -SH
",2025-12-12 04:28:07,5.2.75,sangat membantu dan mempermudah kita
a2cb7e34-addc-44e3-9929-b7ea01745343,Ahmad Rizal,https://play-lh.googleusercontent.com/a-/ALV-UjUhn-zs1d0xiZvDb5poZpXRa3ycb2ePaMa0Ook6Ms7emKde-8k,apk sangat membantu,5,0,5.2.75,2025-12-11 12:47:16,"Terima kasih banyak ya Kak Ahmad atas ulasan manisnya. Seneng banget dengar PLN Mobile bisa bantu urusan listrik Kakak jadi lebih praktis. Dari bayar tagihan sampai urus gangguan, semua dalam genggaman. Jangan lupa kasih tahu temen atau keluarga juga ya. Semoga hari-harinya makin nyaman. -SH
",2025-12-12 04:28:04,5.2.75,apk sangat membantu
546c61fe-2c74-493f-b60c-bae86102e392,Dedi Kurniawan,https://play-lh.googleusercontent.com/a-/ALV-UjVHgC3SX9eUq9D60Z8_7qhM1NNQpRK4sTm6OETzYyp4CZdjY_-ZBw,"mau pasang wifi,susah,tidak ter cover padahal tetangga pada pake",2,0,5.2.75,2025-12-11 12:44:20,"Halo Kk Dedi. Jikalau memang wilayah terdekat sekitar Kk sdh terpasang ICONNET namun pemasangan blm tercover sampai di lokasi Kk, hub CC ICONNET di 150678/ Whatsapp 081112002123/ surat elektronik: cc.iconnet@iconpln.co.id/ unduh apk MyICON+ di PlayStore. ICONNET trs berupaya membangun koneksi jaringan yg lbh luas agar dpt dinikmati pengguna. :) -MF",2025-12-11 13:07:01,5.2.75,mau pasang wifi susah tidak ter cover padahal tetangga pada pake
0258f35c-1ce0-40be-9631-1668ac459176,Melkias Loho,https://play-lh.googleusercontent.com/a-/ALV-UjXo7Dl9a211ogXykwVF31fbc-OclqsDfG0v4tLRoLfwwZcMJl7E,aplikasi PLN mobile memang mantap,5,0,5.2.75,2025-12-11 12:44:01,"Makasih banyak ya Kak Melkias atas supportnya. Masukannya bikin kami makin semangat buat terus kembangkan PLN Mobile biar makin top. Setiap langkah kecil inovasi lahir dari semangat besar para pengguna setia. Yuk ajak teman & keluarga cobain juga PLN Mobile. Sehat selalu. -SH
",2025-04-23 07:44:12,5.2.75,aplikasi pln mobile memang mantap
36208297-be8a-49cd-af61-b766f11729d5,Madnardi Ardi,https://play-lh.googleusercontent.com/a/ACg8ocI2Lq_e2uXzr02zqX6mMCgOvJjqnhZ5np-e35LtYF7zudkmqw=mo,PLN mobile sangat membantu untuk kelistrikan,5,0,5.2.75,2025-12-11 12:43:45,Hello Kakak Ardi. Trims ya buat bintang 5 nya. PLN Mobile anti ribet. Yok ajak temenmu tuk download sekarang juga. Stay Safe -AS,2025-08-27 19:16:26,5.2.75,pln mobile sangat membantu untuk kelistrikan
89395871-4e83-4fa0-bdee-adb3851b7e82,zakariyah Alfian,https://play-lh.googleusercontent.com/a-/ALV-UjVNjBlNkWpoGmZEohaW5FYJY6dt0_WyS3pn6k_q-WqBDZQQHhtJ,"Aplikasi sangat bagus sekali dan sangat lengkap, banyak fitur yang sangat membantu buat para pelanggan, sukses terus PLN..♥️fitur swacam sangat mudah buat pelanggan ♥️",5,0,5.2.75,2025-12-11 12:43:20,"Wah seneng deh baca ulasannya Kak Zakariyah. Ingin tau biaya Pasang Baru, klik ajah menu simulasi biaya di PLN Mobilemu, semua makin mudah. Trims ya Kak -TR
",2025-08-29 19:05:33,5.2.75,aplikasi sangat bagus sekali dan sangat lengkap banyak fitur yang sangat membantu buat para pelanggan sukses terus pln fitur swacam sangat mudah buat pelanggan
dd4cdcb1-9e0e-47f5-879a-7a8ba4af76da,Sutarno Ady,https://play-lh.googleusercontent.com/a-/ALV-UjWeV0aMkm_RBF7CvgP6XsaDxklAUvQaSqncs2mIm07jlQm-nx8,aplikasi mantap bisa beli token tanpa harus keluar rumah..jozz gandos wes pokoe......,5,0,5.2.75,2025-12-11 12:38:59,"Terima kasih banyak ya Kak Sutarno atas ulasannya. Kami senang banget PLN Mobile bisa jadi solusi buat pelaporan gangguan listrik. Gampang banget kan, tinggal lapor, petugas langsung tanggap. Pelayanan yang cepat dan tepat adalah cara terbaik menjaga kenyamanan hidup. Share ke bestie kamu juga dong. Biar sama-sama gampangin hidup. :) -SH
",2025-12-12 04:27:43,5.2.75,aplikasi mantap bisa beli token tanpa harus keluar rumah jozz gandos wes pokoe
04c500e8-96a0-4b5f-a29e-c369ac67c1a5,LALALA SIYOU,https://play-lh.googleusercontent.com/a/ACg8ocI4zDQeI-g8aSUUdEX70jcivFuBytmSKOoBeN0LUiSaLhuBHw=mo,kereeen bangets apk pln mobile..pelayanan cepat dan petugas ramah mantap PLN,5,0,,2025-12-11 12:38:08,"Makasih ya Kak, dukungan Kk bikin kami makin semangat. Senang tau PLN Mobile bisa bantu urusan listrik Kk dgn mudah. Kami bakal trs upgrade fitur agar makin mantap. Jangan lupa kasih tahu teman juga ya. PLN Mobile, solusi kelistrikan keluarga Indonesia. :) -SH
",2025-12-12 04:27:38,,kereeen bangets apk pln mobile pelayanan cepat dan petugas ramah mantap pln
cd42e5fa-a63d-4f84-9fb4-c06cab1c6666,Paijo slamet,https://play-lh.googleusercontent.com/a/ACg8ocKQT-36jNVeUEG6tL7Ev-hEcfneV59wFbcytZ924McMamd8VA=mo,pln tambah keren,5,0,5.2.75,2025-12-11 12:35:35,"Hai Kak Sindi. Tks Kak penilaiannya, semoga semakin setia menggunakan PLN Mobile. PLN Mobile anti ribet. yok aja temenmu tuk download sekarang juga. Salam PLN Terbaik. -MR
",2025-09-12 16:41:22,5.2.75,pln tambah keren
b229bd1d-2d25-409b-8b54-59e52a4eac03,cvriski utama,https://play-lh.googleusercontent.com/a-/ALV-UjWiKCRudZuEXN17Q7OA23wTubKEyRYUljyiUExKqGSBtNZ-4N8,mudah saat pengecekan pembayaran maupun isi token listrik,4,0,5.2.75,2025-12-11 12:34:33,"Hai Kk Riski, thanks ya. Di era perkembangan digital, pastinya PLN Mobile kami hadirkan sbg platform dlm memenuhi semua keperluan listrik rumah agar makin mudah hanya dlm 1 genggaman apk. Bila Kk sdh terbantu dgn adanya layanan digital PLN ini, yuk ganti bintangnya jd 5. Jk ada yg ingin di sharing, Kk tinggal info ke media layanan resmi PLN. :) -MF",2025-12-11 12:59:56,5.2.75,mudah saat pengecekan pembayaran maupun isi token listrik
9f5b40aa-5133-413f-aa95-c313de9f92bd,Lilies Nurani Dewi,https://play-lh.googleusercontent.com/a/ACg8ocIn6oAUm7JeXFkR7MVXolg4L2fmi8J_tZYbI05F_YyH9QiEQA=mo,PLN Mobile Terbaik,5,0,5.2.75,2025-12-11 12:33:29,"Hai Kak Lilies, terima kasih sudah memberikan rating cantiknya. Yuk Kak perbanyak transaksimu di PLN Mobile, bakalan dapet kupon undian hadiahnya loh. Tks Kk' :) -SU
",2025-09-16 02:17:06,5.2.75,pln mobile terbaik
91c23587-a6b8-44a9-a708-4669c7352054,Dirin 84,https://play-lh.googleusercontent.com/a/ACg8ocJ_MIfh_Zp--qCgHevCI_nXBKMsGGGmfr7YWxGDplPmZFOSow=mo,aplikasi PLN mobile Sangat membuat untuk layanan gangguan listrik padam,5,0,5.2.75,2025-12-11 12:33:25,"Halo Kak, makasih ya ats reviewnya. PLN Mobile hadir utk ringankan urusan pelanggan. Dr beli token, ubah daya, smpai buat pengaduan, semua bisa sat set. Support Kk bikin kami makin semangat berinovasi. Yuk ajak orang terdekat pakai jg biar makin nyaman. :) -SH
",2025-12-12 04:27:35,5.2.75,aplikasi pln mobile sangat membuat untuk layanan gangguan listrik padam
5a10b017-763d-40cb-bdae-336b8b3c4a35,Anam,https://play-lh.googleusercontent.com/a/ACg8ocKRurNCXaq1fA93pNOwfwzaCt2jGCGw3chsd3ZaprajL0lmlg=mo,sangat baik,5,0,5.2.75,2025-12-11 12:32:56,"Tks ya Kak Anam ats ulasan positifnya. Kami seneng bgt tahu PLN Mobile bisa bantu keseharian Kk. Semua fitur kami hadirkan utk mudahkan urusan listrik. Mhn dukungan & saran Kk utk kami terus berkembang. Yuk share pengalaman ini ke bestie. PLN Mobile makin sat set. Tks. -SH
",2025-12-12 04:27:30,5.2.75,sangat baik
c1025d32-8c7d-438f-b69b-79a4f0120494,ABDEE SAPROOL,https://play-lh.googleusercontent.com/a/ACg8ocJHicZ9MpGCQIxV4HOCed3hZzUSpcEfpucp7gwRLaw415ViMA=mo,Mantap dan Keren 💋💋💋,5,0,5.2.75,2025-12-11 12:31:57,"Hai Kak Abdee, terima kasih ya penilaiannya. Mau pasang baru, ga perlu ribet langsung daftar aja di PLN Mobile. Tks Kk' :) -SU
",2025-09-16 02:17:30,5.2.75,mantap dan keren
37cdffae-755c-4128-ab89-099dbfcdeaa3,La ode Andi,https://play-lh.googleusercontent.com/a/ACg8ocKXY3rnTStFmPuBhrNNgbYk4KHBqwyUGaCeW8meodPjNqchTg=mo,dulu kalau mau lapor gangguan listrik harus ke kantor PLN sekarang bisa dari rumah,5,0,,2025-12-11 12:31:27,"Terima kasih banyak Kak. Kami senang PLN Mobile bs jadi solusi kelistrikan Kk. Semua fitur kami kembangkan agar nyaman & cepat. Trs gunakan ya, biar makin akrab sm aplikasinya. Jangan lupa ajak teman pakai jg. PLN Mobile, partner setia urusan listrikmu. Sehat selalu. :) -SH
",2025-12-12 04:27:26,,dulu kalau mau lapor gangguan listrik harus ke kantor pln sekarang bisa dari rumah
3034ef18-026f-4bc0-bb60-082c7da67c22,Rose Hassan Toha,https://play-lh.googleusercontent.com/a/ACg8ocJq5-ObfT1ASWnJCkrkwHkiUxK3Gxt_owBhsI3UiSROiYdPng=mo,sangat memuaskan pelayanannya,5,0,5.2.75,2025-12-11 12:31:14,"Makasih ya Kak, reviewnya keren bgt. Kami seneng bisa bantu kebutuhan listrik Kk. PLN Mobile dibuat agar semua urusan listrik bisa selesai di genggaman. Dukungan Kk penting bgt buat kami utk trs berkembang. Share ya ke org terdekat biar sama-sama nikmati kemudahan. Thanks. -SH
",2025-12-12 04:27:21,5.2.75,sangat memuaskan pelayanannya
168badb4-a3a8-4bab-8a4b-b7de708005cf,Theguh IW '18,https://play-lh.googleusercontent.com/a/ACg8ocJ5_HcrtrBgI9alL-hauf-oL2dFSTqD2J6Yn4BMvoTZCk7tzQ=mo,Semakin Mudah dan Cepat 👍👍👍,5,0,5.2.75,2025-12-11 12:30:18,"Tks ya Kak Theguh, buat bintangnya. Ayoo beli token melalui PLN Mobile, kini makin mudah dan terjangkau. Kakak bisa beli token mulai dari 5.000 Rupiah saja. Salam PLN Terbaik -SU
",2025-09-16 02:18:25,5.2.75,semakin mudah dan cepat
a236719e-259b-4608-a5f8-38bac124ae75,Mahfud Busra,https://play-lh.googleusercontent.com/a/ACg8ocIJgLh8mGwLW56NFPgq4BiuupEYwUSy1ti1jKSHCLa_8MT2ZQ=mo,pln mobile sangat membantu dalam mengecek tagihan bulanan Dan membeli token,5,0,5.2.75,2025-12-11 12:29:10,"Hai Kak Mahfud, makasih bgt udh berbagi pengalaman. Seneng rasanya tau PLN Mobile bantu Kk dlm hal listrik. Dari bayar tagihan, cek info, smpai aduan, semua sat set. Kami siap terus kembangin fitur supaya lbh mantap. Yuk bantu viralkan biar makin bnyk yg terbantu. Sehat & bahagia slalu. :) -SH
",2025-12-12 04:27:17,5.2.75,pln mobile sangat membantu dalam mengecek tagihan bulanan dan membeli token
c467aa6b-d65a-41e8-9ca1-6590f21a24c4,RAndi,https://play-lh.googleusercontent.com/a/ACg8ocIMYjPw4txtW_e-jZDk2GY71wPX2vf5ylbwLUWW3nt-OLPkpA=mo,mudah digunakan dan buat laporan gangguan listrik cepat responnya,5,0,,2025-12-11 12:29:03,"Thanks Kak atas review manisnya. Kami bangga PLN Mobile bisa kasih manfaat real buat Kk. Semua fitur disusun supaya praktis & ramah pengguna. Kami siap dengerin masukan lainnya juga ya. Yuk bareng teman, nikmati pengalaman mudah lewat PLN Mobile. Sukses & sehat slalu ya Kak. :) -SH
",2025-12-12 04:27:12,,mudah digunakan dan buat laporan gangguan listrik cepat responnya
28ee38b6-2ebd-4daf-af0c-c100a488a489,Ahmad Rifai,https://play-lh.googleusercontent.com/a/ACg8ocKT45SxciC6ZV1LlQoOb662in_z5nfPm-pgP8Cv1pRR1Pc5Gg=mo,Sangat membantu untuk baca meter pascabayar dan beli token listrik,5,0,5.2.75,2025-12-11 12:27:27,Hi Kak Ahmad. Waah makasih ya buat feedback dan bintang 5 nya. Cus rekomendasi ke tmn2 kmu juga ya Kak buat gunain PLN Mobile. Stay Healthy -PP,2024-06-09 01:56:35,5.2.75,sangat membantu untuk baca meter pascabayar dan beli token listrik
9c93683d-c4db-4d33-832f-aee9f4889113,ahmad texas,https://play-lh.googleusercontent.com/a-/ALV-UjVfcxcEJqb2bs8WUBUx2wFS7jcS7oL0U5xhgLXqJmhfFPImCYvn5w,Prosesnya transaksiya cepat.,5,0,5.2.75,2025-12-11 12:24:44,"Senangnya kalo PLN Mobile udah mempermudah aktivitas Kk, terima kasih ya Kak udah melakukan transaksi di PLN Mobile. PLN Mobile terus kasih kemudahan buat pelanggan dalam hal kelistrikan. Recommended banget nih buat teman dan sahabat Kk kalo butuh yg cepat dan praktis. Sukses selalu ya. :) -FE",2025-11-28 02:02:28,5.2.75,prosesnya transaksiya cepat
e2866435-9f2e-4497-92c4-4caa1451e253,Kristo suatrean,https://play-lh.googleusercontent.com/a/ACg8ocJxdspOh9MEmvprphHFosrgMm1BMV58uJGxpy_2xxWG9_HsXw=mo,"sangat mudah ketika melakukan pengaduan, mcb nya rusak langsung diganti dong makasih pln",5,0,,2025-12-11 12:24:43,"Terima kasih Kak Kristo utk feedback positifnya. PLN Mobile diciptakan utk kasih kemudahan mulai dari bayar listrik, ubah daya, hingga pengaduan. Kami bakal terus update fitur supaya makin responsif. Yuk bantu sebar info ini ke sahabat Kk. Bareng PLN Mobile, urusan listrik makin sat set. :) -SH
",2025-12-12 04:27:08,,sangat mudah ketika melakukan pengaduan mcb nya rusak langsung diganti dong makasih pln
68f18086-9b5b-4025-906c-88e50db7c6aa,Dian Kelana,https://play-lh.googleusercontent.com/a/ACg8ocIhCq0vIkYD0IwIs5K2s4ZN__eIP7u1_j86U_QAOVBJwm-Xdw=mo,respon yang sangat cepat..terima kasih pln.,5,0,5.2.75,2025-12-11 12:24:25,"Makasih banyak ya Kak Dian, ulasannya bikin tim makin semangat. Kami senang dengar PLN Mobile bisa bantu Kk dlm aktivitas kelistrikan. Dari bayar listrik sampai urus perubahan daya, semua lbh simpel. Trus pantau ya fitur-fitur baru kami. Share juga ke temen & kerabat. Smg harimu selalu cerah bareng PLN. :) -SH
",2025-12-12 04:14:45,5.2.75,respon yang sangat cepat terima kasih pln
952c5247-a456-4428-bf08-8fdf056a0e1a,Jeconia Raven,https://play-lh.googleusercontent.com/a-/ALV-UjXilmbyn83W_ucfz5j0FN9RfqREt4ZNHd5mPtv6qrz1lyEaI0_t,Terima kasih Pelayanan Cepat dan Sigap🙏🏻,5,0,5.2.75,2025-12-11 12:24:19,"Makasih banyk ya Kak atas ulasannya. Kami seneng dengar PLN Mobile dpt mudahkan urusan listrik Kk. Mulai dr bayar tagihan, beli token, hingga lapor gangguan bs lbh praktis. Masukan Kk jadi semangat kami utk trs berinovasi. Yuk ajak teman & keluarga pakai juga. Smg harimu menyala terus bareng PLN Mobile. :) -SH
",2025-12-12 04:14:36,5.2.75,terima kasih pelayanan cepat dan sigap
5af17978-5c2d-4d28-bc7e-669c85363392,Dede Awaludin,https://play-lh.googleusercontent.com/a/ACg8ocLiugaWEQ-QDh5OHFwFQRLDpI8QzT06f_CPFf3szFMhZjR-Oo9D=mo,Apk sangat lengkap dan mudah sangat membantu sekali dan respon cepat,5,0,5.2.75,2025-12-11 12:22:55,"Wah seneng deh baca ulasannya Kak Dede. FYI nih kak, di PLN Mobile banyak banget promonya lho, Kakak bisa share ke Temen dan Keluarga ya kak.Have a nice day. -AS",2025-04-02 16:32:03,5.2.75,apk sangat lengkap dan mudah sangat membantu sekali dan respon cepat
c8f18444-746e-45ed-ad78-3e12d696df21,Okto Vano,https://play-lh.googleusercontent.com/a/ACg8ocJgsOi35MgdYfYg7JKxq1qp518HRaO8Tdt7wq5hvKv64uQ4yA=mo,aplikasi pln mobile sangat membantu untuk layanan gangguan listrik padam,5,0,5.2.75,2025-12-11 12:20:25,"Makasih banyak ya Kak Okto atas supportnya. Masukannya bikin kami makin semangat buat terus kembangkan PLN Mobile biar makin top. Setiap langkah kecil inovasi lahir dari semangat besar para pengguna setia. Yuk ajak teman & keluarga cobain juga PLN Mobile. Sehat selalu. -SH
",2025-12-12 03:39:29,5.2.75,aplikasi pln mobile sangat membantu untuk layanan gangguan listrik padam
6e712da6-985e-4196-8590-2ebd7bb2ac58,Angga Setia Rachman,https://play-lh.googleusercontent.com/a/ACg8ocKQk0o0N8X-QpTw1Ex2URGA9wdOr5Oi4aP-4IkQillis35-zw=mo,oke,5,0,5.2.75,2025-12-11 12:20:25,"Terima kasih ya Kak Angga. Kamu udah buktiin sendiri, urusan listrik bisa cepat dan praktis. Kami terus semangat tingkatin layanan. Karena senyum pelanggan itu semangat buat kami. Udah cobain dan suka? Cus ajak yang lain juga ya. PLN Mobile makin praktis, semua jadi lebih mudah. Semoga harinya cerah terus. -SH
",2025-12-12 03:39:22,5.2.75,oke
6253c008-2760-4334-9dd9-d8b477f60cc3,Arix Pinatih,https://play-lh.googleusercontent.com/a-/ALV-UjVxICKIGFDtSnf83U6BJho3oWav2llMRZz3P6GwYE-hHvcyA6uQ,Semakin dipermudah dengan adanya pln mobile lapor gangguan dan pembelian pulsa listrik menjadi mudah,5,0,5.2.75,2025-12-11 12:20:01,"Wahh. Makasih buat penilaiannya. Semoga PLN Mobile bisa meningkatkan kemudahan dalam melayani pelanggan PLN. Ayo ajak keluarga/teman/kerabat untuk mendownload PLN Mobile dan nikmati kemudahannya. Salam PLN Terbaik. -CD
",2025-11-27 08:56:20,5.2.75,semakin dipermudah dengan adanya pln mobile lapor gangguan dan pembelian pulsa listrik menjadi mudah
c3688168-ea81-4154-9c4a-57b8b044bf9d,Ristian Aldi,https://play-lh.googleusercontent.com/a-/ALV-UjU0sAVTWXjEyskdp_0z5MX18Ih6N7uxKr-fuvSrjMGHGIjwVJ4,niceee,5,0,,2025-12-11 12:19:43,"Wah, makasih ya Kak Ristian udah sempatin kasih review positif. PLN Mobile bantu kamu biar gak perlu antre atau ribet ke luar rumah. Karena solusi pintar, gak harus rumit. Ayo rekomendasikan ke kerabat dan orang terdekat. Biar bareng-bareng nikmatin kemudahan urus listrik dari genggaman. Have a bright day. -SH
",2025-12-12 03:39:13,,niceee
a0da2ac7-4ee6-44ab-81fb-5c36e0588a15,merta baskara,https://play-lh.googleusercontent.com/a/ACg8ocJgjR0LOo8o6GFrcnNlBImTORlg7xDeUPXOxXCHSJkc_3i7cA=mo,Pln mobile sangat membantu untuk pembelian token listrik sangat gampang dan cepat. sangat bagus.,5,0,5.2.75,2025-12-11 12:18:14,"Hallo Kak Merta. Makasih ya Kak buat ulasannya ya, wah semoga pengalaman menggunakan PLN Mobile selalu menyenangkan ya Kak. Ditunggu update info dan promo lainnya ya Kak, dapat dilihat di menu Promosi & Informasi. Salam sehat selalu -AD",2025-09-04 02:20:57,5.2.75,pln mobile sangat membantu untuk pembelian token listrik sangat gampang dan cepat sangat bagus
bf3c64ac-d087-40d6-8faf-45e2fd4e3ff1,Yuri Orch,https://play-lh.googleusercontent.com/a/ACg8ocIQewWnnNiNO0uDTrGnmKmkhq_0tVGg4bTWPSG_wayaTiN5_A=mo,"pelayanannya cepat, respon teknisinnya cepat, kerjanya bagus",5,0,,2025-12-11 12:17:33,"Makasih banyak ya Kak Yuri. Seneng banget kamu puas. Semua layanan listrik ada di genggaman. Karena teknologi itu hadir buat memudahkan, bukan bikin bingung. Yuk ajak orang terdekat kamu cobain PLN Mobile juga, biar semua bisa ngerasain gampangnya layanan listrik digital. Have a great day-SH
",2025-12-12 03:38:57,,pelayanannya cepat respon teknisinnya cepat kerjanya bagus
f68aec5a-584e-4bda-894e-85950a6205b7,Muhamad Asep,https://play-lh.googleusercontent.com/a/ACg8ocKldwZdw7U3JAfhjdiVTNCJuBGe7QbreyK1OegQ2eAyrmq0mGo=mo,mantap,5,0,5.2.75,2025-12-11 12:15:44,"Terima kasih Kak Asep udah percaya PLN Mobile. Seneng rasanya bisa bantu Kaka. Aplikasi satu ini memang diciptakan buat hidup yang serba dinamis. Karena waktu kamu terlalu berharga buat dihabiskan nunggu. Jangan lupa sebarin info ke keluarga dan bestie kamu ya. PLN Mobile bikin semuanya jadi lebih simpel. Stay safe and happy. -SH
",2025-12-12 03:38:44,5.2.75,mantap
ea9da698-2787-4ab8-bc4a-bf7dc71aca82,Nurmalita,https://play-lh.googleusercontent.com/a/ACg8ocJZ5U5NWoiGlL8uy6_kfEoPzhaaY0K8CiA2iZz4DcVk_zOm_Q=mo,"Dengan adanya aflikasi PLN MOBILE Saya sangat terbantu sekali dalam hal pelaporan gangguan, pembayaran listrik, isi token dan hal lainnya.",5,0,5.2.75,2025-12-11 12:15:06,"Makasih banget Kak Nurmalita udah pakai PLN Mobile dan kasih review positif. Kami hadir buat bikin semuanya serba cepat dan praktis. Karena solusi cerdas datang dari hal-hal yang sederhana. Yuk ajak orang terdekat kamu cobain PLN Mobile juga, biar semua bisa ngerasain gampangnya layanan listrik digital. Have a great day. -SH
",2025-12-12 03:38:36,5.2.75,dengan adanya aflikasi pln mobile saya sangat terbantu sekali dalam hal pelaporan gangguan pembayaran listrik isi token dan hal lainnya
2b7f15ee-50bb-4c17-9661-aa593064b6ab,Puji Rahayu,https://play-lh.googleusercontent.com/a/ACg8ocIlQCnCCMcKbPml197KAV7DR-GD0i93KR5kewPbFNg7VMk8dg=mo,sangat bagusss pelayananya,5,0,5.2.75,2025-12-11 12:14:35,"Terima kasih ya Kak Puji udah share pengalaman menyenangkan bareng PLN Mobile. Dari beli token sampai pasang baru, semua tinggal klik. Karena kemudahan adalah bentuk kenyamanan sejati. Yuk ajak keluarga, teman, atau kerabat download PLN Mobile dan rasakan langsung manfaatnya. Semoga harimu menyenangkan ya. -SH
",2025-12-12 03:38:30,5.2.75,sangat bagusss pelayananya
dc7aab59-4b87-406c-8233-94731bc20db9,nana diryana,https://play-lh.googleusercontent.com/a/ACg8ocIpUqMOA0TVsgcrnXzxRlIBI88ZrTqY15IJrtIhkihONdXnQA=mo,Alhamdulillah adanya PLN mobile. sangad membantu masarakat.,5,0,5.2.75,2025-12-11 12:13:04,"Makasih ya Kak Nana udah kasih feedback positif. PLN Mobile bantu kamu biar urusan listrik makin simpel. Semua ada dalam satu aplikasi. Karena hidup gak harus ribet, apalagi soal listrik. Cus bagiin infonya ke bestie kamu juga ya Kak, biar bareng-bareng makin gampang urus listriknya. Sehat selalu. -SH
",2025-12-12 03:38:24,5.2.75,alhamdulillah adanya pln mobile sangad membantu masarakat
bc26a1c5-d5b6-452b-874b-89c77d59f2ca,Idho Ake,https://play-lh.googleusercontent.com/a-/ALV-UjVbASuy63wyRR9sjZIB9kqw1RXqGnYtgJVI0k-9GGjBoR_KIR8,TERIMAKASIH BAPAK PLN ATAS PELAYANANNYA.,5,0,5.2.75,2025-12-11 12:10:48,"Hi Kak Idho, waah makasih ya buat feedback dan bintang 5 nya. Ayo ajak keluargamu download PLN Mobile. Kamu bisa dapat informasi dan Promo PLN hanya dengan rebahan, loh. Trims ya Kak. -LA",2025-09-12 18:20:18,5.2.75,terimakasih bapak pln atas pelayanannya
e290c726-b846-4a56-a463-14dd09c1d4c7,Joko Rasya,https://play-lh.googleusercontent.com/a-/ALV-UjV9LbQp2QHjrOsAwNU_DKCJtQPj080Lygn9fQ6cwJrJdOPiR6-p,Proses lebih Mudah dan Bertabur Hadiah,5,0,5.2.75,2025-12-11 12:08:41,"Hai Kak Joko, Makasih buat ulasannya ya, wah semoga pengalaman menggunakan PLN Mobile selalu menyenangkan ya Kak. Keluargamu males buat keluar rumah hanya untuk bayar tagihan listrik, kuy rekomendasiin buat gunain PLN Mobile. Have a great day. -HM
",2025-09-23 09:26:07,5.2.75,proses lebih mudah dan bertabur hadiah
83788969-6dff-45ae-ad0e-70bf4bdb73fd,Dyan Indrayani,https://play-lh.googleusercontent.com/a-/ALV-UjXb1eAe4BgbN8QN0xirsmYjACHaU3asbsAHrwpA7_1ibXeKKpmLRQ,dengan aplikasi pln mobile sngt trbantu saat transaksi pembelian pulsa ataupun melapor gangguan,5,0,5.2.75,2025-12-11 12:07:05,"Wah seneng deh baca ulasannya Kak Dyan. PLN Mobile anti ribet, yuk ajak temenmu untuk download sekarang juga. Tks Kk' :) -FY",2025-08-27 06:27:39,5.2.75,dengan aplikasi pln mobile sngt trbantu saat transaksi pembelian pulsa ataupun melapor gangguan
a76579de-5c17-4b7b-834f-1cc19175d673,Edo Gogo,https://play-lh.googleusercontent.com/a/ACg8ocJDhdsF2YmpYQdD_j3gzOjJA_22HycEnoKllCWQZ7kF62KeNg=mo,respon cepat mantap,5,0,,2025-12-11 12:02:56,"Makasih banget Kak Edo buat ulasan positifnya. Rasanya lega tau Kk udah ngerasain sendiri mudahnya PLN Mobile. Semua layanan, satu aplikasi. Karena saat semuanya terhubung, hidup pun ikut terasa ringan. Download bareng yuk. Ajak temen, keluarga, atau pasangan kamu nikmatin kemudahan PLN Mobile. Promo banyak, fiturnya lengkap. :) -SH
",2025-12-12 03:38:03,,respon cepat mantap
850eee8f-b953-4ac3-9d42-e18d96094b2e,Desy,https://play-lh.googleusercontent.com/a-/ALV-UjU6LjH3AX1jt-YAbq5I2IxJWSZLE9s8ykXAR8b0Saz5MvhcZrxy0g,teknisi nya cepat respon nya👍🏻👍🏻👍🏻👍🏻👍🏻👍🏻👍🏻,5,0,,2025-12-11 12:02:55,"Thanks Kak Desy udh setia sama PLN Mobile. Fitur2 di dalamnya hadir buat satu tujuan, bikin semua serba cepat dan mudah. Kami percaya, kemudahan kecil bisa bawa kebahagiaan besar. Dan Kk udah jdi bagian dari perjalanan itu. Gak seru kalau nikmatin kemudahan sendirian. Ajak yg tersayang cobain PLN Mobile juga ya, lagi ada banyak kejutan seru. -SH
",2025-12-12 03:37:56,,teknisi nya cepat respon nya
721ed760-e36f-4429-9132-2646a1f423e0,Firman tampan,https://play-lh.googleusercontent.com/a/ACg8ocKIi26Txm_JEkZwJ8YN7l2nK4-8VtIabJp6Ds83yGTnIoFkgw=mo,pengaduan listrik mati gampang pake aplikasi,5,0,5.2.75,2025-12-11 12:02:39,"Makasih ya Kak Firman udah kasih feedback positif. Seneng rasanya PLN Mobile bisa bantu hidup kamu jadi lebih praktis. Cukup buka aplikasi, semua urusan listrik langsung beres. Yuk, ajak sahabat kamu cobain kemudahan PLN Mobile. Lagi banyak promo menarik loh. Jangan sampai nyesel belakangan. Sehat terus yaa. :) -SH
",2025-12-12 03:37:50,5.2.75,pengaduan listrik mati gampang pake aplikasi
3cdfc38f-6dda-46f2-8314-aca8c4802f4f,Faizal Yuniar,https://play-lh.googleusercontent.com/a-/ALV-UjXZ_i05UuCBMhD2L6nGTmqlJo2fXsRAqkonCq_wtvG1dSa_D8I,bagus,5,0,5.2.75,2025-12-11 12:00:44,"Wah, Thanks Kak Faizal udah percaya sama PLN Mobile. Kami seneng banget kamu puas. Dari cek tagihan sampai pasang baru, tinggal di genggaman. Karena teknologi itu seharusnya memudahkan, bukan mempersulit. Dan kamu layak dapetin yang paling praktis. Buruan ajak bestie kamu download PLN Mobile, biar gak ketinggalan fitur keren dan promo kece. -SH
",2025-12-12 03:37:44,5.2.75,bagus
ce864d31-f153-4510-838c-04020405cb10,Nia Daniati,https://play-lh.googleusercontent.com/a-/ALV-UjXqy3cYPVe_zbCdNOSx4N35niJ59PrTqCrENxjh6m-ayXGjDU4,aplikasi sangat bermanfaat,5,0,5.2.75,2025-12-11 12:00:22,"Terima kasih banyak atas ulasannya Kak Nia. Kami hadirkan PLN Mobile supaya kamu gak perlu ribet lagi. Semua ada dalam satu genggaman. Kadang yang kita butuhin cuma solusi simpel, tapi ngaruh ke seluruh hari. Gak seru kalau nikmatin kemudahan sendirian. Ajak yang tersayang cobain PLN Mobile juga ya. Lagi ada banyak kejutan seru. Thanks. :) -SH
",2025-12-12 03:37:36,5.2.75,aplikasi sangat bermanfaat
0b96da85-4787-4118-9f67-195a11d60623,Akila Kila,https://play-lh.googleusercontent.com/a/ACg8ocKcnGOglGaazB7l7p5Ba890nIr0iELiKVQNr1xTEf746tWsAg=mo,dengan aplikasi plnmoie sangat membantu kami dalam melaporkan ganguan terimakasih pln mobil,5,0,,2025-12-11 11:58:52,"Makasih Kak Akila udah kasih review positif. PLN Mobile memang dirancang biar semua urusan listrik bisa beres tanpa stres. Dari beli token sampai lapor gangguan, tinggal klik aja. Karena kenyamanan itu bukan soal mewah, tapi soal kemudahan yang nyata. Yuk ajak orang tersayang download juga. Bareng-bareng nikmatin hidup yang lebih praktis. :) -SH
",2025-12-12 03:37:27,,dengan aplikasi plnmoie sangat membantu kami dalam melaporkan ganguan terimakasih pln mobil
5234ed23-66e6-4c98-a113-a48ed8579fdf,indra apriyansah,https://play-lh.googleusercontent.com/a-/ALV-UjUqIIOJfwjCcx0p0iSEx0PgA2KPE8VpLLaaYaM2r8vXG6Khq64,"Apk pln mobile sangat membantu, pelaporan samgat cepat",5,0,,2025-12-11 11:57:54,"Makasih banget Kak indra atas bintangnya. Dukungan kayak gini bikin kami makin semangat ningkatin layanan. PLN Mobile hadir buat kasih solusi dari genggaman. Setiap bintang darimu, jadi cahaya buat kami terus berinovasi. Yuk ajak orang tersayang download juga. Bareng-bareng nikmatin hidup yang lebih praktis. Thanks. -SH
",2025-12-12 03:37:21,,apk pln mobile sangat membantu pelaporan samgat cepat
98389249-ff29-47b5-a537-b8fc23e9e568,yenk dayenk,https://play-lh.googleusercontent.com/a-/ALV-UjUHH-sbm5bQM_G6K-7SG1UKauYHZ4WEbMZdiBlLd08FC8E3Le4,sangat membantu,5,0,5.2.75,2025-12-11 11:56:40,"Makasih banyak ya Kak atas review nya. PLN Mobile emang jagonya bikin hidup lebih praktis. Mulai dari bayar listrik, beli token, sampai urus pasang baru dan tambah daya, semua bisa dari Hp aja. Yuk ajak orang tersayang download juga. Bareng-bareng nikmatin hidup yang lebih praktis. Thanks. -SH
",2025-12-12 03:37:15,5.2.75,sangat membantu
5133cc54-2bd3-4258-afa3-01ea61904049,Agus Salim,https://play-lh.googleusercontent.com/a/ACg8ocJJkRz5BN2hdbTaiWw1voVOHcmfGko-uhsCYn61HrBKkHztgg=mo,"pengajuan gangguan listrik padam via aplikasi dah nunggu ber jam2 gak ada respon, telp 123 udh 3x bolak balik nelp cuma di suruh nunggu terus, di chat juga sama suruh nunggu, padahal laporan dari jam 2 siang, jam 8 mlm belum ad yg dtg melakukan perbaikan. dan sampai ulasan ini saya ketik, belum ada yg datang.",1,0,5.2.75,2025-12-11 11:56:18,"Mohon maaf ya Kak Agus atas kendala dan keterlambatan penanganan gangguan yg Kk alami. Mimin paham ini pasti sangat mengganggu, apalagi sudah menunggu lama tanpa kepastian. Agar bisa segera mimin tindak lanjuti dan diproses ke Unit terkait, mohon Kk dapat hubungi kanal sosmed resmi PLN 123 ya. Tenang, mimin akan bantu percepat penanganannya. :) -YA",2025-12-11 13:08:25,5.2.75,pengajuan gangguan listrik padam via aplikasi dah nunggu ber jam2 gak ada respon telp 123 udh 3x bolak balik nelp cuma di suruh nunggu terus di chat juga sama suruh nunggu padahal laporan dari jam 2 siang jam 8 mlm belum ad yg dtg melakukan perbaikan dan sampai ulasan ini saya ketik belum ada yg datang
16c75aa7-f0c4-4e32-9c70-2b480286dea1,Nazmi Billman,https://play-lh.googleusercontent.com/a/ACg8ocLL6FgdiciP5YvR20uZAyhCEeppoetdPQAZd_vUQDqTMhm2-g=mo,aplikasi sangat bermanfaat,5,0,5.2.75,2025-12-11 11:55:46,"Hai Kak Nazmi, makasih yaa buat review & rating bintang 5 nya Mimin senang banget. Cus rekomendasi ke tmn2 kmu juga ya Kak buat gunain PLN Mobile. Salam sehat selalu. -AF",2024-02-28 15:10:30,5.2.75,aplikasi sangat bermanfaat
0ffb7787-b1bb-41fb-8fde-ff842cd76da7,Arman Silegar,https://play-lh.googleusercontent.com/a/ACg8ocLZ9Copj5XSvopxSBLPTVFEJG_rd5_IsN3DwbILglii80mBiQ=mo,hebat,5,0,5.2.75,2025-12-11 11:53:59,"Terima kasih Kak Arman udah jadi bagian dari pengguna keren PLN Mobile. Fitur-fitur praktisnya kami hadirkan biar kamu gak ribet lagi ngurus listrik. Semoga PLN Mobile terus jadi teman setia kamu. jgn nikmatin kemudahan PLN Mobile sendirian dong. Ajak teman-teman kamu juga cobain. Ada promo, ada solusi, semua di satu aplikasi. Stay cool yaa. -SH
",2025-12-12 03:37:11,5.2.75,hebat
46d69c53-a848-4ce1-9dc6-89499235613a,Reza Rahmat Akbar,https://play-lh.googleusercontent.com/a/ACg8ocJeXD-f6QNYVbw_RA4BNmy61yBEYdjjnn5KFR9h3fKJOxxQ_A=mo,petugas ulp perawang sangat ramah dan cepat pelayananya semangatt terus ulp perawang,5,0,5.2.75,2025-12-11 11:53:19,"Terima kasih ya Kak Reza atas feedback positif dan rating supernya. Senang banget PLN Mobile bisa jadi andalan buat urusan listrik Kakak. Semua bisa dilakukan dengan cepat dan praktis. Yuk terus dukung kami dan ajak juga teman/keluarga pakai PLN Mobile. Sama-sama nikmatin layanan sat set. -SH
",2025-12-12 03:37:01,5.2.75,petugas ulp perawang sangat ramah dan cepat pelayananya semangatt terus ulp perawang
cfbc643c-36ee-4f69-b262-ecd2ba6174d2,Siti Sulaihah,https://play-lh.googleusercontent.com/a-/ALV-UjU6j6p66CbV7L39h14Sl_X3wA5jVFU5O3YjqvYTohAK3I_L2vE,"aplikasinya tidak efektif susah untuk dipakai harus perbaikan sih aplikasinya masak ini gak bisa itu gak bisa banyak gak bisanya butuh perbaikan, mending kalo mau pasang kwh langsung ke plnnya saja",1,0,5.2.75,2025-12-11 11:51:10,"Halo, tentu kami tdk ingin mempersulit Kk Siti ya. Atas ulasan yg Kk sampaikan, akan jd atensi kami utk mengoptimalkan kembali kualitas fitur yg makin efisien demi terwujudnya kemudahan & kenyamanan bgi user dlm bertransaksi di PLN Mobile. Jk ada kesulitan pd saat mengajukan pasang baru di apk, Kk dpt hub CS di fitur Live Chat, biar dibantu. :) -MF",2025-12-11 12:13:30,5.2.75,aplikasinya tidak efektif susah untuk dipakai harus perbaikan sih aplikasinya masak ini gak bisa itu gak bisa banyak gak bisanya butuh perbaikan mending kalo mau pasang kwh langsung ke plnnya saja
72cb30b3-ad77-4d6c-a1f9-dc2e4d7c7c4b,Adit Work,https://play-lh.googleusercontent.com/a-/ALV-UjX_ws-TvnUeKKbUjMSDaslQFxH8Mv4RjgW4dru8YWxCBqM6POrs,"baru mau cobain, semoga bagus harganya",5,0,5.2.75,2025-12-11 11:51:10,"Makasih Kak Adit udah support PLN Mobile. Ulasannya bikin hati kami hangat. Kami terus semangat kasih layanan terbaik. Yuk sebarkan kemudahan ini ke keluarga & sahabat juga, biar semuanya bisa nikmatin layanan sat set tanpa ribet. Have a wonderful day. -SH
",2025-12-12 03:36:53,5.2.75,baru mau cobain semoga bagus harganya
a56efa9d-2563-4c22-84a6-21e4753ecfef,Rudhi Anto,https://play-lh.googleusercontent.com/a/ACg8ocKMhcVnquB6LDViuYuxAI3v4rkoPIZlSXyhLyujeH5nL-d4ww=mo,"Makin mudah mengurus permasalahan PLN dengan aplikasi PLN Mobile, pelanggan sangat dimanjakan, mantap 👍👍",5,0,5.2.75,2025-12-11 11:49:12,"Hai Kak, siap Kak Rudhi, maaciiw ya udah puas gunakan PLN Mobile. Ayo manfaatkan fitur tambah daya pada PLN Mobile, Kamu bisa nih ubah daya pakai PLN Mobile. Praktis bangetkan. Trims ya Kak. -BR",2024-02-14 00:22:51,5.2.75,makin mudah mengurus permasalahan pln dengan aplikasi pln mobile pelanggan sangat dimanjakan mantap
ecc32ef6-f4ef-4384-9840-507df71c0945,Reski Hidayat,https://play-lh.googleusercontent.com/a/ACg8ocK1cz_XuTrWwKoRC_ZVPS1HKzBr4KuTQOvmNjcGbF5b3ISZ0w=mo,"aplikasi ini sangat membantu saya dalam bayar tagihan listrik,swacam dll.. ketika ada kerusakan bisa langsung lapor,dan akan di perbaiki oleh pihak terkait, ketika ada kerusakan listrik di aplikasi PLN mobile..pelayanan cepat dan gratis tanpa di pungut biaya",5,0,5.2.75,2025-12-11 11:47:54,"Halo Kak Reski. Makasih yah buat bintangnya Kak, semoga kamu selalu nyaman menggunakan PLN Mobile. Ayo manfaatkan fitur tambah daya pada PLN Mobile, Kamu bisa nih ubah daya pakai PLN Mobile. Praktis banget, nanti petugasnya langsung dateng ke tempat kamu buat bantu ubah daya. Stay safe ya -PP",2024-06-09 03:04:34,5.2.75,aplikasi ini sangat membantu saya dalam bayar tagihan listrik swacam dll ketika ada kerusakan bisa langsung lapor dan akan di perbaiki oleh pihak terkait ketika ada kerusakan listrik di aplikasi pln mobile pelayanan cepat dan gratis tanpa di pungut biaya
7ae94341-b4ed-4963-93f4-09083d7dc849,cinthia hadi,https://play-lh.googleusercontent.com/a/ACg8ocIJLWCjNu9gIQn72D7nFFWoDc_im2eF4omNSKzW5eotadwHoA=mo,aplikasi PLN mobile sangat membantu buat pelanggan PLN,5,0,5.2.75,2025-12-11 11:47:16,"Terima kasih banyak atas apresiasinya Kak Cinthia. PLN Mobile akan terus berkembang biar makin nyaman digunakan. Semoga kemudahan yang dirasakan juga bisa dirasain orang-orang terdekat Kk. Cus ajak mereka pakai juga, biar hidup makin ringan. -SH
",2025-12-12 03:35:45,5.2.75,aplikasi pln mobile sangat membantu buat pelanggan pln
4232d398-789d-4be7-b274-dc5c969a9e16,hanoto,https://play-lh.googleusercontent.com/a-/ALV-UjX-dj_uSttUQirmd8DFrb6eAiVqIYPhbEkTjHqDaTAEUDeIxTU,Respon dan pelayanannya sekarang semakin baik... 👍,5,0,,2025-12-11 11:46:48,"Hi Kak Hanoto, terima kasih atas bintangnya. Jika ada pertanyaan mengenai PLN Kakak bisa menggunakan fitur Live chat di aplikasi PLN Mobile. Stay safe ya. -FY",2025-08-13 04:39:15,,respon dan pelayanannya sekarang semakin baik
429b002a-9c76-45bf-8d2f-848f223fb69a,wahyu hidayat,https://play-lh.googleusercontent.com/a/ACg8ocJfXsMJvLANTqtlVQzLWPlR_wl8GTjG3GugLZFnZTx1jRCMfJE=mo,adanya aplikasi sangat membantu dan mempermudah konsumen,5,0,,2025-12-11 11:46:21,"Thank you Kak Wahyu. Ulasan dan bintangnya bikin hari kami cerah. Senang banget aplikasi PLN Mobile bisa jadi teman setia buat urusan listrik. Yuk bareng-bareng nikmatin kemudahan ini, ajak keluarga dan teman download juga ya. Stay happy and healthy. -SH
",2025-12-12 03:35:36,,adanya aplikasi sangat membantu dan mempermudah konsumen
725e6e6b-64a8-41ea-9557-9b93e060b2bf,Dika Achmad,https://play-lh.googleusercontent.com/a/ACg8ocIe7yrCDk8lNbhvRw64bIIWxSfII3rqvhvRSW6YmasHFogJqQ=mo,"tolong permudah lagi penggunaannya, ketika user sudah memasukkan nomor meter tidak perlu di pinta lagi",2,0,5.2.75,2025-12-11 11:44:28,"Kami menghargai ulasan yg Kk Dika berikan, maaf jk msh ada kekurangan dr segala sisi. Jk ada yg ingin Kk sharing, silakan Kk bs info ke media layanan resmi PLN. Kami akan mempelajari dgn jeli setiap tanggapan yg Kk berikan utk trs menghadirkan platform yg solutif & fitur yg makin efisien dlm memberikan pengalaman terbaik utk user PLN Mobile. :) -MF",2025-12-11 12:01:43,5.2.75,tolong permudah lagi penggunaannya ketika user sudah memasukkan nomor meter tidak perlu di pinta lagi
33c3c900-262f-4384-b9a0-70da98cdf180,Hera Agus,https://play-lh.googleusercontent.com/a/ACg8ocIjOyKdBH4TSYIu7hbi5uBOC65Ro20E1y0Tlow2qfV0Ir441Q=mo,"mantap dengan PLN Mobile semua tentang kelistrikan bisa diatasi, terima kasih PLN",5,0,5.2.75,2025-12-11 11:43:39,"Hai Kak Agus, mimin seneng deh kalo Kakak suka sama aplikasi PLN Mobile. Ayoo Beli token melalui PLN Mobile, kini makin mudah dan terjangkau. Kakak bisa beli token mulai dari 5.000 Rupiah saja. Trims ya Kak -RM",2024-05-31 07:24:15,5.2.75,mantap dengan pln mobile semua tentang kelistrikan bisa diatasi terima kasih pln
58d97ac5-635a-44ff-b86e-0cc075d4d9d1,Novi Cl,https://play-lh.googleusercontent.com/a/ACg8ocKY9iwc2mE9hHSGqeb83svUu19C3qQts15Q6_glb_wRwLRyWg=mo,"aplikasi bagus, bisa lapor dan tracking pengaduan.",5,0,5.2.75,2025-12-11 11:43:39,"Wah makasih Kak Novi, rating dan ulasannya bikin kami tambah semangat nih. Kami senang PLN Mobile bisa bantu urusan listrik jadi makin praktis. Karena hidup udah cukup ribet, urusan listrik jangan ikut ribet dong. Share juga ke sahabat dan keluarga ya. -SH
",2025-12-12 03:35:26,5.2.75,aplikasi bagus bisa lapor dan tracking pengaduan
7421cdf4-d136-4116-9823-9f5123a8908c,Fajar Kurniawan,https://play-lh.googleusercontent.com/a/ACg8ocJpyi189I3qfTNwI_1bLodfsk46LcOIvT9MeTmfzswtIGsYug=mo,dengan aplikasi ini segala kemudahan di tangan konsumen,5,0,5.2.75,2025-12-11 11:41:34,Senang banget denger Kakak cocok & terbantu atas berbagai manfaat yg didapat dari apk ini. PLN Mobile emang bikin segalanya jadi lebih simpel. Kuy ajakin temen dan kerabat Kk utk install PLN Mobile. :) -IP,2025-12-05 07:33:21,5.2.75,dengan aplikasi ini segala kemudahan di tangan konsumen
c0e96dd2-8781-4af8-ae27-60ee10c77561,Moh. Khodir,https://play-lh.googleusercontent.com/a/ACg8ocKq3yDBpkG4tgYLazFJPp71dRhjrgu3asep_pWQp8j1oq4lDw=mo,pln mobail....smakin ok..,5,0,5.2.75,2025-12-11 11:41:23,"Terima kasih banyak Kak Moh. Khodir atas rating dan ulasannya yang bikin semangat. Senang banget PLN Mobile bisa jadi andalan buat semua kebutuhan listrik. Hidup makin mudah di ujung jari. Jangan lupa ajak orang terdekat download juga yaa. Sehat dan bahagia selalu. -SH
",2025-12-12 03:35:19,5.2.75,pln mobail smakin ok
a1381296-a297-49e3-8257-e5826b0334a5,Adi Razka,https://play-lh.googleusercontent.com/a-/ALV-UjWClp0pzS9QZGFaUTnXGWDwtytgClZvg3-qDFjZ17UuzDnmoe-j,suka sekali sangat membantu 👍👍🔥,5,0,5.2.75,2025-12-11 11:40:52,"Makasih banyak ya Kak Adi atas rating dan ulasannya yang kece. Dukungan Kakak bikin kami makin semangat kasih layanan terbaik lewat PLN Mobile. Mulai dari cek tagihan, beli token, sampai pengaduan jadi gampang banget. Share juga ke bestie ya, biar hidup makin praktis bareng. Sehat selalu. -SH
",2025-12-12 03:35:09,5.2.75,suka sekali sangat membantu
c719e56b-e828-47a8-a756-6275a104d15b,Adi Wijaya,https://play-lh.googleusercontent.com/a-/ALV-UjWoIVObHuLUxzQRDYQ5Y0C9Xxwohje2_znBR6BSwAWUvpvSpKw,PLN amazing !!!,5,0,5.2.75,2025-12-11 11:39:03,"Hai Kakak Adi, mimin seneng deh kalo Kakak suka sama aplikasi PLN Mobile. Nikmati jg fitur penyambungan baru & tambah dayanya ya Kak, semua mudah dalam satu genggaman. Salam sehat selalu. -DV",2024-06-09 08:31:52,5.2.75,pln amazing
0b5f40d3-42de-404e-8d0a-5c940ca50a3d,Saye Ahmad,https://play-lh.googleusercontent.com/a-/ALV-UjXdNjcv7aO97R0k3TYj2ejsm0HMxWLwYTgjbWOP3JjoYG1I-D3q,"Aplikasinya cukup bagus dan fungsinya bekerja seperti yang dijanjikan. Tapi terkadang terasa agak lambat saat membuka menu tertentu. Ul-nya oke, cuma masih bisa disederhanakan lagi. Kalau performanya ditingkatkan, pasti lebih nyaman dipakai",5,0,,2025-12-11 11:37:48,"Wah, makasih banyak Kak Ahmad. Ulasannya keren dan ratingnya mantap. PLN Mobile bakal terus upgrade fitur biar makin bantu kamu dalam urusan listrik. Info tagihan? Gampang. Mau tambah daya? Bisa. Jangan lupa ajak keluarga & sahabat pakai juga ya. Biar semua makin praktis. Stay happy and healthy. -SH
",2025-12-12 03:35:03,,aplikasinya cukup bagus dan fungsinya bekerja seperti yang dijanjikan tapi terkadang terasa agak lambat saat membuka menu tertentu ul nya oke cuma masih bisa disederhanakan lagi kalau performanya ditingkatkan pasti lebih nyaman dipakai
4739e70a-6452-42f7-870d-dcad8e8d8648,Arifin Imam,https://play-lh.googleusercontent.com/a-/ALV-UjUP6qpF0enKvTEfR9sJWDnQcXOhcqj9rmou5TVHwb7C7onRAvQ,aplikasi yang sangat membantu untuk kita sebagai pelanggan pln,5,0,5.2.75,2025-12-11 11:37:36,"Kak Arifin, makasih banyak udah kasih rating keren & review yang menyenangkan. Dukungan kayak gini jadi semangat kami untuk terus kasih layanan terbaik lewat PLN Mobile. Biar tambah seru, yuk ajak teman dan keluarga coba juga. Hidup lebih mudah, semua bisa dari genggaman. Sehat selalu ya. -SH
",2025-12-12 03:34:43,5.2.75,aplikasi yang sangat membantu untuk kita sebagai pelanggan pln
3dc2973f-97b0-4242-a5cf-1584e445dc54,Dki Riski,https://play-lh.googleusercontent.com/a/ACg8ocLG67F7UG0nO4rAfBKaffaSfjmqYxmxwBxnArsVsGMLgoUrUQ=mo,"Apk pln mobile sangat membantu, pelaporan sangat cepat",5,0,,2025-12-11 11:37:27,"Makasih banyak Kak Dki atas ulasannya yang kece dan rating yang super bagus. PLN Mobile makin semangat bantu semua kebutuhan listrikmu, dari info tagihan sampai pengaduan sat set. Satu bintang bersinar terang, lima bintang jadi semangat juang. Share ke bestie kamu juga dong. Biar sama-sama gampangin hidup. Sehat terus yaa. -SH
",2025-12-12 03:34:35,,apk pln mobile sangat membantu pelaporan sangat cepat
2ffd51ad-553a-474b-b6cd-65c22253fc64,Priya,https://play-lh.googleusercontent.com/a-/ALV-UjWBk7v--38BMBmT7dfi6Tr-viOntrqpuIDbUgi02g9EO-0U2ywp,Kalo beli token.Nomor token suka tidak dikirim ke email.,3,0,5.2.75,2025-12-11 11:36:36,"Halo Kak Priya. Sebelumnya Kk tdk perlu cemas ya, jk nomor token blm muncul disaat proses payment sdh berhasil, silakan Kk bs cek lg nomor tokennya scra berkala pd billing surat elektronik/ bs refresh menu Aktivitas/ Kk dpt cek jg di Riwayat Pembelian Token. Jk token Kk msh blm tampil, yuk langsung infokan ke CS mimin di fitur Live Chat. Tks :) -MF",2025-12-11 11:50:15,5.2.75,kalo beli token nomor token suka tidak dikirim ke email
df6c39dd-b71c-4374-a743-f117d145ebd7,Jalal Ludin,https://play-lh.googleusercontent.com/a-/ALV-UjW0donq1pb3h-aAArAUwHirbdvdBkElkNsasakXHv4zYVAK8xM,bagussss,5,0,5.2.75,2025-12-11 11:36:27,"Makasih banyak ya Kak, udah kasih ulasan positif buat PLN Mobile. Seneng banget rasanya kamu ngerasa terbantu. Semua makin gampang, tinggal satu sentuhan di genggaman. Karena kadang, hal besar dimulai dari kemudahan kecil yang bikin nyaman. Share ke bestie kamu juga dong. Biar sama-sama gampangin hidup. Sehat terus yaa. -SH
",2025-12-12 03:34:27,5.2.75,bagussss
2cbf230b-6778-4485-920e-fdafd9d89666,kpl laud,https://play-lh.googleusercontent.com/a/ACg8ocLTK_V_tfst-eEKDfF5E3NBohsuz4WykmXDNHEwjlHwtLGDWA=mo,mempermudah pelanggan,5,0,,2025-12-11 11:36:14,"Makasih banget ya Kak. Kami seneng PLN Mobile bisa jadi sahabat andalan buat urusan listrik. Semoga makin praktis dan memudahkan terus ya. Jangan lupa share pengalaman ini ke temen atau keluarga, biar mereka juga ikutan. SatSet bareng PLN Mobile. Have a nice day. -SH
",2025-12-12 03:34:22,,mempermudah pelanggan
ccc791c5-3e56-48ed-ac38-a171ed0eafe8,Raihan Ramadhoni,https://play-lh.googleusercontent.com/a-/ALV-UjUb6BBW6llXUt6IIV4RWspaT5_4cJZRHCnExl8OXsOyRwD0ZfqK,"teknologinya di tingkatkan dong, jadi kalau kita topup token melalui aplikasi langsung masuk kemeteran kitanya, jadi tidak perlu memasukan secara manual Strom tokennya, sehingga ketika kita lagi tidak ada ditempat listriknya bisa otomatis hidup langsung min. sempat punya problem ketika pembelian token, lapor ke cs sama via email, proses penanganannya cepat tapi memang harus menunggu 1x24 jam... terima kasih PLN yg sudah fast respon.",5,0,5.2.75,2025-12-11 11:35:47,"Makasih banyak ya Kak Raihan atas review terbaiknya. Senang banget PLN Mobile bisa bantu dan bikin urusan listrik jadi lebih gampang. Aplikasi ini emang user friendly banget, semua menu jelas dan mudah diakses. Kemudahan yang dirasakan hari ini adalah hasil dari niat tulus memberi pelayanan. Have a nice day. -SH
",2025-12-12 03:34:18,5.2.75,teknologinya di tingkatkan dong jadi kalau kita topup token melalui aplikasi langsung masuk kemeteran kitanya jadi tidak perlu memasukan secara manual strom tokennya sehingga ketika kita lagi tidak ada ditempat listriknya bisa otomatis hidup langsung min sempat punya problem ketika pembelian token lapor ke cs sama via email proses penanganannya cepat tapi memang harus menunggu 1x24 jam terima kasih pln yg sudah fast respon
e7a14e14-e8e8-44a0-90cd-cc2282b8cc77,email saya,https://play-lh.googleusercontent.com/a/ACg8ocLnNc9CeSl2RBTRRJOjEd8tUtxq97Zg9mlLvVOB3baJhMcgnw=mo,aplikasi sangat membantu,5,0,5.2.75,2025-12-11 11:35:37,"Wah, ulasannya bikin kami semangat, Kak. PLN Mobile emang hadir buat bantu kamu lebih hemat waktu dan tenaga. Serba fleksibel dan bisa diandalkan. Rekomendasiin ke temen dan kerabat Kk utk install PLN Mobile yuk. :) -IP",2025-10-30 02:48:38,5.2.75,aplikasi sangat membantu
6c4728b5-f181-4195-82f5-ad70a9ddc606,Fahrul hasbullah Fahrul,https://play-lh.googleusercontent.com/a/ACg8ocJYy9RN_bVMPveiwk3kaBnwR0Uv66V7Hj_k9B61L4J61td6bQ=mo,semangatt terus petugas pln 👍,5,0,5.2.75,2025-12-11 11:35:27,"Halo Kak Fahrul, makasih banyak atas feedback nya. Kami happy banget tau PLN Mobile bisa jadi solusi praktis buat keseharian Kakak. Yuk terus manfaatkan fiturnya, dan kalau oke, bolehlah direkomendasikan ke orang terdekat. Semoga selalu dimudahkan urusannya. Have a nice day. -SH
",2025-12-12 03:34:11,5.2.75,semangatt terus petugas pln
0302f345-3122-4508-97af-1f39bd4cfe03,Muhammad Daffa Almarzali,https://play-lh.googleusercontent.com/a/ACg8ocK2Wg7brMfCJHkiroAawzIQSwRdT6Op76pcCP-W9XfM7QQJmw=mo,"Aplikasinya cukup bagus dan fungsinya bekerja seperti yang dijanjikan. Tapi terkadang terasa agak lambat saat membuka menu tertentu. Ul-nya oke, cuma masih bisa disederhanakan lagi. Kalau performanya ditingkatkan, pasti lebih nyaman dipakai",5,0,5.2.75,2025-12-11 11:35:21,"Makasih ya Kak Daffa udah sempat kasih ulasan. Kami seneng banget dengar pengalaman positif Kakak. PLN Mobile emang hadir buat bikin urusan kelistrikan jadi lebih simpel. Kalau cocok, jangan pelit share ya ke bestie atau keluarga. Biar bareng-bareng hidup makin sat set. Thanks. -SH
",2025-12-12 03:33:58,5.2.75,aplikasinya cukup bagus dan fungsinya bekerja seperti yang dijanjikan tapi terkadang terasa agak lambat saat membuka menu tertentu ul nya oke cuma masih bisa disederhanakan lagi kalau performanya ditingkatkan pasti lebih nyaman dipakai
cc24a877-f14a-425a-86a4-b33675d73e5d,Andre Trisaputra,https://play-lh.googleusercontent.com/a/ACg8ocJgqwCiXp-ZM80o8gULlpBsCOgp9E77XVcRSCT8CMCsM6s1vg=mo,"Apk pln mobile sangat membantu, pelaporan samgat cepat",5,0,,2025-12-11 11:34:59,"Terima kasih, Kak Andre. Kami ikut senang kalau PLN Mobile bisa bantu dan bikin urusan listrik makin gampang. Mau bayar, ubah daya, atau lapor gangguan, tinggal klik aja. Yuk, share juga ke temen atau keluarga biar mereka ngerasain kemudahannya. Sehat dan semangat selalu yaa. Sehat selalu. Tks -SH
",2025-12-12 03:33:33,,apk pln mobile sangat membantu pelaporan samgat cepat
c77fd0d9-fca4-48c2-a486-711c01cd3828,abdur rahman,https://play-lh.googleusercontent.com/a-/ALV-UjUeYoIvXa9AZL2s-4vbXmLCR3md5vP8AXt_H9aJ3oeJcQiKfr8,Aplikasi PLN Mobile pancen mantap,5,0,5.2.75,2025-12-11 11:33:31,"Hallo Kak Rahman, Makasih udah suka & puas menggunakan PLN Mobile. Banyak cara untuk membayar tagihan listrikmu melalui aplikasi PLN Mobile, Kamu bisa menggunakan dompet digital atau virtual account sesuai dengan kebutuhanmu tanpa harus keluar rumah. Tks -HZ",2025-09-03 16:30:28,5.2.75,aplikasi pln mobile pancen mantap
cdd42b39-5d0d-41c9-90be-d1d54cc74a7c,widiyat moko,https://play-lh.googleusercontent.com/a-/ALV-UjVp1YADiJdToZghIK-SvIXlMrIRGzZeOJfaeZFKl0e-K89qihrx,"sudah punya akun PLN Mobile ketika buka aplikasi harus login ulang dan prosesnya kurang simpel. menunggu kode verifikasi tidak masuk dan ketika masuk masih tahap email, padahal sudah punya akun dengan nomor dan email yang sama.",3,1,5.2.75,2025-12-11 11:31:48,"Halo Kak. PLN Mobile sdh menjalankan proses single login menggunakan nomor ponsel & PIN bertujuan utk memberikan kemudahan & keamanan ekstra. Silakan Kk cb msk lg dgn memakai nomor & PIN yg dibuat, pastikan datanya sdh sesuai & jaga kestabilan koneksinya jg. Jk ada hambatan, Kk tinggal klik kanal bantuan pd icon headset di tampilan awal msk. :) -MF",2025-12-11 11:36:32,5.2.75,sudah punya akun pln mobile ketika buka aplikasi harus login ulang dan prosesnya kurang simpel menunggu kode verifikasi tidak masuk dan ketika masuk masih tahap email padahal sudah punya akun dengan nomor dan email yang sama
3cffe10c-947a-4d40-9c63-d720203e3615,Otok Kuspujianto,https://play-lh.googleusercontent.com/a-/ALV-UjVA8JDM4fzADMbrZhd84NTooi0mZ6bXtlQNMfW0K5_NEGHZHBNf,pelaporan gangguan fast respon,5,0,5.2.75,2025-12-11 11:29:43,"Wah, makasih banyak Kak. Kami happy banget tau PLN Mobile beneran bermanfaat buat kebutuhan listrik Kakak. Semoga fiturnya makin memudahkan hari-hari Kakak ya. Jangan lupa ajak sahabat atau keluarga cobain juga. Hidup lebih ringan bareng PLN Mobile. Tks -SH
",2025-12-12 03:33:26,5.2.75,pelaporan gangguan fast respon
b819831b-d113-4538-a070-2fadf0eac434,Inspeksi Bagan Batu,https://play-lh.googleusercontent.com/a/ACg8ocJC9pSlyw1fJv9_9ROTt13FIRR8cezMZdhRlknqQTm8RZbNZQ=mo,Solusi terbaik untuk segala info kelistrikan. mantappppp,5,0,5.2.75,2025-12-11 11:28:02,"Halo Kakak. Terima kasih sudah memberikan rating cantiknya untuk aplikasi PLN Mobile. Kak, tau ga sih, PLN Mobile sekarang udah bisa beli kebutuhan sehari hari lho, yuk kepoin di Marketplace, cus belanja. Salam PLN Terbaik. -MO",2025-04-01 05:44:37,5.2.75,solusi terbaik untuk segala info kelistrikan mantappppp
29987ac3-457a-4533-bc89-fa24be1c0b33,Stelny Takarasel,https://play-lh.googleusercontent.com/a/ACg8ocISf8uPGHWOCr_bjWle5ZWgFresoRdye7x8WGSebA7chdKaPg=mo,Beli token biaya admin murah transaksi cepat aplikasi kekinian.,5,0,,2025-12-11 11:27:43,"Terima kasih banyak ya Kak atas ulasan manisnya. Seneng banget dengar PLN Mobile bisa bantu urusan listrik Kakak jadi lebih praktis. Dari bayar tagihan sampai urus gangguan, semua dalam genggaman. Jangan lupa kasih tahu temen atau keluarga juga ya. Semoga hari-harinya makin nyaman. -SH
",2025-12-12 03:33:20,,beli token biaya admin murah transaksi cepat aplikasi kekinian
364d4858-7213-4df2-b063-6d9337ccb1eb,Arif Samz,https://play-lh.googleusercontent.com/a/ACg8ocJaZ3jQwBjfxRuw-HWA4nExoS44_bFlGPXTcfBDPYIqFgIODg=mo,"Aplikasi terbaik, terus tingkatkan fitur pengaduan dan pembayarannya, agar penggunaan dan pemanfaatannya lebih mudah",5,3,5.2.75,2025-12-11 11:27:40,"Hi Kak Arif, waah makasih ya buat feedback dan bintang 5 nya. Ayo ajak keluargamu download PLN Mobile. Kamu bisa dapat informasi dan Promo PLN hanya dengan rebahan, loh. Trims ya Kak. -LA",2025-09-12 20:14:17,5.2.75,aplikasi terbaik terus tingkatkan fitur pengaduan dan pembayarannya agar penggunaan dan pemanfaatannya lebih mudah
77e8ad85-b8df-4f1d-bd40-8151d5edc836,Minoq Pashter,https://play-lh.googleusercontent.com/a-/ALV-UjUD4bYh6qyU4gL7HGRRNBkDLALroAR3tU4thoDdFN7pDEyjeEk,Alhamdulillah lampu sudah hidup kembali.. penangan tim dan respon tim cukup baik.. terimakasih 🙏🙏🙏,5,0,5.2.75,2025-12-11 11:26:38,"Terima kasih ya Kak udah kasih rating terbaik buat PLN Mobile. Senang bisa bantu Kakak lewat fitur-fitur praktisnya. Semoga makin bermanfaat ke depannya. Saat kamu puas, kami pun lega. Saat kamu senyum, semangat kami menyala. Kemudahan yang dirasakan hari ini adalah hasil dari niat tulus memberi pelayanan. Have a nice day. -SH
",2025-12-12 03:33:16,5.2.75,alhamdulillah lampu sudah hidup kembali penangan tim dan respon tim cukup baik terimakasih
37d06671-d003-454b-a375-61a2226e1bf0,Intan ALMIRA,https://play-lh.googleusercontent.com/a/ACg8ocLsUcvZQGDZoAyLuM6TX06HMi0PBlQ-XGf9WF7EYdhZXhUHpA=mo,gk ada jawaban. ngapain jg ada aplikasinya klo gk ada respon bro-bro.,1,0,5.2.75,2025-12-11 11:26:02,"Maaf ya Kak Intan jk ada pengaduan yg blm mendapatkan respon dgn baik. Agar dpt kami tangani dgn tepat, mohon Kk berkenan melakukan konfirmasi via fitur Live Chat, sehingga detail kendalanya dpt kami teruskan ke Unit terkait utk diselesaikan hingga tuntas. PLN trs meningkatkan kualitas layanan demi memberikan pengalaman terbaik bagi Plgn. Tks. -YA",2025-12-11 11:50:05,5.2.75,gk ada jawaban ngapain jg ada aplikasinya klo gk ada respon bro bro
5bc382fe-97fb-4eed-b2db-4cf1c7bade4a,Oky Mahendra,https://play-lh.googleusercontent.com/a/ACg8ocKMFcqNtQH_fqmY5Oe_vSjM-dqVT-v497KfdULTH_inili6qA=mo,Mantapp betul,5,0,5.2.75,2025-12-11 11:21:29,"Tengkyu ya Kak Oki penilaiannya buat PLN Mobile. Buruan ajak besti kamu download PLN Mobile, lagi banyak promo tambah daya looh. Salam sehat selalu -HS",2022-07-26 11:54:45,5.2.75,mantapp betul
6bb09dea-6216-4c76-8ed8-1f5b86f5cc8b,Tika Nurhasanah,https://play-lh.googleusercontent.com/a/ACg8ocJOcKwrjRdzTZSy7JWQtrWmaNflLhj7rFBW0ONZAQznm-88LQ=mo,aplikasi mempermudah transaksi listrikkk..,5,0,,2025-12-11 11:21:09,"Terima kasih banyak ya Kak Tika atas ulasannya. Kami senang banget PLN Mobile bisa jadi solusi buat pelaporan gangguan listrik. Gampang banget kan, tinggal lapor, petugas langsung tanggap. Pelayanan yang cepat dan tepat adalah cara terbaik menjaga kenyamanan hidup. Share ke bestie kamu juga dong. Biar sama-sama gampangin hidup. :) -SH
",2025-12-12 03:33:11,,aplikasi mempermudah transaksi listrikkk
3d86774b-b9e5-448d-b0dc-fb4bf82ca71b,S Dien,https://play-lh.googleusercontent.com/a-/ALV-UjVaYrHHDrQLV4mR65jDNi0egG6NIYAQ8Qxjy8SiZg_tDPoBeYNa,dengan adanya Pln mobile jadi memudahkan semua pengajuan tentang kelistrikan.,5,0,5.2.75,2025-12-11 11:20:47,"Siang Kak Dien, makasih banyak udah kasih rating keren & review yang menyenangkan. Dukungan kayak gini jadi semangat kami untuk terus kasih layanan terbaik lewat PLN Mobile. Biar tambah seru, yuk ajak teman dan keluarga coba juga. Hidup lebih mudah, semua bisa dari genggaman. Sehat selalu ya. -YA",2025-10-27 06:10:27,5.2.75,dengan adanya pln mobile jadi memudahkan semua pengajuan tentang kelistrikan
b520fd8a-3947-4190-9db5-303d1e8cd3b4,ady vicky hardiyansyah,https://play-lh.googleusercontent.com/a/ACg8ocIHVtwDD2-SagvJZmP7hclUijmO605W0BBemdsDqpB7HsZOWg=mo,"melalui aplikasi Pln mobile trasaksi lebih mudah dan cepat, mantapppp",5,0,5.2.75,2025-12-11 11:20:11,"Halo Kak Vicky. Tks ya Kak atas feedback dan supportnya. Kami akan terus berusaha memberikan yg terbaik. Ayo ajak keluargamu download PLN Mobile. kamu bisa dapat informasi dan Promo PLN hanya dengan rebahan, loh! Sehat terus ya Kak. -FH",2025-09-03 20:30:40,5.2.75,melalui aplikasi pln mobile trasaksi lebih mudah dan cepat mantapppp
18e730cd-ca47-4d45-89e0-9eb8ef555be2,udin jaenudin,https://play-lh.googleusercontent.com/a/ACg8ocKb59E6YjbV7pl53qg5jy--U54hQpq5XCYJHih31TbmxilPdQ=mo,semakin mudah,5,0,5.2.75,2025-12-11 11:19:39,"Makasih ya Kak, dukungan Kk bikin kami makin semangat. Senang tau PLN Mobile bisa bantu urusan listrik Kk dgn mudah. Kami bakal trs upgrade fitur agar makin mantap. Jangan lupa kasih tahu teman juga ya. PLN Mobile, solusi kelistrikan keluarga Indonesia. :) -SH
",2025-12-12 03:33:05,5.2.75,semakin mudah
742a9dba-a09d-4130-92c3-1515eb2fc1ca,Agus Tiar,https://play-lh.googleusercontent.com/a-/ALV-UjVDorg-HvTJXPPdtHRdp9X6SLwE1Lv83QeK5Eh3avKez4dPuKal,sangat membantu dan mempermudah pembayaran dan layanan listrik,5,0,5.2.75,2025-12-11 11:17:36,"Halo Kak Agus, makasih ya ats reviewnya. PLN Mobile hadir utk ringankan urusan pelanggan. Dr beli token, ubah daya, smpai buat pengaduan, semua bisa sat set. Support Kk bikin kami makin semangat berinovasi. Yuk ajak orang terdekat pakai jg biar makin nyaman. :) -SH
",2025-12-12 03:33:01,5.2.75,sangat membantu dan mempermudah pembayaran dan layanan listrik
a7689293-151e-42cf-8a34-7b528869ec84,Najwa Syafiqoh,https://play-lh.googleusercontent.com/a/ACg8ocLwR0X84BeQIvbh5a9oZyhRJs1yRwRhrSdjJbHmkJ3sKvFOGQ=mo,baik,5,0,5.2.75,2025-12-11 11:17:31,"Tks ya Kak Najwa ats ulasan positifnya. Kami seneng bgt tahu PLN Mobile bisa bantu keseharian Kk. Semua fitur kami hadirkan utk mudahkan urusan listrik. Mhn dukungan & saran Kk utk kami terus berkembang. Yuk share pengalaman ini ke bestie. PLN Mobile makin sat set. Tks. -SH
",2025-12-12 03:32:53,5.2.75,baik
058d90fb-02e8-4bf6-93ca-d29f29aec3d3,Sriyanti Loloda,https://play-lh.googleusercontent.com/a/ACg8ocLWDcuZQ_9KqmTAkss7Qpt8K8VTUpJOh_a5bAsS5i9LFXDNcA=mo,cepat dan baik untuk masyarakat,5,0,,2025-12-11 11:13:32,"Halo Kak Sisilia, thanks ya untuk review dan rating maksimal yg udah Kk berikan. PLN Mobile pastinya hadir untuk memberikan kemudahan bagi pelanggan dalam hal penuhi kebutuhan listrik. PLN Mobile cocok nih buat direkomendasikan ke teman dan sahabat Kk kalo butuh yg praktis dan cepat. Semoga PLN Mobile trs kasih kenyamanan buat kamu ya. :) -FE",2025-12-10 02:53:38,,cepat dan baik untuk masyarakat
7721bca1-c9e5-4f44-8417-20a23b12da51,Aryandi Rizki,https://play-lh.googleusercontent.com/a/ACg8ocLFUHWN4HMtGYjrXhzHCvMVaZrLym9xphiyqsmJ8rzPy1kEcw=mo,pln mobile terbaik,5,0,5.2.75,2025-12-11 11:13:13,"Terima kasih banyak Kak Aryandi. Kami senang PLN Mobile bs jadi solusi kelistrikan Kk. Semua fitur kami kembangkan agar nyaman & cepat. Trs gunakan ya, biar makin akrab sm aplikasinya. Jangan lupa ajak teman pakai jg. PLN Mobile, partner setia urusan listrikmu. Sehat selalu. :) -SH
",2025-12-12 03:32:49,5.2.75,pln mobile terbaik
c0ac6cc9-5a83-4b45-a5d3-245d7b80460c,Dian Jon,https://play-lh.googleusercontent.com/a/ACg8ocLQPjz1Fdg3TRMSbm1AlIj7r2UTZrpW1W46Wvx6ZjihcsW7Jg=mo,pln mobile goooddddd,5,0,5.2.75,2025-12-11 11:12:53,"Makasih ya Kak Dian, reviewnya keren bgt. Kami seneng bisa bantu kebutuhan listrik Kk. PLN Mobile dibuat agar semua urusan listrik bisa selesai di genggaman. Dukungan Kk penting bgt buat kami utk trs berkembang. Share ya ke org terdekat biar sama-sama nikmati kemudahan. Thanks. -SH
",2025-12-12 03:32:42,5.2.75,pln mobile goooddddd
a3848e20-2153-4fe4-a29e-166ded3049fc,Aynul Rozaq,https://play-lh.googleusercontent.com/a/ACg8ocI_7kHkxSl8cUlzGndlE8QJ4K3VcC5DjkqJFhK8RA_jJwxo0w=mo,"laporan cepat, penanganan tepat",5,0,5.2.75,2025-12-11 11:12:50,"Hai Kak, makasih bgt udh berbagi pengalaman. Seneng rasanya tau PLN Mobile bantu Kk dlm hal listrik. Dari bayar tagihan, cek info, smpai aduan, semua sat set. Kami siap terus kembangin fitur supaya lbh mantap. Yuk bantu viralkan biar makin bnyk yg terbantu. Sehat & bahagia slalu. :) -SH
",2025-12-12 03:30:58,5.2.75,laporan cepat penanganan tepat
5491df25-ab51-4e24-8955-134c604eee09,ageng hidayat,https://play-lh.googleusercontent.com/a-/ALV-UjXmKB8J5CDYzmLLdrhkKCv0LHIICkr2tHln0qABn22bf91HC7bO,PLN mobile mantap,5,0,5.2.75,2025-12-11 11:12:38,Halo Kak Hidayat. Terima kasih ya Kak udah kasih bintang 5. Ayo ajak keluarga/teman/kerabat untuk mendownload PLN Mobile dan nikmati kemudahannya. Have a great day -FH,2025-09-03 19:40:56,5.2.75,pln mobile mantap
b1908098-9bd6-4bd2-856a-1f6389c00ff3,Ipan Nawawi,https://play-lh.googleusercontent.com/a/ACg8ocL3Jc3_SzKnjIA7p_dcfQPEIsX-C_eAMfvhjzE8ca2sv1PP6A=mo,bagus,5,0,5.2.75,2025-12-11 11:12:18,"Thanks Kak Ipan atas review manisnya. Kami bangga PLN Mobile bisa kasih manfaat real buat Kk. Semua fitur disusun supaya praktis & ramah pengguna. Kami siap dengerin masukan lainnya juga ya. Yuk bareng teman, nikmati pengalaman mudah lewat PLN Mobile. Sukses & sehat slalu ya Kak. :) -SH
",2025-12-12 03:30:53,5.2.75,bagus
857e75e5-4eaf-4721-bcf3-6301f413fde4,Heryanto Malangkase,https://play-lh.googleusercontent.com/a/ACg8ocI6vsFMdFVIi0K59N1aVzl845qNvdl7itE3N3Bx3y_Qy3JkPw=mo,Beli token biaya admin murah transaksi cepat aplikasi kekinian.,5,0,5.2.75,2025-12-11 11:11:57,"Terima kasih Kak Heryanto utk feedback positifnya. PLN Mobile diciptakan utk kasih kemudahan mulai dari bayar listrik, ubah daya, hingga pengaduan. Kami bakal terus update fitur supaya makin responsif. Yuk bantu sebar info ini ke sahabat Kk. Bareng PLN Mobile, urusan listrik makin sat set. :) -SH
",2025-12-12 03:30:48,5.2.75,beli token biaya admin murah transaksi cepat aplikasi kekinian
9b83cf75-51c8-4030-9b61-7d23efaf3c90,Andika Epet,https://play-lh.googleusercontent.com/a/ACg8ocKH6S1iE9qPRr3WK5J-VfycU79Ih7b-1mb6fnihZnyMEYJnpQ=mo,apk PLN mobile sangat membantu kami.,5,0,,2025-12-11 11:11:29,"Makasih banyak ya Kak Andika, ulasannya bikin tim makin semangat. Kami senang dengar PLN Mobile bisa bantu Kk dlm aktivitas kelistrikan. Dari bayar listrik sampai urus perubahan daya, semua lbh simpel. Trus pantau ya fitur-fitur baru kami. Share juga ke temen & kerabat. Smg harimu selalu cerah bareng PLN. :) -SH
",2025-12-12 03:30:42,,apk pln mobile sangat membantu kami
04ebe0a7-237d-4812-8b25-93f4a1662c63,Jai nuri,https://play-lh.googleusercontent.com/a/ACg8ocL0S3U1iFBiPwfa8ZL4FK21sOSs5LNy6w2JRmPe6UFabus9-w=mo,pln mobil baik,5,0,5.2.75,2025-12-11 11:11:09,"Hai Kak Nuri, thanks buat rating terbaiknya. Tentu PLN senantiasa memberikan layanan-layanan yg semakin inovatif, efektif serta solutif. Yuk, diajak jg kerabat serta keluarganya utk menggunakan PLN Mobile dlm mengurus segala kebutuhan listrik rumah. Yuk, ajak kerabat Kk buat pakai PLN Mobile jg. Sukses selalu yah. :) -MF",2025-11-27 08:34:21,5.2.75,pln mobil baik
fccbb48a-ae45-474a-bb15-ea6c5c5733b3,Rudi Yono,https://play-lh.googleusercontent.com/a/ACg8ocLXye2zDSMpcJHnL400PM8UmNlK0WoRhFVCXasFX5B2ZYBscg=mo,Pelayanan PLN Baik.,5,0,5.2.75,2025-12-11 11:10:23,"Hai Kak Rudi, makasih ya utk rating terbaik dan penilaian yg udah diberikan buat PLN Mobile. Dengan PLN Mobile, aktivitas jadi lebih cepat dan praktis. PLN Mobile bisa jadi solusi terbaik utk penuhi kebutuhan listrik pelanggan. Yuk jangan ragu buat ajak teman-teman Kk untuk download PLN Mobile ya. Tks. -FE",2025-12-03 07:53:52,5.2.75,pelayanan pln baik
d428e00f-0c9e-4ebc-b4c4-ad72232c8ee8,Lamdan Hardiansyah,https://play-lh.googleusercontent.com/a-/ALV-UjVHJSrNr_q0eTn7iEkazGvf0-3BrIH3631VRmZ6-pZZw9wLi-Y,aplikasi yg sangat mudah dan membantu?mantap👍👍👍,5,1,5.2.75,2025-12-11 11:10:11,"Hallo Kak Lamdan, Makasih yaa buat review & rating bintang 5 nya Mimin senang banget. Hai kak, kamu bisa urus perihal kelistrikan lewat smartphone-mu, dari mana saja dan kapan saja via aplikasi PLN Mobile. Thanks - HW",2025-09-05 18:54:40,5.2.75,aplikasi yg sangat mudah dan membantu mantap
075c4f4c-a56a-4071-86e7-ad510685832d,Herie -,https://play-lh.googleusercontent.com/a/ACg8ocIQvykDHvIxzC-oIQyzXLG95WZFm9Qv5-XOHP7BUHWzHFpa6Q=mo,aplikasi PLN mobile sangat membantu untuk layanan gangguan listrik padam,5,0,5.2.75,2025-12-11 11:09:35,"Makasih banyk ya Kak atas ulasannya. Kami seneng dengar PLN Mobile dpt mudahkan urusan listrik Kk. Mulai dr bayar tagihan, beli token, hingga lapor gangguan bs lbh praktis. Masukan Kk jadi semangat kami utk trs berinovasi. Yuk ajak teman & keluarga pakai juga. Smg harimu menyala terus bareng PLN Mobile. :) -SH
",2025-12-12 03:30:36,5.2.75,aplikasi pln mobile sangat membantu untuk layanan gangguan listrik padam
a9f1f0b1-9597-4ac9-a6f0-122650f5f6c5,Jaka Maulana,https://play-lh.googleusercontent.com/a-/ALV-UjXPQL8Sc_4R5p6vaUU7vQD4Z7lGBfmzwwtDGmfLUMuKp5iRtc4,cukup memuaskan,5,0,,2025-12-11 11:08:39,"Makasih banyak ya Kak Jaka atas ulasannya. Kami seneng banget tahu PLN Mobile bisa bantu Kakak dalam urusan listrik sehari-hari. Mulai dari bayar tagihan, ubah daya, sampai pengaduan, semua sat set. Kemudahan kecil hari ini, bisa jadi kenyamanan besar esok hari. Share ke bestie kamu juga dong. Biar sama-sama gampangin hidup. Sehat terus yaa. -S",2025-12-12 03:30:33,,cukup memuaskan
c1ebe504-4224-4aa6-a1a5-70d75e1704b8,Ardhito Prasetyo,https://play-lh.googleusercontent.com/a/ACg8ocJo5Xp_RtcrkteWQGA91G7X7WlWopQep9SUk8oNXtk79gPC7w=mo,baik,5,0,5.2.75,2025-12-11 11:08:07,"Hai Kak Ardhito, makasih bgt udh berbagi pengalaman. Seneng rasanya tau PLN Mobile bantu Kk dlm hal listrik. Dari bayar tagihan, cek info, smpai aduan, semua sat set. Kami siap terus kembangin fitur supaya lbh mantap. Yuk bantu viralkan biar makin bnyk yg terbantu. Sehat & bahagia slalu. :) -SH
",2025-12-12 02:50:43,5.2.75,baik
aec5c7e3-7924-45ca-b53e-4d51f202353a,atlas Favorit,https://play-lh.googleusercontent.com/a/ACg8ocLYw_Xll8sQVY0Xko93Yr6lbUdWTivTyNxMIUmZep_C7z1h=mo,aplikasi sangat membantu untuk pengaduan listrik dan membantu untuk pembayaran listrik,5,0,,2025-12-11 11:07:12,"Thanks Kak atas review manisnya. Kami bangga PLN Mobile bisa kasih manfaat real buat Kk. Semua fitur disusun supaya praktis & ramah pengguna. Kami siap dengerin masukan lainnya juga ya. Yuk bareng teman, nikmati pengalaman mudah lewat PLN Mobile. Sukses & sehat slalu ya Kak. :) -SH
",2025-12-12 02:50:36,,aplikasi sangat membantu untuk pengaduan listrik dan membantu untuk pembayaran listrik
0b095b4e-9cc6-4933-95c8-2856118b4500,Cep Ahoey,https://play-lh.googleusercontent.com/a-/ALV-UjUWCkRug1OmuJ-BGkWaikOOSd4FwUmcWtrp0iwjkaz6aotC-QeM,bagus komunikatif banyak informasi yg didapat,5,0,5.2.75,2025-12-11 11:06:12,"Terima kasih Kak utk feedback positifnya. PLN Mobile diciptakan utk kasih kemudahan mulai dari bayar listrik, ubah daya, hingga pengaduan. Kami bakal terus update fitur supaya makin responsif. Yuk bantu sebar info ini ke sahabat Kk. Bareng PLN Mobile, urusan listrik makin sat set. :) -SH
",2025-12-12 02:50:32,5.2.75,bagus komunikatif banyak informasi yg didapat
794a1ae9-0d1b-471e-9d3a-b0356777ca1e,suparman parman,https://play-lh.googleusercontent.com/a/ACg8ocLyWcJmzphS3znGA6cXZxBPUwIbXSePx1zxddKbpJ1aehywjQ=mo,ok mantap,5,0,,2025-12-11 11:05:23,"Makasih banyak ya Kak, ulasannya bikin tim makin semangat. Kami senang dengar PLN Mobile bisa bantu Kk dlm aktivitas kelistrikan. Dari bayar listrik sampai urus perubahan daya, semua lbh simpel. Trus pantau ya fitur-fitur baru kami. Share juga ke temen & kerabat. Smg harimu selalu cerah bareng PLN. :) -SH
",2025-12-12 02:50:29,,ok mantap
0ebe175c-e647-490b-af6f-b287178c623e,HOLIDI,https://play-lh.googleusercontent.com/a-/ALV-UjWkVdZR_1hmKTlKlIREq-5pM1Qcp0TE1bNqML5e5RH75K3vIzu8,Alpikasi membatu untuk cek alamat meteran dan pembelisn plsa kwh,5,0,5.2.75,2025-12-11 11:04:27,"Makasih banyak ya Kak atas ulasannya. Kami seneng banget tahu PLN Mobile bisa bantu Kakak dalam urusan listrik sehari-hari. Mulai dari bayar tagihan, ubah daya, sampai pengaduan, semua sat set. Kemudahan kecil hari ini, bisa jadi kenyamanan besar esok hari. Share ke bestie kamu juga dong. Biar sama-sama gampangin hidup. Sehat terus yaa. -SH",2025-12-12 02:50:20,5.2.75,alpikasi membatu untuk cek alamat meteran dan pembelisn plsa kwh
7e50cdaa-8279-4540-9f3f-6e1b16977121,Imam Ghozali,https://play-lh.googleusercontent.com/a-/ALV-UjVwWGQU5uuSUpdRGJarETDTnHKqH_vyKZ0X5EVQTSDKp_B-RNga,bagus,5,0,5.2.75,2025-12-11 11:04:25,"Makasih ya Kak Imam udah share pengalaman seru pasang baru lewat PLN Mobile. Urus listrik sekarang gak pake ribet, cukup dari genggaman aja. Buruan ajak besti kamu download PLN Mobile ya, lagi banyak promo looh. Stay Healthy. -SH
",2025-12-12 02:50:11,5.2.75,bagus
7f0e956a-42b7-41fe-8572-ed2dfbc7c95f,Billman Barabai,https://play-lh.googleusercontent.com/a/ACg8ocL1xGLIXzSPEYHXo4mYehpqDPZc-6we1F5Qv0ubyJAzfY6iFA=mo,Mantap dan sangat membantu,5,0,5.2.75,2025-12-11 11:04:11,"Terima kasih Kak utk Feedback posifnya. Feedback positif Kk jadi penyemangat tim kami untuk terus menghadirkan layanan yang makin mudah, cepat, dan aman lewat PLN Mobile. Terima kasih atas kepercayaannya. Ayo ajak keluarga/teman/kerabat untuk mendownload PLN Mobile dan nikmati kemudahannya. Have a nice day. :) -SH
",2025-12-12 02:50:04,5.2.75,mantap dan sangat membantu
c79d75a5-3f72-4936-ac64-935968d38ffa,Dewi Safitri,https://play-lh.googleusercontent.com/a/ACg8ocKiR67Ngm4aMd9NpcTud_DfeIBOK52iZRJUbe2Qq61kAtIiAw=mo,praktis dan gak ribeet sampee yang harga minimal pun ada keren PLN,5,0,5.2.75,2025-12-11 11:03:15,"Wah, mimin senang sekali membaca ulasan Kak Dewi utk PLN Mobile. Terima kasih sudah menjadi bagian dari pelanggan digital kami yang aktif. Fyi nih Kak, di PLN Mobile banyak banget promonya lho, Kk bisa share ke temen dan keluarga ya kak. Have a nice day. :) -SH
",2025-12-12 02:49:59,5.2.75,praktis dan gak ribeet sampee yang harga minimal pun ada keren pln
e460c431-3f8f-4580-9ca8-03197df23880,Ricky hermanto,https://play-lh.googleusercontent.com/a-/ALV-UjXuKkSXc-oilGMA9igDoiPBDqFfkhDbqqM2RgfnApH2b5VxTEU,jos markotop🔥,5,0,5.2.75,2025-12-11 11:03:07,"Hi Kak Hermanto. Waaah banget nih penilaian ama reviewnya. Santuy besti, di aplikasi PLN Mobile kamu juga bisa beli produk yg kamu mau di menu Marketplace. Have a nice day Kak -FH",2025-09-03 19:41:58,5.2.75,jos markotop
8c93943c-185f-4767-8d5f-cfae37dc4bbd,Raditya Syahputra,https://play-lh.googleusercontent.com/a/ACg8ocLDw0X5pjTVFqAjZiNeubF6qBYDT8dHIMRQOlUG7rgbj6HO_g=mo,PLN luar biasa,5,0,5.2.75,2025-12-11 11:01:34,"Hallo Kak Raditya. Makasih ya udah kasih semangat buat tim PLN Mobile, kami jadi makin semangat upgrade fiturnya. Cuz rekomendasiin teman mu buat download PLN Mobile, kaga nyesel deh. Have a great day. :) -SH
",2025-12-12 02:49:51,5.2.75,pln luar biasa
e838ebf2-6bc5-4050-af07-199a7e658567,Fahri Abdullahbdl,https://play-lh.googleusercontent.com/a/ACg8ocIu0BJ3BFs1YFBhXMFDbK9pJFDc8gDf4_huxLO0WGvzTg44nA=mo,Pelayanan bagus,5,0,5.2.75,2025-12-11 11:01:07,"Terima kasih atas dukungannya Kak Fahri, ulasan positif Kk utk PLN Mobile memotivasi kami untuk terus meningkatkan performa dan kemudahan layanan digital kami. Buruan ajak besti kamu download PLN Mobile ya, lagi banyak promo looh. Stay Healthy. -SH
",2025-12-12 02:49:30,5.2.75,pelayanan bagus
a97d2356-0af6-4e97-9db3-2a01a86cc507,Tinus,https://play-lh.googleusercontent.com/a/ACg8ocJAPETsi9j0vGsESGm7LuApqAKrL2cWYSvfRcm5OWBHlaELpA=mo,Apk ini sangat membantu saat melapor gangguan listrik,5,0,,2025-12-11 11:00:53,"Terima kasih atas ulasan positifnya. Admin senang PLN Mobile dapat memberikan kemudahan dan kenyamanan bagi plgn. Cus rekomendasi ke tmn2 kmu juga ya Kak buat gunain PLN Mobile. Have a nice day. -SH
",2025-12-12 02:49:22,,apk ini sangat membantu saat melapor gangguan listrik
84b10b68-3e23-443e-b759-fee92bf1d7d3,Dwi Saputro,https://play-lh.googleusercontent.com/a/ACg8ocJrdgc4NL_2mDUrnYbApxCQLg1p-s2B22m3w4w14ZWiovly8A=mo,baik,5,0,5.2.75,2025-12-11 10:59:35,"Hai Kak Dwi, thanks buat rating terbaiknya. Tentu PLN senantiasa memberikan layanan-layanan yg semakin inovatif, efektif serta solutif. Yuk, diajak jg kerabat serta keluarganya utk menggunakan PLN Mobile dlm mengurus segala kebutuhan listrik rumah. Biar makin optimal, yuk perbaharui PLN Mobile nya ke versi terbaru Kak. Sukses selalu yah. :) -MF",2025-10-07 01:54:49,5.2.75,baik
bde45755-9645-4b70-b32b-7ca5662782de,Jadu Jadi,https://play-lh.googleusercontent.com/a-/ALV-UjUKaDlb47AoUI32QcQkunaKQVXti8FM4a-lPQ4OKj5j0P54MvMx,trimakasih pln,5,0,5.2.75,2025-12-11 10:58:10,"Wahh mantap banget ya Kak pengalaman menggunakan PLN Mobile. Admin senang PLN Mobile dapat memberikan kemudahan dan kenyamanan bagi plgn. Cus rekomendasi ke tmn2 kmu juga ya Kak buat gunain PLN Mobile. Have a nice day. -SH
",2025-12-12 02:49:18,5.2.75,trimakasih pln
4e5080fe-609c-4a07-ab09-c1488ff2279c,Diah Ratu,https://play-lh.googleusercontent.com/a/ACg8ocIK5N-U_fXxXhKwZxIZiiPp-J9ZBa2mw5fC5E6dMESs7itabg=mo,mantap,4,0,5.2.75,2025-12-11 10:58:04,"Tks Kak Diah. Ulasan Kk ikut mendorong kami untuk terus berinovasi dan menghadirkan PLN Mobile yang makin andal di masa mendatang. Kami ingin setiap pelanggan merasakan layanan kelistrikan yang modern, efisien dan mudah diakses kapan saja. Kalau berkenan, dukung terus dengan rating 5 dan ajak keluarga serta teman Kk menggunakan PLN Mobile. :) -YA",2025-12-11 11:03:06,5.2.75,mantap
44429c5c-fdc7-4371-821e-31a5bfa40ca6,Atika Damayanti,https://play-lh.googleusercontent.com/a/ACg8ocLKYEO21PGcFCvh_5rWK6SCvjpRYAY1Z4sgPDQe7k3P_dh4uQ=mo,terimakasih ULP Rajapolah dan kepelayanan penyambungan telah memberi tahu sitem apk PLN mobile bisa paska lewat apk PLN mobile MANTAPP,5,0,,2025-12-11 10:58:03,"Wah senang rasanya dpt feedback baik dr Kak Atika. Thanks ya ats kepercayaan Kk thdp pelayanan PLN selama ini. Kami akan trs berupaya memaksimalkan kualitas PLN Mobile agar sllu menghadirkan fitur2 unggul demi berikan kemudahan layanan & kbthn kelistrikan plgn. Stay Healthy. -SH
",2025-12-12 02:49:12,,terimakasih ulp rajapolah dan kepelayanan penyambungan telah memberi tahu sitem apk pln mobile bisa paska lewat apk pln mobile mantapp
5496ae53-1bd3-43fb-a7c4-cd90a70b8f95,Jhon N Walalohun,https://play-lh.googleusercontent.com/a-/ALV-UjW-N2IMUoVaMaL7OF8gBnXB9yrB0kem5M7E5bttVfXX6LPbol9wIw,PLN mobile bagus. mantap,5,0,5.2.75,2025-12-11 10:57:29,"Tengkyu ya Kak Jhon penilaiannya buat PLN Mobile. Kalau no. token pembelianmu hilang, jangan panik. Untuk mengetahui no Token, kaka dapat melihat pada menu riwayat pembelian token aplikasi PLN Mobile ya. Have a great day -RZ
",2024-02-09 14:58:16,5.2.75,pln mobile bagus mantap
5a2a1d8f-ceca-4abf-b454-202d3ff7ba6e,Imam Mami,https://play-lh.googleusercontent.com/a-/ALV-UjUc8ovtVLYw7ocdngcTMF6vUDydu_7e1h5TL2jBOJnilYLrocSX,dengan adax aplikasi pln mobile sangat memudahkan pelanggan pln tambah sukses,5,0,5.2.75,2025-12-11 10:56:58,"Hallo Kak Imam. Wah, mimin seneng banget denger kamu udah terbantu sama PLN Mobile. Makasih ya udah pakai aplikasinya, semoga terus jadi andalan kamu kapan aja. Cuz rekomendasiin teman mu buat download PLN Mobile, kaga nyesel deh. Have a nice day. -SH
",2025-12-12 02:49:05,5.2.75,dengan adax aplikasi pln mobile sangat memudahkan pelanggan pln tambah sukses
edd1ff28-9d68-4952-9e50-564975f6f9e6,Onta Inti,https://play-lh.googleusercontent.com/a/ACg8ocIJYYpyPNRwEPMV14UpUtLKIkNI2G6YNQf9SINwtOOTSmo8qA=mo,jangan ragu untuk download aplikasi ini,5,0,,2025-12-11 10:55:45,"Wah, seneng banget denger Kak ngerasain gampangnya PLN Mobile. Emang paling enak, semua bisa beres dalam satu genggaman aja. Fyi nih kak, di PLN Mobile banyak banget promonya lho, Kakak bisa share ke Temen dan Keluarga ya kak.Have a nice day. -SH
",2025-12-12 02:48:54,,jangan ragu untuk download aplikasi ini
382619a0-f95c-4697-9680-be701fb4f1d5,Harun Murtopo,https://play-lh.googleusercontent.com/a-/ALV-UjVb20VQ8K_YpKXf_J0B1RZrN_hINNd0kGa-OXisGoUmObtc3geG,sangat membantu,5,0,,2025-12-11 10:55:27,"Terima kasih ya Kak Harun udah setia bareng PLN Mobile. Kamu pengguna luar biasa. Karena solusi terbaik itu yang bisa bantu kamu tanpa bikin pusing. Cuz rekomendasiin teman mu buat download PLN Mobile, kaga nyesel deh. Have a nice day. -SH
",2025-12-12 02:48:50,,sangat membantu
6f7c20c9-f1a1-4c6c-9430-7bed9a7994f9,Nsrmhulis,https://play-lh.googleusercontent.com/a/ACg8ocKyiWSKX4LGnRmrutIZaFQrkl7DZB6CBtOU6IYey9HTEYn16w=mo,terbaik,5,0,5.2.75,2025-12-11 10:53:43,"Thanks Kak atas dukungannya. PLN Mobile memang dirancang buat bikin semua layanan listrik jadi lebih praktis dan efisien. Gak perlu repot, semua dalam genggaman. Pelayanan yang baik adalah yang bikin hidup lebih ringan dijalani. Ayo ajak keluarga/teman/kerabat untuk mendownload PLN Mobile dan nikmati kemudahannya. Have a nice day. -SH
",2025-12-12 02:48:43,5.2.75,terbaik
507dd3a7-f34f-416f-a4d9-bfd0eab59aa9,hemma maulana,https://play-lh.googleusercontent.com/a/ACg8ocKf-HMtnzLcc0CBZrWKLB2XWRjoxMtxulg3OB1E2REgNBCMkg=mo,pelayanan baik dan cepat,5,0,,2025-12-11 10:51:27,"Terima kasih ya Kak. Kamu udah buktiin PLN Mobile itu solutif. Kami terus belajar dan berkembang biar makin bermanfaat. Karena teknologi terbaik selalu dengar penggunanya. Cus rekomendasi ke tmn2 kmu juga ya Kak buat gunain PLN Mobile. Have a nice day. -SH
",2025-12-12 02:48:37,,pelayanan baik dan cepat
5a854e84-84d4-4522-bdfe-804c0f5a1a02,Ali Munawar,https://play-lh.googleusercontent.com/a/ACg8ocKZrEu7QnxQfCzaeWYt4f07TDBLTZBuGUl3SUw0BBPcgnk_ug=mo,"kok bisa-bisanya PLN mobile menautkan bilpay, itu aplikasi sudah seminggu tak bisa di akses saldo masih banyak lagi",5,0,5.2.75,2025-12-11 10:51:09,"Pagi Kak Ali. Mimin trs berusaha menghadirkan opsi pembayaran yg tepat & mudah dijangkau sesuai dgn kebutuhan Plgn. Hal ini trs mimin perhatikan utk setiap kanal pembayaran yg tersedia dpt hadir dgn versi yg lbh baik demi kenyamanan Plgn. Jikalau Kk memiliki masukan buat mimin, jgn sungkan utk bagikan ke media layanan pelanggan resmi PLN ya. :) -MF",2025-12-10 01:13:20,5.2.75,kok bisa bisanya pln mobile menautkan bilpay itu aplikasi sudah seminggu tak bisa di akses saldo masih banyak lagi
85f02662-57e2-4cc0-89cb-63f5fccc916f,Sumarlik,https://play-lh.googleusercontent.com/a/ACg8ocJmmYFli5ryxpcilJIcmgGpKCNh7HZlk1wBm726wBpdKc8eIQ=mo,sangat membantu,5,0,5.2.75,2025-12-11 10:50:36,"Makasih banyak ya Kak atas ulasan manisnya. Senang banget tahu PLN Mobile bisa bantu kasih info soal kendala listrik yang dialami. Jadi lebih tenang dan tahu harus ngapain. Info yang jelas bikin langkah jadi pasti. Pelayanan yang baik, bikin hati happy. Cuz rekomendasiin teman mu buat download PLN Mobile, kaga nyesel deh. :) -SH
",2025-12-12 02:48:33,5.2.75,sangat membantu
cc9539db-0a36-48ef-a83e-4d903027caea,Ary RizkyRidho,https://play-lh.googleusercontent.com/a/ACg8ocKg60933NQ10klENyMWysaIE2pTmCKtxk4HV1lQf0_1jCiphQ=mo,aplikasi memudahkan kami membeli pulsa secara mudah,5,0,5.2.75,2025-12-11 10:50:07,"Makasih Kak Ary sudah download PLN Mobile. Semoga aplikasinya bermanfaat dan bisa bantu kebutuhan kelistrikan Kk ke depannya ya. Kalau ada saran, pertanyaan, atau kendala selama pemakaian, jangan ragu gunakan fitur Live Chat biar CS kami bisa bantu langsung. Selamat mencoba dan semoga pengalaman pertamanya menyenangkan. Tks. -SH
",2025-12-12 02:48:24,5.2.75,aplikasi memudahkan kami membeli pulsa secara mudah
0432e297-d298-415b-83c6-06e409f82135,Muslimin Hanafi,https://play-lh.googleusercontent.com/a/ACg8ocKFYzJ0RTiPhdOf3Fn98crbMX4yCslnPuDHvaz-aHnvR295wg=mo,Bagus pelayanan,5,0,,2025-12-11 10:49:29,"Hai Kak Hanafi. Waaah banget nih penilaian ama reviewnya. Kuyy ajak besti mu buat tambah daya di aplikasi PLN Mobile, banyak promo menarik loh. Have a nice day - YR",2024-05-20 08:17:17,,bagus pelayanan
66f0b90f-c3e6-4e8c-a640-977a675b2696,Mr. U,https://play-lh.googleusercontent.com/a-/ALV-UjUjqOLNU2d4h73Ndf2zTozPc2sY1gVHifoKJ3p4r3710UskpUs,"Pelayanan cepat, terimaksih PLN mobile 🙏👍",5,0,5.2.75,2025-12-11 10:49:11,"Terima kasih Kak. PLN Mobile terus berkembang buat kamu. Semua layanan jadi makin mudah. Karena tujuan kami cuma satu: bikin kamu nyaman. Cuz rekomendasiin teman mu buat download PLN Mobile, kaga nyesel deh. Have a nice day. -SH
",2025-12-12 02:48:17,5.2.75,pelayanan cepat terimaksih pln mobile
afeb3e3f-ec97-48a3-af27-1688174e1bdd,dari kita,https://play-lh.googleusercontent.com/a/ACg8ocJW51ZvQNzKp5sDL2UxpxIMctdmza__KslA-j2_OSddoLoY3Q=mo,aplikasinya sangat bermanfaat bagi masyarakat dan sangat mudah diakses,5,0,5.2.75,2025-12-11 10:48:43,"Terima kasih Kak. Kami terus semangat bantu kamu lewat fitur fitur praktis di PLN Mobile. Karena di dunia yang cepat, solusi juga harus cepat. Cuz rekomendasiin teman mu buat download PLN Mobile, kaga nyesel deh. Have a nice day. -SH
",2025-12-12 02:48:12,5.2.75,aplikasinya sangat bermanfaat bagi masyarakat dan sangat mudah diakses
c5684239-76b8-46a3-b890-9f5f9e5bfbdc,Ibolong La Mading,https://play-lh.googleusercontent.com/a/ACg8ocKZkCQ463VI-dg8uTHmXXTApF1Xehcwgr_NlliW6Hoo3a9pvA=mo,sangat membantu skali,5,0,5.2.75,2025-12-11 10:47:33,"Terima kasih ya Kak. Kami hadir untuk memudahkan, bukan menambah beban. Dengan PLN Mobile, semua jadi lebih ringkas. Karena hidup itu udah cukup ramai, biar kami bantu sederhanakan. Ayo ajak keluarga/teman/kerabat untuk mendownload PLN Mobile dan nikmati kemudahannya. Have a nice day. -SH
",2025-12-12 02:47:23,5.2.75,sangat membantu skali
f8a3d7b6-15cd-4ccc-8bd3-8304fa1e31fe,iri saepudin,https://play-lh.googleusercontent.com/a/ACg8ocJorEG6urSeYx7rGyOdhzJ9-Y1U9RscdwrJcw5MFHRvIxkmuw=mo,PLN TERBAIKK SANGAT MEMBANTU PROSES PASANG BARU SAYAA TERIMAKASIN PLN,5,0,,2025-12-11 10:46:19,"Makasih Kak udah percaya PLN Mobile bantu urusan listrik kamu. Satu aplikasi, banyak solusi. Karena teknologi seharusnya bikin hidup makin simple. Ayo ajak keluarga/teman/kerabat untuk mendownload PLN Mobile dan nikmati kemudahannya. Have a nice day. -SH
",2025-12-12 02:47:20,,pln terbaikk sangat membantu proses pasang baru sayaa terimakasin pln
c35bc03e-95ca-46f2-ac85-7fca95fc0aaa,Muhammad Zulhi,https://play-lh.googleusercontent.com/a/ACg8ocIZxK24hwsrr6uRKrD9FZ-VuZAYW9qL8pGmIzVr7gz7UuO5VQ=mo,Terbaik dan mempermudah .mantap,5,0,5.2.75,2025-12-11 10:45:23,"Halo Kak Zulhi. Tks Kak penilaiannya, semoga semakin setia menggunakan PLN Mobile. Cuz rekomendasiin teman mu buat download PLN Mobile, kaga nyesel deh. Stay safe ya. -SF",2025-08-26 07:11:36,5.2.75,terbaik dan mempermudah mantap
5287fad6-626f-4cda-8c4c-aee6e165aec9,Hafid Mahzdan,https://play-lh.googleusercontent.com/a-/ALV-UjVUxYpszgadRd4Kjtr1muTATPHMCAIOgskDautiJaz03DS7SW8,Sangat membantu kak👍,5,0,5.2.75,2025-12-11 10:44:36,"Terima kasih Kak Hafid udah jadi bagian dari perjalanan PLN Mobile. Feedback positif kamu itu penyemangat banget. Karena yang besar dimulai dari kenyamanan kecil di genggaman. Buruan ajak besti kamu download PLN Mobile ya, lagi banyak promo looh. Stay Healthy. -SH
",2025-12-12 02:47:14,5.2.75,sangat membantu kak
d6d9ef07-4913-4e28-8a5e-86876515577e,veralisa masterin,https://play-lh.googleusercontent.com/a-/ALV-UjVXQUfdbvlnuIUnHRMmT-skOdN6M6uqTOzkKmIOpA_zFedDeMvJ,Sangat bagus.. lebih maju lagi,5,0,5.2.75,2025-12-11 10:42:27,"Wah, seneng banget bacanya. Makasih ya Kak udah pakai PLN Mobile. Semua layanan jadi satu aplikasi. Karena waktu kamu terlalu berharga buat dihabiskan ngantri. Buruan ajak besti kamu download PLN Mobile ya, lagi banyak promo looh. Stay Healthy. -SH
",2025-12-12 02:47:08,5.2.75,sangat bagus lebih maju lagi
0b1c757d-2105-45b0-86f1-656545e135f3,Isniyanto Isnin,https://play-lh.googleusercontent.com/a/ACg8ocKvXCLENiS4OO7JOcgm8fsE2D5x4jUCc-2rdTgK4kWMnkJKhw=mo,PLN selalu jaya,5,1,5.2.75,2025-12-11 10:41:54,"Wah, mimin seneng banget liat ulasan dari Kak Isniyanto. Makasih ya Kak. Mimin akan terus hadirkan layanan yang cepat, praktis dan ramah pengguna melalui PLN Mobile. Ajak keluarga Kk yuk buat download PLN Mobile. PLN Mobile siap kasih solusi terbaik untuk penggunanya. :) -FE",2025-12-03 07:51:59,5.2.75,pln selalu jaya
f00f1b0a-0029-4a65-be91-9f28fe6c20d3,Warijan Gaeng,https://play-lh.googleusercontent.com/a/ACg8ocIzIBjTQFjrTlAJLZPqhYgsyGAuo0V6_bfuFU-GuWa5P3y2uw=mo,sangat baik,5,0,5.2.75,2025-12-11 10:41:17,"Terima kasih Kak. Dengar kamu puas tuh bikin kami makin semangat. PLN Mobile hadir biar urusan listrik jadi ringan. Karena yang simpel biasanya bikin hidup lebih tenang. Buruan ajak besti kamu download PLN Mobile ya, lagi banyak promo looh. Stay Healthy. -SH
",2025-12-12 02:47:05,5.2.75,sangat baik
fd211f92-19d5-4e9f-aa7b-e6cee7b17e34,Nana Ogin1504,https://play-lh.googleusercontent.com/a/ACg8ocJPQv6I2vePdDtroGTLAv48u0ql8qp9pyx64pydDmntDptDGQ=mo,PLN mobile mantaf,5,0,5.2.75,2025-12-11 10:40:44,"Makasih banyak ya Kak udah percaya PLN Mobile. Semua jadi simpel, cek tagihan, beli token, pasang baru tinggal klik. Karena kenyamanan itu hak semua orang dan kami senang bisa kasih itu ke Kk. Cuz rekomendasiin teman mu buat download PLN Mobile, kaga nyesel deh. Have a great day. -SH
",2025-12-12 02:46:59,5.2.75,pln mobile mantaf
f48cf708-325f-4765-8cb3-6b98c14b4b8c,Choeron Abdul Basit,https://play-lh.googleusercontent.com/a/ACg8ocJeQ-_4W9dIkkzwz-FpAfwkNA44kgNYG5dfuUg1cThsizwDoQ=mo,mantap,5,0,5.2.75,2025-12-11 10:40:36,"Terima kasih Kak Abdul. Kami selalu hadir buat bantu urusan listrikmu. Karena aplikasi yang baik, bukan cuma canggih tapi juga memudahkan. Cuz rekomendasiin teman mu buat download PLN Mobile, kaga nyesel deh. Have a great day. -SH
",2025-12-12 02:46:55,5.2.75,mantap
5cbaa61c-89f7-4349-ab4a-5192efbd904e,Tuti Purwanto,https://play-lh.googleusercontent.com/a/ACg8ocLbesIIcK-ecmQ2usS4beC_K8PP0UH1PsLzGg5owVnQdeaUtA=mo,TERIMA KASIH PLN,5,0,5.2.75,2025-12-11 10:39:45,"Terima kasih ya Kak Tuti udah jadi pelanggan keren. Semua jadi lebih mudah karena PLN Mobile ada buat kamu. Karena layanan terbaik lahir dari pengalaman nyata. Pln Mobile anti ribet. Yuk aja temenmu tuk download sekarang juga. Have a nice day. -SH
",2025-12-12 02:45:13,5.2.75,terima kasih pln
b6873db1-f489-49ce-968d-8ab4bc7f9848,STOK EFB EPIC,https://play-lh.googleusercontent.com/a/ACg8ocINrOr7JjNo9fsndUzVC83TCcYvlHmMTgieuEGfUNea8HHiXw=mo,"PLN Sangat membantu disaat masalah terganggu, respon cepat dan cepat menangani masalah",5,0,5.2.75,2025-12-11 10:39:23,"Makasih banyak ya Kak. PLN Mobile jadi solusi pas buat kamu yang gak mau ribet. Karena kadang, jawaban terbaik cuma sejauh satu klik. Cus rekomendasi ke tmn2 kmu juga ya Kak buat gunain PLN Mobile. Stay safe ya. -SH
",2025-12-12 02:45:07,5.2.75,pln sangat membantu disaat masalah terganggu respon cepat dan cepat menangani masalah
e161ca55-3816-4c98-bd4d-d34e3eab8b07,Beta Mundi Pangestuti,https://play-lh.googleusercontent.com/a-/ALV-UjVIMvzVmxeEeVzQX-h0PaGW_yeI-ivgEk4x0F87Cn0K77fijA,lebih cepat,5,0,5.2.75,2025-12-11 10:39:21,"Makasih Kak udah kasih feedback positif buat PLN Mobile. Aplikasi ini emang dibuat biar masyarakat bisa akses layanan kapan aja, di mana aja. Praktis dan efisien. Teknologi yang baik bukan cuma canggih, tapi juga peduli dan mempermudah hidup. Cus rekomendasi ke tmn2 kmu juga ya Kak buat gunain PLN Mobile. Stay safe ya. -SH
",2025-12-12 02:45:03,5.2.75,lebih cepat
4dde921f-2e7e-4287-b942-47e5331e277c,zheni putrysulsy,https://play-lh.googleusercontent.com/a-/ALV-UjUgayeTBu2vuNdkWXGCVmGajkT4xi_lPVd1H5mXYucpqK4SG_M,aplikasi pln mobile seperti kekasih gak pingin jauh2 darinya🥰,5,0,5.2.75,2025-12-11 10:38:18,"Terima kasih ya Kak Zheni. Kami senang banget bisa bantu Kk. Karena kenyamanan pelanggan adalah prioritas utama kami. PLN Mobile jadi solusi pas buat kamu yang gak mau ribet. Karena kadang, jawaban terbaik cuma sejauh satu klik. Cus rekomendasi ke tmn2 kmu juga ya Kak buat gunain PLN Mobile. Stay safe ya. -SH
",2025-12-12 02:44:58,5.2.75,aplikasi pln mobile seperti kekasih gak pingin jauh2 darinya
1a78fe4e-51a4-4bcf-9ce2-8ec7487f8cd5,Atallah Maulidin Niesta Fatah,https://play-lh.googleusercontent.com/a-/ALV-UjVAzqyyPaAwM2B-iMPDipxqEgwhdsx75P0qIU-KzJFQMyGb1V8,lebih mudah,5,0,,2025-12-11 10:37:46,"Terima kasih Kak Maulidin udah bantu PLN Mobile berkembang. Semua jadi mungkin dalam satu aplikasi. Karena hidup terlalu singkat buat antre. Cus ajak temen, saudara, atau tetangga juga! PLN Mobile bikin urusan listrik jadi makin simple. Have a good day. -SH
",2025-12-12 02:44:48,,lebih mudah
e546126f-d8ad-4c61-a63b-7b14585cffd7,Wardani,https://play-lh.googleusercontent.com/a/ACg8ocIJZ9OKGAgh31p246UK0uAddhtF1zHw5VJZZgwaB_vIwUXEoA=mo,aplikasi yang sangat membantu..dan respon pun sangat cepat..mantap,5,0,5.2.75,2025-12-11 10:37:42,"Terima kasih ya Kak Wardani. PLN Mobile bantu kamu atur semuanya cuma lewat perangkat. Karena di era digital, kenyamanan ada di satu sentuhan. Udah ngerasain manfaatnya? Cus ajak temen, saudara, atau tetangga juga! PLN Mobile bikin urusan listrik jadi makin simple. Have a good day. -SH
",2025-12-12 02:44:38,5.2.75,aplikasi yang sangat membantu dan respon pun sangat cepat mantap
df08117f-7beb-44c9-85f4-7e73a2cb1f08,Anglin Patrisia Matoneng,https://play-lh.googleusercontent.com/a/ACg8ocKAkqwacy5BvgHPba_ZyuD90fI7Tb04GXC5v69_zjdCoCCGXg=mo,aplikasi ini sangat membantu,5,0,5.2.75,2025-12-11 10:36:47,"Makasih banyak ya Kak. Urusan listrik sekarang gak perlu keluar rumah. Karena yang praktis itu, makin bikin hidup gak ribet. Udah ngerasain manfaatnya? Cus ajak temen, saudara, atau tetangga juga! PLN Mobile bikin urusan listrik jadi makin simple. Have a good day. -SH
",2025-12-12 02:44:31,5.2.75,aplikasi ini sangat membantu
b27e60e5-37e2-43d4-b13c-8e586e8be8c4,Mas Adek Adie Adie,https://play-lh.googleusercontent.com/a-/ALV-UjUPVM4yOjiJI8AKkX9DBvx7On3CPN4mqhCsQieWpjPgA_qZWbcF,dengan adanya pln mobile keluhan pelanggan bisa teratasi..,5,0,5.2.75,2025-12-11 10:36:26,"Terima kasih udah jadi bagian dari kemudahan bareng PLN Mobile. Karena setiap kemudahan yang kamu rasakan, adalah semangat buat kami terus berkembang. PLN Mobile nya udah top banget, jangan dinikmatin sendiri dong, ajak orang terdekat kamu juga. Semangat terus yaa. -SH
",2025-12-12 02:44:25,5.2.75,dengan adanya pln mobile keluhan pelanggan bisa teratasi
1f7684ab-ff42-426e-bcce-e3c2aeb90b34,Charles Lengkong,https://play-lh.googleusercontent.com/a/ACg8ocIOAoyiYcgWij7cAMpSGOZG3sCAA5w7uOnp1GsBxe4yse-gtg=mo,mantap PLN.. saya senang sekali menggunakan aplikasi ini karena mudah untuk akses pembayaran tagihan,5,0,,2025-12-11 10:35:28,"Makasih Kak Charles udah kasih energi positif buat kami. Kamu puas, kami ikut senang. Karena hal kecil kayak klik di aplikasi, bisa bikin perubahan besar. Yuk, bareng keluarga dan sahabat, nikmati kemudahan urus listrik pakai PLN Mobile. Gak pake ribet, cukup dari genggaman. Semoga harimu menyenangkan. -SH
",2025-12-12 02:44:21,,mantap pln saya senang sekali menggunakan aplikasi ini karena mudah untuk akses pembayaran tagihan
9d61f9a6-e927-4f42-94a1-380dc9595c43,Saiful Anwar,https://play-lh.googleusercontent.com/a/ACg8ocKCN7uD0dxie2PQfVcAUJyQdTL0FMfVKE4kyLeZsMu2YlIfxQ=mo,Aplikasi ini membantu..pelayanan cepat terbaik pelanggan puas,5,0,5.2.75,2025-12-11 10:35:00,"Terima kasih ya Kak Saiful udah percaya PLN Mobile. Satu aplikasi, banyak solusi. Karena yang serba mudah bikin hari-hari kamu jauh lebih ringan. Yuk rekomendasiin ke orang-orang terdekat juga, Kak biar gak ada yang ketinggalan kemudahan ini. Have a nice day. -SH
",2025-12-12 02:44:14,5.2.75,aplikasi ini membantu pelayanan cepat terbaik pelanggan puas
1b449c8f-85ae-47d4-9d0f-e9698ee4255b,Muhamad gungun Ansori,https://play-lh.googleusercontent.com/a-/ALV-UjX7HSNL79YBci754SdTyJfkUdn-G04O5VsgD8xFw94-38PTqKE,mantap pisan,5,0,5.2.75,2025-12-11 10:34:00,"Rating manisnya udah kami terima, makasih banyak Kak Muhamad. Senang PLN Mobile bisa kasih kemudahan buat Kakak. Solusi terbaik lahir dari kemudahan dalam genggaman. Yuk ajak teman, keluarga, bahkan tetangga sekalian buat cobain PLN Mobile. Stay safe ya. -SH
",2025-12-12 02:43:50,5.2.75,mantap pisan
a379193d-8747-42e0-a95d-9e739e86d37d,KEMAS,https://play-lh.googleusercontent.com/a-/ALV-UjVv7eEfo_bGAQ2RjPftq0ef1Ehm1wIY7lA3bKCUrgVsRwLYiEQ,bagus🤩,5,0,,2025-12-11 10:33:17,"Terima kasih ya Kak atas ulasan dan ratingnya. Kami senang PLN Mobile bisa jadi aplikasi andalan yang memudahkan urusan listrik. Ketika teknologi mendekatkan, kenyamanan jadi terasa nyata. Jangan lupa ajak keluarga & teman download PLN Mobile juga yaa. Have a nice day. -SH
",2025-12-12 02:43:42,,bagus
00efb03d-10c7-4277-9b01-d620e052b138,Rahmat Chucenk,https://play-lh.googleusercontent.com/a/ACg8ocI0v9zrUpMxK_ypp0z5vV9bAq63j9V5famTLotC5lHtajwzoQ=mo,aplikasi PLN mobile mantap 👍,5,0,5.2.75,2025-12-11 10:31:04,"Hi Kak Rahmat. Makasih yah buat bintangnya, semoga kamu selalu nyaman menggunakan PLN Mobile. Ingin tau biaya Pasang Baru, klik ajah menu simulasi biaya di PLN Mobilemu, semua makin mudah. Sukses buat Kakak yah. -MS
",2025-08-24 05:08:25,5.2.75,aplikasi pln mobile mantap
9df9fdfe-7d35-4a86-9c44-ee18ef2c2ccb,Miftah Algafari,https://play-lh.googleusercontent.com/a/ACg8ocL1CWNkxL-c9v1q8CmC_HkAfaRWLcOFEkTnXOggupvMYZQ-cw=mo,mantap aplikasinya,5,0,,2025-12-11 10:29:10,"Hai Kak Miftah, terima kasih atas rating 5 nya yang bikin kami makin semangat. Senang banget PLN Mobile bisa jadi andalan Kakak buat urusan kelistrikan. Kami terus berinovasi biar makin sat set. Yuk ajak orang tersayang cobain juga PLN Mobile, biar makin banyak yang terbantu. Have a nice day. -SH
",2025-12-12 02:43:23,,mantap aplikasinya
58499558-98e9-4df7-9c91-836074ff5ab1,Sugeng Prayitno,https://play-lh.googleusercontent.com/a/ACg8ocLYmbfQK1vJqsxB0ar-NLdinHHKV5wevAa2UKaVLmiivN5fWQ=mo,mempermudahkan,5,0,5.2.75,2025-12-11 10:28:26,"Hi Kak Sugeng, Makasih buat penilaiannya. Semoga PLN Mobile bisa meningkatkan kemudahan dalam melayani pelanggan PLN. Nikmati jg fitur penyambungan baru & tambah dayanya y kak, semua mudah dalam satu genggaman. Stay safe ya -ES
",2025-09-04 03:02:31,5.2.75,mempermudahkan
731d3c72-c541-4de3-bb9e-d94f24cfecfb,agus mulyana,https://play-lh.googleusercontent.com/a/ACg8ocIMFJ4BicjjK0pNqmOzzp5hB5UXF_RUrzkXahNvCNFwN4Yu0Q=mo,pln mobile aplikasi yg memudahkan pelanggan👌👌👌,5,0,5.2.75,2025-12-11 10:28:15,"Hi Kak Agus. Terima kasih sudah memberikan rating cantiknya untuk aplikasi PLN Mobile. FYI nih kak, di PLN Mobile banyak banget promonya lho, Kakak bisa share ke Temen dan Keluarga ya kak. Have a nice day. -CD
",2025-11-27 08:20:57,5.2.75,pln mobile aplikasi yg memudahkan pelanggan
c850eed9-07d4-49e0-a682-9e4cdc4f24d8,adaam syah,https://play-lh.googleusercontent.com/a/ACg8ocJvUGwxCY_1i5M7BmCVqh2iCgkETC83vAUsrTLu6r23nB4SHw=mo,okkkkkk,5,0,5.2.75,2025-12-11 10:28:04,"Terima kasih banyak ya Kak Adam atas ulasannya. Senang banget dengar Kk terbantu dengan PLN Mobile & pelayanan ramah dari petugas kami. Semua dibuat simpel, nyaman & gak ribet. Keramahan itu bukan layanan tambahan, tapi bagian dari kenyamanan utama. Cus rekomendasi ke tmn2 kmu juga ya Kak buat gunain PLN Mobile. Have a nice day. -SH
",2025-12-12 02:43:12,5.2.75,okkkkkk
c7a7bf46-b8b0-409c-a2fa-2e0aa093bca5,Jaimun Farid,https://play-lh.googleusercontent.com/a/ACg8ocKWpr_fhIAqQg60PsD2i0FXP386-HqnLN6Pivnc5k7RcHOVTw=mo,fitur pln mobile lengkap,5,0,5.2.75,2025-12-11 10:26:03,"Hai Kak Jaimun. Waaah banget nih penilaian ama reviewnya. Kuyy ajak besti mu buat tambah daya di aplikasi PLN Mobile, banyak promo menarik loh. Have a nice day - YR",2024-07-27 20:53:24,5.2.75,fitur pln mobile lengkap
acca97ef-27ea-4c81-b208-512ecc0c20f9,ahmad angga,https://play-lh.googleusercontent.com/a-/ALV-UjWgPl3gl0B_a5HbBW4ZyophmAeBdEZjPY9Q9TOG6Oih1Cv533RR,mantap,5,0,5.2.75,2025-12-11 10:26:01,"Makasih banyak Kak ahmad udah support PLN Mobile. Kami seneng kamu ngerasa terbantu. Fitur-fitur praktisnya siap temani kamu kapan pun. Karena kenyamanan itu, hak semua orang. Biar makin rame nikmatin kemudahan, yuk ajak orang-orang tercinta install PLN Mobile. Satu aplikasi, banyak manfaat. Have a nice day. -SH
",2025-12-12 01:38:27,5.2.75,mantap
db993b98-d95e-4d0f-b357-4567c99fb9fa,Lukman Ardiansyah,https://play-lh.googleusercontent.com/a/ACg8ocLhPHuOID37OpKYhU_FnOQfsXubHUn5rzq6BZE2KMaV6GOgjg=mo,"Alhamdulillah onok aplikasi PLN mobile urusan listrik dadi lebih gampang ,, lapor gangguan yo enak ,, Ngajukan pemasang baru Yo cepet .. tambah daya daftar e sediluk lek teko PLN mobile .. update info tambah daya Yo onok ,, lengkap wes .. sukses terus PLN ... Salam hpl 0 hari 👍👍👍💪💪💪💪 jaya terus PLN",5,0,5.2.75,2025-12-11 10:25:20,"Hi Kak Lukman, makasih yah buat bintangnya, semoga kamu selalu nyaman menggunakan PLN Mobile. Kuyy ajak besti mu buat tambah daya di aplikasi PLN Mobile, banyak promo menarik loh. Sukses buat Kakak yah -YA",2025-03-10 17:01:07,5.2.75,alhamdulillah onok aplikasi pln mobile urusan listrik dadi lebih gampang lapor gangguan yo enak ngajukan pemasang baru yo cepet tambah daya daftar e sediluk lek teko pln mobile update info tambah daya yo onok lengkap wes sukses terus pln salam hpl 0 hari jaya terus pln
d5db64b7-c986-450a-9055-ece9336967eb,Nur hidayat,https://play-lh.googleusercontent.com/a/ACg8ocKMvNLDx4U3JQLKu2x1y9S4HnbAodw63rdGpi35h6VA-0DaWQ=mo,jas aplikasinya.,5,1,5.2.75,2025-12-11 10:24:22,"Kak Nina, thanks ya buat ulasan dan rating terbaik yang diberikan utk PLN Mobile. Yuk nikmati fitur-fitur seperti pasang baru atau tambah daya yang ada di PLN Mobile. Semua jadi mudah hanya dengan sentuhan layar smartphone. Salam sehat selalu. :) -FE",2025-11-27 06:48:20,5.2.75,jas aplikasinya
09882ac8-eeb5-4011-b844-8855c06ca6cd,Mahjong Ways,https://play-lh.googleusercontent.com/a/ACg8ocIannwOxzoKq_Rwx0FjFJnebBkxeHLiGJ025ORMQYGQ8dTLDA=mo,mantap aplikasinya.sangat membantu.pelaporan dan pengaduan dipermudah.,5,0,,2025-12-11 10:24:15,"Terima kasih ya Kak. Kamu udah buktiin sendiri, urusan listrik bisa cepat dan praktis. Kami terus semangat tingkatin layanan. Karena senyum pelanggan itu semangat buat kami. Udah cobain dan suka? Cus ajak yang lain juga ya. PLN Mobile makin praktis, semua jadi lebih mudah. Semoga harinya cerah terus. -SH
",2025-12-12 01:38:12,,mantap aplikasinya sangat membantu pelaporan dan pengaduan dipermudah
908fcdf8-b1f0-4e2e-81d1-affd9e74e83c,Moch Setya ardianto,https://play-lh.googleusercontent.com/a-/ALV-UjVJ6YIlxUlndmnNbsbHYD1qMvtq4qZYUpclGKDIG0lVxE5Ak70,PELAYANAN TERBAIK.......,5,0,5.2.75,2025-12-11 10:23:50,"Tks Kak Setya penilaiannya, semoga semakin setia menggunakan PLN Mobile. Kak, tau ga sih, PLN Mobile skrng udah bisa beli Kebutuhan sehari hari lho, yuk kepoin di Marketplace, cus belanja. Have a nice day -TR
",2025-03-31 16:06:50,5.2.75,pelayanan terbaik
182a6014-97d6-44e8-8d80-a6560b962417,Mochamad Ramdan,https://play-lh.googleusercontent.com/a/ACg8ocJu5Qis1wvJxReERYUg33TttkILny-KRXO3LtFMlJMfbW766Q=mo,pelayanan pln mobile sangat bagus..semoga dapat dipertahankan,5,0,5.2.75,2025-12-11 10:23:43,"Hai Kak Ramdan, makasih buat ulasannya. Wah semoga pengalaman menggunakan PLN Mobile selalu menyenangkan. Ditunggu update info dan promo lainnya nanti, dapat dilihat di menu Promosi & Informasi. Have a nice day. Tks-MB
",2025-09-06 03:17:11,5.2.75,pelayanan pln mobile sangat bagus semoga dapat dipertahankan
af89f9e7-011a-4649-9f8c-366b662a89f9,sok asik,https://play-lh.googleusercontent.com/a/ACg8ocIJWImbH7vquRl-cUfnkVvsQP3EH5qXklbvmdRV3aWoVMU3EQ=mo,trimakasih PLN mobile memudahkan sya buat pengajuan pasang kWh baru,5,0,,2025-12-11 10:23:06,"Terima kasih Kak udah jadi pengguna PLN Mobile. Fitur-fitur kami hadir untuk kamu yang pengen semuanya beres tanpa ribet. Karena kenyamanan adalah langkah pertama menuju hari yang lebih baik. PLN Mobile nya udah makin lengkap, sayang kalau gak ajak keluarga dan temen ikutan cobain. Semangat terus hari ini ya. -SH
",2025-12-12 01:38:01,,trimakasih pln mobile memudahkan sya buat pengajuan pasang kwh baru
0c36dfc5-e673-48bd-958f-6dad04c97118,Junita Filinsya,https://play-lh.googleusercontent.com/a/ACg8ocLz1-YWo8U-DZHxW4buCNi3jMLui_eE53954nlLHfTHUWjZHw=mo,sangat Membantu PLN tentena,5,0,,2025-12-11 10:22:24,"Terima kasih Kak Junita udah percaya PLN Mobile. Seneng rasanya bisa bantu Kaka. Aplikasi satu ini memang diciptakan buat hidup yang serba dinamis. Karena waktu kamu terlalu berharga buat dihabiskan nunggu. Jangan lupa sebarin info ke keluarga dan bestie kamu ya. PLN Mobile bikin semuanya jadi lebih simpel. Stay safe and happy. -SH
",2025-12-12 01:37:54,,sangat membantu pln tentena
06ea24ac-347e-44a4-adb1-e1e0bbcc0bb7,Eviana Dewi,https://play-lh.googleusercontent.com/a/ACg8ocJjzmBE5k-lx05zFNnFFTcY-wMhbk8ME1xuYtOe21E99i8RKA=mo,sangatsangat memuaskan. dan sabgat membantu. tingkatkan terus,5,0,5.2.75,2025-12-11 10:22:10,"Hai Kak Eviana, thanks ya penilaiannya. Cus rekomendasi ke tmn2 kamu juga ya Kak buat gunain PLN Mobile. Ingin tau biaya Pasang Baru, klik ajah menu simulasi biaya di PLN Mobilemu, semua makin mudah. Stay safe ya -NY
",2025-03-29 05:26:26,5.2.75,sangatsangat memuaskan dan sabgat membantu tingkatkan terus
dfa20c6e-89fe-46df-ae68-2760180c08b9,Dadang Supriatna,https://play-lh.googleusercontent.com/a-/ALV-UjXW7RcsbE9OTmM_3Ld_3joXfX56xitYWdYEZ_Fkkwrijpou4xs,good,5,0,5.2.75,2025-12-11 10:21:50,"Makasih banget Kak Dadang udah pakai PLN Mobile dan kasih review positif. Kami hadir buat bikin semuanya serba cepat dan praktis. Karena solusi cerdas datang dari hal-hal yang sederhana. Yuk ajak orang terdekat kamu cobain PLN Mobile juga, biar semua bisa ngerasain gampangnya layanan listrik digital. Have a great day. -SH
",2025-12-12 01:37:44,5.2.75,good
e356c6e5-8919-45b3-a506-1a14b5924390,Ibnu Hasan,https://play-lh.googleusercontent.com/a/ACg8ocLWbxh0xzhMWzC65itOzzValSZS3Y6YNdbArOvgzajlcJjCUA=mo,PLN mobile sangat membantu untuk melakukan pembayaran dan swacam.,5,0,,2025-12-11 10:21:47,"Terima kasih ya Kak Ibnu udah share pengalaman menyenangkan bareng PLN Mobile. Dari beli token sampai pasang baru, semua tinggal klik. Karena kemudahan adalah bentuk kenyamanan sejati. Yuk ajak keluarga, teman, atau kerabat download PLN Mobile dan rasakan langsung manfaatnya. Semoga harimu menyenangkan ya. -SH
",2025-12-12 01:37:36,,pln mobile sangat membantu untuk melakukan pembayaran dan swacam
1c9b1664-5be9-4d62-bf9a-451012db2027,AnntonRotan,https://play-lh.googleusercontent.com/a/ACg8ocJ-FD_VJaZskKQqtYAV5gEkioWy6R_SqulRvwI3trvm57DmoQ=mo,ayo pakai PLN mobile. semua urusan kelistrikan dipermudah.. mantap aplikasinya,5,0,,2025-12-11 10:21:47,"Makasih ya Kak Annton udah kasih feedback positif. PLN Mobile bantu kamu biar urusan listrik makin simpel. Semua ada dalam satu aplikasi. Karena hidup gak harus ribet, apalagi soal listrik. Cus bagiin infonya ke bestie kamu juga ya Kak, biar bareng-bareng makin gampang urus listriknya. Sehat selalu. -SH
",2025-12-12 01:37:27,,ayo pakai pln mobile semua urusan kelistrikan dipermudah mantap aplikasinya
c222a6b0-90ba-461a-88e3-b234e757f7c9,Arhy Adi,https://play-lh.googleusercontent.com/a/ACg8ocKibqPUmR7vvRAIQLptSXdXQrN5iaUj_SPjOlRlA4jMRgEkNA=mo,Dengan adanya PLN Mobile kini masyarakat makin mudah melapor gangguan dan responnya sangat cepat makasih PLN mobile.👍👍,5,0,5.2.75,2025-12-11 10:21:35,"Halo Kak Adi, penilaiannya telah kami terima dan makasih atas dukungannya ya. PLN Mobile anti ribet. Ayuk ajak temenmu tuk download sekarang juga. Salam sehat selalu -AD
",2025-09-02 09:10:09,5.2.75,dengan adanya pln mobile kini masyarakat makin mudah melapor gangguan dan responnya sangat cepat makasih pln mobile
d9fa38f5-098a-4d97-a5ab-d28d020512ad,Khamidinal Didin,https://play-lh.googleusercontent.com/a-/ALV-UjWGXDsi9nkjzpNwLTkI7j11xK7BMDzOErwne0zIS6jAhlBIIBsB,pemasangan mudah,5,0,5.2.75,2025-12-11 10:21:33,"Makasih ya Kak Khamidinal udah jadi bagian dari pengguna puas PLN Mobile. Urusan listrik sekarang gak pakai ribet, semua ada di ujung jari. Karena hidup udah cukup sibuk, biarlah aplikasi kami yang bantu kamu atur sisanya. Jgn dinikmatin sendiri dong Kak, ajak temen2 juga cobain PLN Mobile. Praktis banget loh. Semoga harimu menyenangkan ya. -SH
",2025-12-12 01:37:19,5.2.75,pemasangan mudah
c7d0971a-20dd-4622-aa03-f6937326025c,akil sumule,https://play-lh.googleusercontent.com/a/ACg8ocIAiezLU7bS44DRJf9zS_CkMTCIYvxXiKJ3gSh8PKkrg4P-Tw=mo,bagus🥰,5,0,,2025-12-11 10:21:31,"Makasih banget Kak buat ulasan positifnya. Rasanya lega tau Kk udah ngerasain sendiri mudahnya PLN Mobile. Semua layanan, satu aplikasi. Karena saat semuanya terhubung, hidup pun ikut terasa ringan. Download bareng yuk. Ajak temen, keluarga, atau pasangan kamu nikmatin kemudahan PLN Mobile. Promo banyak, fiturnya lengkap. :) -SH
",2025-12-12 01:37:07,,bagus
9831e0cd-0cd4-48a3-9433-483530f8cee0,Abbas Abdul,https://play-lh.googleusercontent.com/a/ACg8ocLuRWPhPiKpn6zy7l-JZpwAo-RONvZyNRqjKNlVu8X0RBTC0Q=mo,Dengan Aplikasi PLN mobile dpt mengetahui sampai tahap apa pengaduan gangguan listrik saya,5,0,,2025-12-11 10:21:20,"Thanks Kak Abbas udh setia sama PLN Mobile. Fitur2 di dalamnya hadir buat satu tujuan, bikin semua serba cepat dan mudah. Kami percaya, kemudahan kecil bisa bawa kebahagiaan besar. Dan Kk udah jdi bagian dari perjalanan itu. Gak seru kalau nikmatin kemudahan sendirian. Ajak yg tersayang cobain PLN Mobile juga ya, lagi ada banyak kejutan seru. -SH
",2025-12-12 01:37:02,,dengan aplikasi pln mobile dpt mengetahui sampai tahap apa pengaduan gangguan listrik saya
35b09402-b65d-4839-827e-49710b1c238c,Mr. L,https://play-lh.googleusercontent.com/a/ACg8ocKn03RzWO9gIn99y2sUKz9aa0YAxhZIkkiYO4AbRt7KcJbP7Xs=mo,mantap,5,0,5.2.75,2025-12-11 10:21:19,"Makasih ya Kak udah kasih feedback positif. Seneng rasanya PLN Mobile bisa bantu hidup kamu jadi lebih praktis. Cukup buka aplikasi, semua urusan listrik langsung beres. Yuk, ajak sahabat kamu cobain kemudahan PLN Mobile. Lagi banyak promo menarik loh. Jangan sampai nyesel belakangan. Sehat terus yaa. :) -SH
",2025-12-12 01:36:54,5.2.75,mantap
743d0dba-c487-479d-b145-b726ac54e2b0,Refna Refnalainde,https://play-lh.googleusercontent.com/a/ACg8ocJFTftIZ_ezDX3aOEUIa5MMTiCMyzrNxOvbTuxj8Nq9_9tzng=mo,Mantap PLN Tentena,5,0,5.2.75,2025-12-11 10:20:58,"Wah, Thanks Kak Refna udah percaya sama PLN Mobile. Kami seneng banget kamu puas. Dari cek tagihan sampai pasang baru, tinggal di genggaman. Karena teknologi itu seharusnya memudahkan, bukan mempersulit. Dan kamu layak dapetin yang paling praktis. Buruan ajak bestie kamu download PLN Mobile, biar gak ketinggalan fitur keren dan promo kece. -SH
",2025-12-12 01:36:50,5.2.75,mantap pln tentena
776976b9-38b1-43a7-8684-5f1d592276d9,Reno Adi,https://play-lh.googleusercontent.com/a/ACg8ocJso0B41DANbpqmE6XuitDXvq2-THEJE-pI_sJYVi6d7u3T-g=mo,Alhamdulillah ya allah,5,1,,2025-12-11 10:20:50,"Terima kasih banyak atas ulasannya Kak. Kami hadirkan PLN Mobile supaya kamu gak perlu ribet lagi. Semua ada dalam satu genggaman. Kadang yang kita butuhin cuma solusi simpel, tapi ngaruh ke seluruh hari. Gak seru kalau nikmatin kemudahan sendirian. Ajak yang tersayang cobain PLN Mobile juga ya. Lagi ada banyak kejutan seru. Thanks. :) -SH
",2025-12-12 01:36:43,,alhamdulillah ya allah
e4be8b4f-076c-435d-bbc9-1c73ed647659,Fandi Super,https://play-lh.googleusercontent.com/a/ACg8ocIMJ4ApAlDYwq19yhoKQ1MRcpdWvsA9zWNZUizBn8o8mN6TqQ=mo,apk yang bkin mudah semua akses untuk pb dan pd,5,0,,2025-12-11 10:19:54,"Makasih Kak Fandi udah kasih review positif. PLN Mobile memang dirancang biar semua urusan listrik bisa beres tanpa stres. Dari beli token sampai lapor gangguan, tinggal klik aja. Karena kenyamanan itu bukan soal mewah, tapi soal kemudahan yang nyata. Yuk ajak orang tersayang download juga. Bareng-bareng nikmatin hidup yang lebih praktis. :) -SH
",2025-12-12 01:36:38,,apk yang bkin mudah semua akses untuk pb dan pd
9c5d94b5-1f0c-417d-9013-9a768a5e4b39,Tia Mutia,https://play-lh.googleusercontent.com/a/ACg8ocI-jOyhJnGcyY4orHMdHPmh06O3omTAffDftHvS3EH7OouFew=mo,"jadi gampang buat bayar tagihan listrik, beli token juga bisa lewat aplikasi ini. sabagat membantu sih",5,0,,2025-12-11 10:18:38,"Makasih banget Kak Tia atas bintangnya. Dukungan kayak gini bikin kami makin semangat ningkatin layanan. PLN Mobile hadir buat kasih solusi dari genggaman. Setiap bintang darimu, jadi cahaya buat kami terus berinovasi. Yuk ajak orang tersayang download juga. Bareng-bareng nikmatin hidup yang lebih praktis. Thanks. -SH
",2025-12-12 01:36:32,,jadi gampang buat bayar tagihan listrik beli token juga bisa lewat aplikasi ini sabagat membantu sih
28b7671e-1f25-4d68-8216-3329c31ece5b,Pian Paun,https://play-lh.googleusercontent.com/a/ACg8ocLXkYGKjT8P-V9ha-cXOi2tQiRnOYRu1DFcX3rcMtMiSF75zg=mo,PLN mobile memang luar biasa PLN mobile sungguh sungguh terbaik..,5,0,,2025-12-11 10:18:10,"Makasih banyak ya Kak atas review nya. PLN Mobile emang jagonya bikin hidup lebih praktis. Mulai dari bayar listrik, beli token, sampai urus pasang baru dan tambah daya, semua bisa dari Hp aja. Yuk ajak orang tersayang download juga. Bareng-bareng nikmatin hidup yang lebih praktis. Thanks. -SH
",2025-12-12 01:36:21,,pln mobile memang luar biasa pln mobile sungguh sungguh terbaik
c6fe7e80-4697-4dcd-92df-d194f2d59312,Khoirul Anam,https://play-lh.googleusercontent.com/a/ACg8ocIdbAcXaaaUFvJbsQ71JWSsAsCSRaMibEKAigXcnMTkRZkGBw=mo,pln mobil selalu yang terbaik,5,0,5.2.75,2025-12-11 10:17:41,"Terima kasih Kak Khoirul udah jadi bagian dari pengguna keren PLN Mobile. Fitur-fitur praktisnya kami hadirkan biar kamu gak ribet lagi ngurus listrik. Semoga PLN Mobile terus jadi teman setia kamu. jgn nikmatin kemudahan PLN Mobile sendirian dong. Ajak teman-teman kamu juga cobain. Ada promo, ada solusi, semua di satu aplikasi. Stay cool yaa. -SH
",2025-12-12 01:36:11,5.2.75,pln mobil selalu yang terbaik
340d9ee2-ef71-455a-8464-c937155fbe20,Laurentius Kiop,https://play-lh.googleusercontent.com/a-/ALV-UjXgNegas_vyK4JiAGvx-gZotEuPvau29MSUHwbPxqMKYVcdLMgB,admin transaksi pembelian token listrik Murah dan pilihan token minimal Rp. 5000. mantap. transaksi lebih mudah,5,11,5.2.75,2025-12-11 10:17:34,"Hai Kak Laurentius, makasih yah buat bintangnya, semoga kamu selalu nyaman menggunakan PLN Mobile. Kakak bisa urus perihal kelistrikan lewat smartphone-mu, dari mana saja dan kapan saja via aplikasi PLN Mobile. Salam PLN Terbaik -CH
",2025-08-13 08:18:27,5.2.75,admin transaksi pembelian token listrik murah dan pilihan token minimal rp 5000 mantap transaksi lebih mudah
d0f5e2c8-21bb-4a84-b7fe-f07277e13b4f,Anto Eri,https://play-lh.googleusercontent.com/a-/ALV-UjXNsdJV4GAW25VnoOgSZlBgV3KahzbNAhtg6kgaAO5YQjmESuF9Uw,"bayar listrik alhamdulillah dapat poin, dan bisa di tukar ke voucher terima kasih",5,0,5.2.75,2025-12-11 10:16:19,"Hai Kak Anto, makasih ya buat rating bintang 5 nya. Semoga PLN Mobile terus memberikan kenyamanan dan selalu jadi pilihan utama Kk ya. Nikmati juga berbagai fitur yg ada di PLN Mobile dan cek selalu biar ga ketinggalan info atau pun event menarik yg ditawarkan. Tks. -FE",2025-12-02 05:22:44,5.2.75,bayar listrik alhamdulillah dapat poin dan bisa di tukar ke voucher terima kasih
46cb935c-9eb6-41f7-ae6c-fbd5291de806,Abal Aba,https://play-lh.googleusercontent.com/a/ACg8ocJis8kQpXoT08zq2V7gJ25JdCM00GWR5Dishjr0POVQAOtF5A=mo,mantap aplikasinya.sangat membantu.pelaporan dan pengaduan dipermudah.,5,0,5.2.75,2025-12-11 10:15:43,"Makasih Kak udah support PLN Mobile. Ulasannya bikin hati kami hangat. Kami terus semangat kasih layanan terbaik. Yuk sebarkan kemudahan ini ke keluarga & sahabat juga, biar semuanya bisa nikmatin layanan sat set tanpa ribet. Have a wonderful day. -SH
",2025-12-12 01:35:59,5.2.75,mantap aplikasinya sangat membantu pelaporan dan pengaduan dipermudah
ac62eed4-b6a0-4e4c-b1cf-db8da38e868d,Muhamad Alifahlevi,https://play-lh.googleusercontent.com/a-/ALV-UjWHmmfPn3HhT3mKPplQ6vghzDxXr_mlIESgqOLDmE4cIgk6qfYQ,"Bagus, Mantap, Buka terus",5,0,5.2.75,2025-12-11 10:15:41,"Terima kasih banyak atas apresiasinya Kak Alifahlevi. PLN Mobile akan terus berkembang biar makin nyaman digunakan. Semoga kemudahan yang dirasakan juga bisa dirasain orang-orang terdekat Kk. Cus ajak mereka pakai juga, biar hidup makin ringan. -SH
",2025-12-12 01:35:51,5.2.75,bagus mantap buka terus
da5f6ffb-8ad6-4d31-899a-4452561b2799,Kia Febryanto,https://play-lh.googleusercontent.com/a/ACg8ocLIaEHLSNBe2gsP6smatVoYq6R_sl6egocWL83Q0mOvSnj46Q=mo,Aplikasi nya sangat membantu,5,0,5.2.75,2025-12-11 10:14:55,"Thank you Kak Kia. Ulasan dan bintangnya bikin hari kami cerah. Senang banget aplikasi PLN Mobile bisa jadi teman setia buat urusan listrik. Yuk bareng-bareng nikmatin kemudahan ini, ajak keluarga dan teman download juga ya. Stay happy and healthy. -SH
",2025-12-12 01:35:38,5.2.75,aplikasi nya sangat membantu
2a2aa77e-c0b9-401c-b70e-2dcadc28c262,Ahmad Kamaluddin,https://play-lh.googleusercontent.com/a-/ALV-UjXMs5aqwxBwvgsCebUV_fvawghkjvDH1xHTh1zyVkNOZZQkFas,PLN mobile terbaik 👍,5,0,,2025-12-11 10:14:26,"Wah makasih Kak Ahmad, rating dan ulasannya bikin kami tambah semangat nih. Kami senang PLN Mobile bisa bantu urusan listrik jadi makin praktis. Karena hidup udah cukup ribet, urusan listrik jangan ikut ribet dong. Share juga ke sahabat dan keluarga ya. -SH
",2025-12-12 01:35:31,,pln mobile terbaik
fdd3fc6f-6f1f-472c-be47-51f579d7e1fb,Online Budget,https://play-lh.googleusercontent.com/a/ACg8ocK_ouqPcyltPJSDvuM4XCFn5jontOlpn1mZPam6LTfn5J-EOg=mo,keren memudahkan,5,0,,2025-12-11 10:14:15,"Terima kasih banyak Kak atas rating dan ulasannya yang bikin semangat. Senang banget PLN Mobile bisa jadi andalan buat semua kebutuhan listrik. Hidup makin mudah di ujung jari. Jangan lupa ajak orang terdekat download juga yaa. Sehat dan bahagia selalu. -SH
",2025-12-12 01:35:24,,keren memudahkan
b5e73f64-db06-46ac-ac1d-2b8996cee8cc,Manja Danova Putri,https://play-lh.googleusercontent.com/a/ACg8ocJTr5xli3p8OBf3Lj-7hdRywEx8hQ2K1r_fWq7a022DZ2zzOA=mo,"Sangat puas dengan layanan di aplikasi ini. Proses pengaduan cepat direspons dan solusi langsung diberikan. Terima kasih, PLN Mobile.",5,0,5.2.75,2025-12-11 10:14:05,"Halo Kak Danova, mimin ucapkan terima kasih atas ulasan yg diberikan. Pastinya PLN berkomitmen serta konsisten utk selalu menghadirkan platform yg solutif, serta responsif dlm menjawab harapan2 pelanggan setia PLN Mobile. Yuk, segera diajak kerabatnya buat pakai PLN Mobile dlm mengurus keperluan listrik rumah. Salam PLN Terbaik. :) -MF",2025-11-12 09:09:33,5.2.75,sangat puas dengan layanan di aplikasi ini proses pengaduan cepat direspons dan solusi langsung diberikan terima kasih pln mobile
91b15f1d-c418-47a6-be1d-e9f116ca9973,Mario Super,https://play-lh.googleusercontent.com/a/ACg8ocI0NlwYzMoT6wFtnP2EayykoHyn7cJqTZuSjBEmAm3gshcWlYg5=mo,aplikasi yg sangat membantu kami,5,0,5.2.75,2025-12-11 10:14:04,"Kak Mario, makasih ya udh jd bagian dari PLN Mobile. Bayar listrik kini jadi lebih mudah lewat PLN Mobile. Metode pembayarannya beragam dan aman digunakan. Yuk, ajak teman dan keluarga Kk untuk download PLN Mobile. Tks. -FE",2025-12-03 07:58:24,5.2.75,aplikasi yg sangat membantu kami
e1b104a0-fd55-41ac-9528-34b66db67e69,Fadli Hutagalung,https://play-lh.googleusercontent.com/a/ACg8ocKS7TZ72IKBWjh8q6B2Lm-9aYhLVSdEjne7SrI6zFklT6WCZVc=mo,sangat membantu untuk kami bagi driver,5,0,5.2.75,2025-12-11 10:13:54,"Makasih banyak ya Kak Fadli atas rating dan ulasannya yang kece. Dukungan Kakak bikin kami makin semangat kasih layanan terbaik lewat PLN Mobile. Mulai dari cek tagihan, beli token, sampai pengaduan jadi gampang banget. Share juga ke bestie ya, biar hidup makin praktis bareng. Sehat selalu. -SH
",2025-12-12 01:35:15,5.2.75,sangat membantu untuk kami bagi driver
5ae83a5f-b488-4b7d-ba44-feb458b2bc76,Ardi Amril,https://play-lh.googleusercontent.com/a/ACg8ocIsHwYeO2rIJzhBC8Isu1gDDljhAIY1LuWrd5cumgYeIukHFA=mo,"Pembelian token cepat dan mudah, transaksi selalu lancar. Solusi praktis dari rumah",5,0,,2025-12-11 10:13:43,"Wah, makasih banyak Kak Ardi. Ulasannya keren dan ratingnya mantap. PLN Mobile bakal terus upgrade fitur biar makin bantu kamu dalam urusan listrik. Info tagihan? Gampang. Mau tambah daya? Bisa. Jangan lupa ajak keluarga & sahabat pakai juga ya. Biar semua makin praktis. Stay happy and healthy. -SH
",2025-12-12 01:35:09,,pembelian token cepat dan mudah transaksi selalu lancar solusi praktis dari rumah
99179fb0-034a-4d02-9ef6-42f8051737c9,Agung Setya,https://play-lh.googleusercontent.com/a-/ALV-UjXniFGu1tEi1sRoi-JopVaVQKBbIZA1d0Izi2p9huHGQeWHEpE,makin mantap pelayanan nya. gercep sekali setiap ada gangguan terimakasih..,5,0,5.2.75,2025-12-11 10:13:13,"Tengkyu ya Kak Agung penilaiannya buat PLN Mobile. Cus rekomendasi ke tmn2 kmu juga ya Kak buat gunain PLN Mobile. Stay safe ya -AR
",2024-10-06 22:02:55,5.2.75,makin mantap pelayanan nya gercep sekali setiap ada gangguan terimakasih
0d7717be-e210-4e0c-838e-ce6f8cb5da32,Reto Mamonto,https://play-lh.googleusercontent.com/a/ACg8ocJS02DtOTvAOjpiw6SAs33gRKu3lA3C2a2JvLbEiJ9BwoCYAw=mo,PLN up3 kotamobagu Terbaik,5,0,5.2.75,2025-12-11 10:13:10,"Kak, makasih banyak udah kasih rating keren & review yang menyenangkan. Dukungan kayak gini jadi semangat kami untuk terus kasih layanan terbaik lewat PLN Mobile. Biar tambah seru, yuk ajak teman dan keluarga coba juga. Hidup lebih mudah, semua bisa dari genggaman. Sehat selalu ya. -SH
",2025-12-12 01:35:02,5.2.75,pln up3 kotamobagu terbaik
585cc410-3acb-4d90-867e-609795bcc420,ARY JOSHUA,https://play-lh.googleusercontent.com/a/ACg8ocIHGCHwMLKAK8n_VNrp-7Ylh14YPttLvF06kajDOj2DoaaZYA=mo,Apk nya sangat membantu,5,0,5.2.75,2025-12-11 10:13:03,"Makasih banyak Kak atas ulasannya yang kece dan rating yang super bagus. PLN Mobile makin semangat bantu semua kebutuhan listrikmu, dari info tagihan sampai pengaduan sat set. Satu bintang bersinar terang, lima bintang jadi semangat juang. Share ke bestie kamu juga dong. Biar sama-sama gampangin hidup. Sehat terus yaa. -SH
",2025-12-12 01:34:46,5.2.75,apk nya sangat membantu
297a5e5a-956f-4ea2-991f-25086944e0dd,Rian Syaputra,https://play-lh.googleusercontent.com/a-/ALV-UjWTpF29VhB_2-p4hky11hFQyeymha67LL04EvfzGYhxqOZh1Ek,aplikasi yang sengat membantu bagi warga yang jauh dari akses untuk menuju ke pln,5,0,5.2.75,2025-12-11 10:12:41,"Makasih banyak ya Kak Rian, udah kasih ulasan positif buat PLN Mobile. Seneng banget rasanya kamu ngerasa terbantu. Semua makin gampang, tinggal satu sentuhan di genggaman. Karena kadang, hal besar dimulai dari kemudahan kecil yang bikin nyaman. Share ke bestie kamu juga dong. Biar sama-sama gampangin hidup. Sehat terus yaa. -SH
",2025-12-12 01:34:40,5.2.75,aplikasi yang sengat membantu bagi warga yang jauh dari akses untuk menuju ke pln
107a2d04-304e-4c80-9473-383da111c4f8,Aji Dwi Saputro,https://play-lh.googleusercontent.com/a/ACg8ocJS7sqRcvV-liNwxK64nSSD4ocQBuMHmOw7LEmRdrnT54gdFw=mo,"Aplikasinya unfaedah, komplain listrik padam d diemin, tidak d fu, listrik padam lama kita sebagai pelanggan d rugikan kalau dagangan rusak tidak dapat kompensasi, tapi kalau bayar telat dapat denda langsung, harusnya ada kompensasi kalau pemadaman listrik yang cukup lama. pesawat+kereta delay saja kita dapat kompensasi, ini listrik padam dagangan rusak diem2 bae..🥲🥲",5,0,5.2.75,2025-12-11 10:11:29,"Mimin mengerti dgn apa yg sdg Kk khawatirkan, maaf ya. Laporan Kak Aji dgn bukti lapor G522512030XXXX, telah mimin FU kembali ke Unit terkait utk mendapatkan penanganan lbh lanjut. PLN trs berkomitmen utk memberikan pelayanan yg andal & responsif. Masukan dr Kk menjadi hal yg sgt berharga bagi mimin dlm upaya meningkatkan kualitas layanan. Tks. -YA",2025-12-03 14:10:19,5.2.75,aplikasinya unfaedah komplain listrik padam d diemin tidak d fu listrik padam lama kita sebagai pelanggan d rugikan kalau dagangan rusak tidak dapat kompensasi tapi kalau bayar telat dapat denda langsung harusnya ada kompensasi kalau pemadaman listrik yang cukup lama pesawat kereta delay saja kita dapat kompensasi ini listrik padam dagangan rusak diem2 bae
b9574fb9-11b9-4c51-8f08-659fae6afff8,Keysia Juli ananda,https://play-lh.googleusercontent.com/a-/ALV-UjWHy83rQyjNBG4n3bDJOFzFfZR1E9hhtBTeiZqs20jg2rVH6gdr,sangat mudah dan membantu,5,0,,2025-12-11 10:10:22,"Makasih banget ya Kak Keysia. Kami seneng PLN Mobile bisa jadi sahabat andalan buat urusan listrik. Semoga makin praktis dan memudahkan terus ya. Jangan lupa share pengalaman ini ke temen atau keluarga, biar mereka juga ikutan. SatSet bareng PLN Mobile. Have a nice day. -SH
",2025-12-12 01:34:34,,sangat mudah dan membantu
5adec8d4-f9d4-4748-9d2e-4e595d49aaeb,Eko Sudaryono,https://play-lh.googleusercontent.com/a/ACg8ocLUi290ZnHLswhzcZS8TA7rhp21QkuEXeaEXssToVtWmKIzSw=mo,pengurusan tambah Daya jadi semakin mudah dan cepat,5,0,,2025-12-11 10:09:56,"Makasih banyak ya Kak Eko atas review terbaiknya. Senang banget PLN Mobile bisa bantu dan bikin urusan listrik jadi lebih gampang. Aplikasi ini emang user friendly banget, semua menu jelas dan mudah diakses. Kemudahan yang dirasakan hari ini adalah hasil dari niat tulus memberi pelayanan. Have a nice day. -SH
",2025-12-12 01:33:30,,pengurusan tambah daya jadi semakin mudah dan cepat
e1996232-d943-4edb-8136-ca8388c07927,derry firmansyah,https://play-lh.googleusercontent.com/a/ACg8ocIHYLfgEU8BqSgfJiqL0ALIQcbxnyyOm6bcsOqwmr7w7XoQ3w=mo,aplikasi pln mobile sangat membantu bnget yang berhubungan dengan pelayanan kelistrikan,5,0,5.2.75,2025-12-11 10:09:34,"Halo Kak Derry, makasih banyak atas feedback nya. Kami happy banget tau PLN Mobile bisa jadi solusi praktis buat keseharian Kakak. Yuk terus manfaatkan fiturnya, dan kalau oke, bolehlah direkomendasikan ke orang terdekat. Semoga selalu dimudahkan urusannya. Have a nice day. -SH
",2025-12-12 01:33:23,5.2.75,aplikasi pln mobile sangat membantu bnget yang berhubungan dengan pelayanan kelistrikan
a824e883-b900-4c65-93cb-618dffe01ff2,zikir man,https://play-lh.googleusercontent.com/a-/ALV-UjU0zvS4fvG6mvsiMNCS7iMcge2lbtXjnBQhcw9cTC5w-VdiY54,layan cepat dan tepat,5,0,5.2.75,2025-12-11 10:08:23,"Makasih ya Kak zikir udah sempat kasih ulasan. Kami seneng banget dengar pengalaman positif Kakak. PLN Mobile emang hadir buat bikin urusan kelistrikan jadi lebih simpel. Kalau cocok, jangan pelit share ya ke bestie atau keluarga. Biar bareng-bareng hidup makin sat set. Thanks. -SH
",2025-12-12 01:33:14,5.2.75,layan cepat dan tepat
3e15e9df-ce97-43ac-832e-d7168f487050,Baros Sulaeman,https://play-lh.googleusercontent.com/a-/ALV-UjULtsyk4M3vys-EezaS93anqZcyEosppUs77oo5_MusAmJJ0lov,oklah,5,0,,2025-12-11 10:08:01,"Terima kasih, Kak Sulaeman. Kami ikut senang kalau PLN Mobile bisa bantu dan bikin urusan listrik makin gampang. Mau bayar, ubah daya, atau lapor gangguan, tinggal klik aja. Yuk, share juga ke temen atau keluarga biar mereka ngerasain kemudahannya. Sehat dan semangat selalu yaa. Sehat selalu. Tks -SH
",2025-12-12 01:33:08,,oklah
0a893c55-a624-430b-bc69-7e0be0bf1aba,Papa Ceng,https://play-lh.googleusercontent.com/a-/ALV-UjV9GqVFq7OBT_TObsRogeQvokDPPnVHPtwEQmx09FknSNLZP5tB,Adax pln mobile pelanggan semakin mudah,5,0,5.2.75,2025-12-11 10:07:45,"Wah, makasih banyak Kak. Kami happy banget tau PLN Mobile beneran bermanfaat buat kebutuhan listrik Kakak. Semoga fiturnya makin memudahkan hari-hari Kakak ya. Jangan lupa ajak sahabat atau keluarga cobain juga. Hidup lebih ringan bareng PLN Mobile. Tks -SH
",2025-12-12 01:32:58,5.2.75,adax pln mobile pelanggan semakin mudah
8bbcd5e5-c078-4e3a-ac3f-3adf376c9ef5,Afik Erlangga,https://play-lh.googleusercontent.com/a/ACg8ocL-HApWXuVC6-Pt5Ru3LZyy8UBoj8nGlSUP0_ACkvBP5i3o0w=mo,"aplikasi yang sangat baik dan membantu aku pas krmaren sempet mati lampu karna kehabisan pulsa kebetulan ada pln mobile untuk membeli token di. situ, dan sangat memudahkan para pengguna nyaa.",5,0,5.2.75,2025-12-11 10:06:31,"Terima kasih banyak ya Kak Afik atas ulasan manisnya. Seneng banget dengar PLN Mobile bisa bantu urusan listrik Kakak jadi lebih praktis. Dari bayar tagihan sampai urus gangguan, semua dalam genggaman. Jangan lupa kasih tahu temen atau keluarga juga ya. Semoga hari-harinya makin nyaman. -SH
",2025-12-12 01:32:16,5.2.75,aplikasi yang sangat baik dan membantu aku pas krmaren sempet mati lampu karna kehabisan pulsa kebetulan ada pln mobile untuk membeli token di situ dan sangat memudahkan para pengguna nyaa
c6801f0f-b3d4-470a-9dac-09cfbbc8b09b,Base camp,https://play-lh.googleusercontent.com/a-/ALV-UjUgPR0Xt4EmD3lI8t1FqhmiPpziysQwHtus_8SHUn9OyYWRB-s,Cepat dan mudah digunakan,5,0,5.2.75,2025-12-11 10:06:26,"Terima kasih ya Kak udah kasih rating terbaik buat PLN Mobile. Senang bisa bantu Kakak lewat fitur-fitur praktisnya. Semoga makin bermanfaat ke depannya. Saat kamu puas, kami pun lega. Saat kamu senyum, semangat kami menyala. Kemudahan yang dirasakan hari ini adalah hasil dari niat tulus memberi pelayanan. Have a nice day. -SH
",2025-12-12 01:32:09,5.2.75,cepat dan mudah digunakan
a4e02095-2d6c-4be4-a686-4557aa09f4f4,kiki juniarto,https://play-lh.googleusercontent.com/a-/ALV-UjWQYyaPAPNb1otLi8zNfEVpDwJ_V-9aN7rEZoO0gXYpZZaFEvI,pelayanan sangat ramah dan cepat tanggap,5,0,5.2.60,2025-12-11 10:05:51,"Terima kasih banyak ya Kak kiki atas ulasannya. Kami senang banget PLN Mobile bisa jadi solusi buat pelaporan gangguan listrik. Gampang banget kan, tinggal lapor, petugas langsung tanggap. Pelayanan yang cepat dan tepat adalah cara terbaik menjaga kenyamanan hidup. Share ke bestie kamu juga dong. Biar sama-sama gampangin hidup. :) -SH
",2025-12-12 01:32:04,5.2.60,pelayanan sangat ramah dan cepat tanggap
8228e61d-c98a-4247-b010-683f538d3bda,Mas Anggik Channel,https://play-lh.googleusercontent.com/a-/ALV-UjW3SixK-ZDa7XxNjIGzr_cIN0MZnKArFhTcB3drhY7DM30xXDDU,PLN Mobile Aplikasi yang sangat mudah penggunaan nya,5,0,5.2.75,2025-12-11 10:02:41,"Hai Ka Anggik. Makasih yaa buat review & rating bintang 5 nya Mimin senang banget. cus rekomendasi ke tmn2 kmu juga ya Kak buat gunain PLN Mobile. Salam PLN Terbaik.-CD
",2025-11-27 08:07:11,5.2.75,pln mobile aplikasi yang sangat mudah penggunaan nya
00451fa6-f336-48fb-8981-617cb45678b7,ARFAN MULYONO,https://play-lh.googleusercontent.com/a/ACg8ocJqx3qbPzsqj-JfS3eaKLYmWfjANAsQUcdwFnF1JyeXeMtzfw=mo,masalah kelistrikan di PLN mobile aja👍,5,0,5.2.75,2025-12-11 10:02:41,"Makasih ya Kak Arfan, dukungan Kk bikin kami makin semangat. Senang tau PLN Mobile bisa bantu urusan listrik Kk dgn mudah. Kami bakal trs upgrade fitur agar makin mantap. Jangan lupa kasih tahu teman juga ya. PLN Mobile, solusi kelistrikan keluarga Indonesia. :) -SH
",2025-12-12 01:31:53,5.2.75,masalah kelistrikan di pln mobile aja
8d6204d4-b1b2-4363-91f4-8caa966ee791,Liza,https://play-lh.googleusercontent.com/a-/ALV-UjU0p1aRrgIBIQl6ub3M16_IXJGO9tIgG_24cvLeTmZM2XsNxD6T,"aplikasi yang sangat membantu, laporan jadi mudah ketika gangguan listrik PLN, layanan kelistrikan sekarang jd mudah, hanya lewat handphone tanpa perlu datang ke kantor PLN, pasang baru maupun tambahdaya simpel, terimakasih PLN💌",5,0,,2025-12-11 10:02:34,"Halo Kak Liza, makasih ya ats reviewnya. PLN Mobile hadir utk ringankan urusan pelanggan. Dr beli token, ubah daya, smpai buat pengaduan, semua bisa sat set. Support Kk bikin kami makin semangat berinovasi. Yuk ajak orang terdekat pakai jg biar makin nyaman. :) -SH
",2025-12-12 01:31:45,,aplikasi yang sangat membantu laporan jadi mudah ketika gangguan listrik pln layanan kelistrikan sekarang jd mudah hanya lewat handphone tanpa perlu datang ke kantor pln pasang baru maupun tambahdaya simpel terimakasih pln
8402d8d5-f4ca-405c-941a-c348b90e6236,Astro Boy,https://play-lh.googleusercontent.com/a/ACg8ocI22SscYZVDmTN7XvkoivX8LttzDvODbu0dBjlUpHy0J9tLQw=mo,apk yg bkin mudah pembelian pulsa,5,0,,2025-12-11 10:02:29,"Tks ya Kak ats ulasan positifnya. Kami seneng bgt tahu PLN Mobile bisa bantu keseharian Kk. Semua fitur kami hadirkan utk mudahkan urusan listrik. Mhn dukungan & saran Kk utk kami terus berkembang. Yuk share pengalaman ini ke bestie. PLN Mobile makin sat set. Tks. -SH
",2025-12-12 01:31:35,,apk yg bkin mudah pembelian pulsa
19885fa9-6176-4205-9940-f813bed47e29,Mahni afifa,https://play-lh.googleusercontent.com/a/ACg8ocJlLdtOuDRpurBdSJNXZL-Rog9ybpreUxr1EjiV4nR8cyLwYw=mo,aplikasi PLN mobile seperti cewek cantik selalu di lirik😁,5,0,5.2.75,2025-12-11 10:02:11,"Terima kasih banyak Kak Mahni. Kami senang PLN Mobile bs jadi solusi kelistrikan Kk. Semua fitur kami kembangkan agar nyaman & cepat. Trs gunakan ya, biar makin akrab sm aplikasinya. Jangan lupa ajak teman pakai jg. PLN Mobile, partner setia urusan listrikmu. Sehat selalu. :) -SH
",2025-12-12 01:31:32,5.2.75,aplikasi pln mobile seperti cewek cantik selalu di lirik
a86880b0-9e44-48b9-acc5-34934fffb6d0,Djajuli Yanbung,https://play-lh.googleusercontent.com/a/ACg8ocLudyuTKUMS_qZqH3lyZ_IMNyK2orSd883vcDo2Oi0wUOeCBQ=mo,pln rayon nganjuk sangat baik pelayanany,5,0,5.2.75,2025-12-11 10:01:53,"Makasih ya Kak, reviewnya keren bgt. Kami seneng bisa bantu kebutuhan listrik Kk. PLN Mobile dibuat agar semua urusan listrik bisa selesai di genggaman. Dukungan Kk penting bgt buat kami utk trs berkembang. Share ya ke org terdekat biar sama-sama nikmati kemudahan. Thanks. -SH
",2025-12-12 01:31:19,5.2.75,pln rayon nganjuk sangat baik pelayanany
c11ad5aa-fd3a-4d58-ac8f-71b4d9c979b8,Ludian,https://play-lh.googleusercontent.com/a-/ALV-UjUa1pgP1uhQqLNJBiOEaqGltM17KqUcjnlLMWL4rmvoz9T576d2,"aplikasi ini sangat membantu sekali, karna dengan adanya pln mobile ini segala kendala listrik yg ada dirumah kita jd sangat mudah kita adukan disni, dengan respon yg sangat cepat dan tepat. PLN jaya selalu👍🤓",5,0,,2025-12-11 10:01:21,"Hai Kak Ludian, makasih bgt udh berbagi pengalaman. Seneng rasanya tau PLN Mobile bantu Kk dlm hal listrik. Dari bayar tagihan, cek info, smpai aduan, semua sat set. Kami siap terus kembangin fitur supaya lbh mantap. Yuk bantu viralkan biar makin bnyk yg terbantu. Sehat & bahagia slalu. :) -SH
",2025-12-12 01:31:15,,aplikasi ini sangat membantu sekali karna dengan adanya pln mobile ini segala kendala listrik yg ada dirumah kita jd sangat mudah kita adukan disni dengan respon yg sangat cepat dan tepat pln jaya selalu
dfb1c1b4-ece3-4b60-a6c1-fe87e7712e61,Moch Firman,https://play-lh.googleusercontent.com/a/ACg8ocI9cQDDd1gxHf4urzkWsvUdY5hmzQcRQOY4vUq_t01WCj1KLQ=mo,"pelayanan listrik baik ldan cepat .,,dan ramah..",5,0,5.2.75,2025-12-11 10:00:05,"Hallo Kak Firman, makasih buat ulasannya ya. Wah semoga pengalaman menggunakan PLN Mobile selalu menyenangkan ya Kak. Ayo manfaatkan fitur tambah daya pada PLN Mobile, Kamu bisa nih ubah daya pakai PLN Mobile. Praktis banget, nanti petugasnya langsung dateng ke tempat kamu buat bantu ubah daya.. Tks Kk' :) -IF
",2025-09-21 04:28:20,5.2.75,pelayanan listrik baik ldan cepat dan ramah
1b2d349c-a820-4bf0-bfd3-2271168c18e8,Luna,https://play-lh.googleusercontent.com/a-/ALV-UjX6NUeOCGyWvUGz7Jna6kCIFSBsqfrjapHHa2Cu5yPg3YhOvb_P,"apk ini sanggat lah bermanfaat, recommended banget buat ngatasin masalah listrik, bisa cek pemakaian listrik bulanan jadi bisa hemat dan tampilannya simpel dan muda dimengerti💞",5,1,,2025-12-11 09:59:51,"Terima kasih Kak Luna utk feedback positifnya. PLN Mobile diciptakan utk kasih kemudahan mulai dari bayar listrik, ubah daya, hingga pengaduan. Kami bakal terus update fitur supaya makin responsif. Yuk bantu sebar info ini ke sahabat Kk. Bareng PLN Mobile, urusan listrik makin sat set. :) -SH
",2025-12-12 01:30:58,,apk ini sanggat lah bermanfaat recommended banget buat ngatasin masalah listrik bisa cek pemakaian listrik bulanan jadi bisa hemat dan tampilannya simpel dan muda dimengerti
04ffb323-818b-43c9-b027-c5bfe7a81f8d,Fawaid Kamil,https://play-lh.googleusercontent.com/a-/ALV-UjUUbEVYxfA19IBvjg3tkxg_xpJkocs6HKNEtV6IMlo5eckP8LHA,aplikasinya sangat membantu......,5,0,5.2.75,2025-12-11 09:59:51,"Hallo Kak Fawaid, makasih buat ulasannya ya. Wah semoga pengalaman menggunakan PLN Mobile selalu menyenangkan ya Kak. Ditunggu update info dan promo lainnya nanti ya. Tks Kk' :) -HZ",2025-09-03 16:20:59,5.2.75,aplikasinya sangat membantu
91dd67ca-2311-40d0-b36c-9d5bedc82965,Ariel Tahili,https://play-lh.googleusercontent.com/a/ACg8ocIx1o-FRn2pBhEC7ZSbtukBO2bxpEj-Ynur9-DuSx0P4Go0ig=mo,aplikasi sangat sangat membantu masyarakat yang tidak perlu susah susah ke tempat lain udah ada solusi aplikasi ini untuk mempermudah beli token mantap semoga semakin bermanfaat 👍👍,5,0,5.2.75,2025-12-11 09:59:14,"Makasih banyak ya Kak Ariel, ulasannya bikin tim makin semangat. Kami senang dengar PLN Mobile bisa bantu Kk dlm aktivitas kelistrikan. Dari bayar listrik sampai urus perubahan daya, semua lbh simpel. Trus pantau ya fitur-fitur baru kami. Share juga ke temen & kerabat. Smg harimu selalu cerah bareng PLN. :) -SH
",2025-12-12 01:30:46,5.2.75,aplikasi sangat sangat membantu masyarakat yang tidak perlu susah susah ke tempat lain udah ada solusi aplikasi ini untuk mempermudah beli token mantap semoga semakin bermanfaat
01455f88-8022-4c11-a523-61dfb68917df,Lefy,https://play-lh.googleusercontent.com/a-/ALV-UjWtFycO81-G1EKv-yzE-gY1dFXrwfNjTkowo2xwkHzMK4bNxMR7sg,"Aplikasinya sangat membantu! Sekarang jadi lebih mudah untuk cek tagihan, beli token, dan pantau pemakaian listrik. Fitur-fiturnya lengkap dan user-friendly. Pelayanan juga cepat kalau ada gangguan. Terima kasih PLN Mobile, makin praktis!👍❤️",5,0,5.2.75,2025-12-11 09:59:01,"Makasih banyk ya Kak Lefy atas ulasannya. Kami seneng dengar PLN Mobile dpt mudahkan urusan listrik Kk. Mulai dr bayar tagihan, beli token, hingga lapor gangguan bs lbh praktis. Masukan Kk jadi semangat kami utk trs berinovasi. Yuk ajak teman & keluarga pakai juga. Smg harimu menyala terus bareng PLN Mobile. :) -SH
",2025-12-12 01:30:40,5.2.75,aplikasinya sangat membantu sekarang jadi lebih mudah untuk cek tagihan beli token dan pantau pemakaian listrik fitur fiturnya lengkap dan user friendly pelayanan juga cepat kalau ada gangguan terima kasih pln mobile makin praktis
c492e60e-105c-4f6b-9a73-f10e3d2153de,Rijwan Af,https://play-lh.googleusercontent.com/a/ACg8ocJwEjBBhZDAn0W2_V0dc-F7qs6xZJLG198VVJvCqB2t4J4Ehg=mo,PLN mantappp,5,0,5.2.75,2025-12-11 09:58:44,"Makasih banyak ya Kak Rijwan atas ulasannya. Kami seneng banget tahu PLN Mobile bisa bantu Kakak dalam urusan listrik sehari-hari. Mulai dari bayar tagihan, ubah daya, sampai pengaduan, semua sat set. Kemudahan kecil hari ini, bisa jadi kenyamanan besar esok hari. Share ke bestie kamu juga dong. Biar sama-sama gampangin hidup. Sehat terus yaa. -SH",2025-12-12 01:30:32,5.2.75,pln mantappp
b2493a07-8543-4b94-95fd-29b52c8e8960,Suka Suka,https://play-lh.googleusercontent.com/a/ACg8ocKtQdldY7OJaNLB_4-7BndGjMcKfOAYJv9cBAxmULu5eBmRpA=mo,pakai alpikasi pln mobail..lebih cepat..,5,0,5.2.75,2025-12-11 09:57:36,"Wah Kak Edi, senang PLN Mobile bisa bantu Kakak hemat waktu & tenaga. Terima kasih atas ulasan & rating terbaiknya ya. Yuk tggu apalagi, rekomendasikan ke kerabat dan keluarga Kk utk download PLN Mobile. :) -IP",2025-09-20 04:27:36,5.2.75,pakai alpikasi pln mobail lebih cepat
93df6de9-5258-41f4-8414-a5dbbe0ce0eb,Rendy Yahya12,https://play-lh.googleusercontent.com/a/ACg8ocLYRn4idz_BirOTrJsWjbwOMGvnFmbjxIfgzpc89smR7Zku8w=mo,"aplikasi yang sangat membantu ketika ada masalah listrik, dan mudah untuk pembayaran tagihan listrik",5,0,,2025-12-11 09:56:09,Senangnya kalo PLN Mobile udah bantu aktivitas Kak Rendy. Terima kasih ya udah akses layanan PLN Mobile. PLN Mobile akan terus kasih kemudahan buat pelanggan dalam hal kelistrikan. Recommended banget nih buat teman dan sahabat Kk kalo butuh yg cepat dan praktis. Semoga PLN Mobile trs jadi andalan Kk ya. :) -FE,2025-12-12 04:08:51,,aplikasi yang sangat membantu ketika ada masalah listrik dan mudah untuk pembayaran tagihan listrik
445d9690-99be-4ecd-9b0a-c2f3f63e2989,Elqiano Alfarizky,https://play-lh.googleusercontent.com/a/ACg8ocISs7rFh_2_t85aRBtK0NKTiDrrUJsTAS40vaUdLaBDYYGYKg=mo,"pln mobile sangat membantu dan mempermudah pelayanan ,,",5,0,5.2.75,2025-12-11 09:55:57,"Hai, senangnya baca ulasan dari Kak Elqiano. Sbg info, kini mengisi daya kendaran listrik jg dapat dilakukan dimana saja, temukan stasiun pengisian daya terdekat pada aplikasi PLN Mobile loh. Manfaatkan trs semua fitur & nikmati kemudahannya. :) -YA",2025-11-12 12:12:09,5.2.75,pln mobile sangat membantu dan mempermudah pelayanan
16a39c9f-36c7-462b-af0e-292ff77f493e,Bartolomeus Dey,https://play-lh.googleusercontent.com/a/ACg8ocIYlu8cgmiUTpb-W1QdzG8iSrP4yoCBxAGCNJKqFKg2p905vw=mo,laporan gangguan jadi lebih mudah,5,0,,2025-12-11 09:55:53,"Wah, mimin seneng banget sama ulasan dari Kk, terima kasih ya. PLN Mobile merupakan aplikasi yang memberikan banyak solusi, terutama dalam hal kelistrikan. Kalo mau beli token listrik, ga perlu lagi keluar rumah. Dengan PLN Mobile, semua jadi beres. Yuk ajak keluarga dan kerabat kamu buat download PLN Mobile. :) -FE",2025-12-12 03:54:23,,laporan gangguan jadi lebih mudah
9e5b17ca-5879-4650-9225-dffe50987767,syafii ridwan,https://play-lh.googleusercontent.com/a-/ALV-UjWwHX99xCIh8tgzTTTFBq-DQdWzoguqRqRkeLIHfpQNg8sCp2ZF,ok,5,0,5.2.75,2025-12-11 09:55:48,"Hai Kak Syafii, thanks ya buat ulasan dan rating maksimal yg udah Kk kasih. PLN Mobile cocok banget buat direkomendasikan ke teman dan keluarga, karena simple, cepat dan efektif. Langsung aja ajak mereka buat download aplikasinya dan jadikan PLN Mobile sebagai solusi penuhi kebutuhan listriknya. Have a great day. :) -FE",2025-12-12 03:54:03,5.2.75,ok
455208fc-5fb0-49e9-8293-edffb00825ec,Puryanti Yanti,https://play-lh.googleusercontent.com/a/ACg8ocJdVf5age-kh1lvSkU5y3tMZwQBhjzqLpwrICVwwkffFFiX-Q=mo,aplikasi baik pelayanan cepat ditangani....,5,0,,2025-12-11 09:55:46,"Wah, seneng banget liat review yg Kak Puryanti sharing waktu pakai PLN Mobile, terima kasih ya Kak. Yuk, share pengalaman dgn PLN Mobile ke teman & keluarga terdekat. Fiturnya yang beragam dan mudah diakses, membuat aplikasi ini cocok untuk digunakan siapa aja yang ingin aktivitasnya jd lebih praktis. Tks. -FE",2025-12-03 07:38:36,,aplikasi baik pelayanan cepat ditangani
58900bc8-6d33-40ca-bc84-9195481a63df,Joni Joni,https://play-lh.googleusercontent.com/a-/ALV-UjVZswb4j23TlPISE0zOUtH16dC2I22CG1J6U3b6PUIQsaLGNgpQ,dengan adanya aplikasi pln mobile semua makin mudah dan cepat,5,0,5.2.75,2025-12-11 09:55:33,"Kak Joni, makasih banyak ya atas ulasan positif dan rating cantik buat PLN Mobile. Bicara soal praktis, PLN Mobile jawabannya. Informasi yang jelas dan fiturnya yang beragam, menjadikan PLN Mobile cocok sebagai pilihan terbaik atasi masalah kelistrikan. Yuk, ajak teman-teman dan sahabat Kk buat download PLN Mobile. Tks. -FE",2025-12-03 07:48:51,5.2.75,dengan adanya aplikasi pln mobile semua makin mudah dan cepat
efdf3ea5-758a-4235-ba13-12aa1f9f4c3b,Allexsan m,https://play-lh.googleusercontent.com/a-/ALV-UjX7Vfz2p4b8ODtovGZZ0MiLWETsjIjCpaj8mWm2TbqVO7bBZwgI,"PLN Mobile adalah aplikasi yang sangat berguna bagi pelanggan PLN dalam mengelola kebutuhan listrik mereka. Meski masih memiliki beberapa kekurangan dalam hal performa dan stabilitas, fitur-fitur yang ditawarkan cukup lengkap dan memudahkan pengguna dalam berbagai aspek layanan PLN. Jika PLN terus melakukan pembaruan dan peningkatan sistem, aplikasi ini bisa menjadi solusi yang semakin optimal bagi pelanggan.",5,0,5.2.75,2025-12-11 09:53:10,Terima kasih atas kepercayaan Kk terhadap layanan PLN Mobile ya. Mimin seneng banget kalo platform digital ini dapat membantu dan berikan kemudahan utk pelanggan. Semoga PLN Mobile terus jd andalan kamu penuhi kebutuhan listriknya ya. Yuk ajak teman dan sahabat Kk buat jadi pengguna PLN Mobile. Have a nice day. :) -FE,2025-12-12 03:52:55,5.2.75,pln mobile adalah aplikasi yang sangat berguna bagi pelanggan pln dalam mengelola kebutuhan listrik mereka meski masih memiliki beberapa kekurangan dalam hal performa dan stabilitas fitur fitur yang ditawarkan cukup lengkap dan memudahkan pengguna dalam berbagai aspek layanan pln jika pln terus melakukan pembaruan dan peningkatan sistem aplikasi ini bisa menjadi solusi yang semakin optimal bagi pelanggan
23e06f31-2ca6-4148-96bc-569a95162bfa,Suyat Suyatno,https://play-lh.googleusercontent.com/a/ACg8ocIe8n-FVdXsCvmsFzsQZuufMVh2JaJkebI_i10XaSIpAsuw9w=mo,dengan aplikasi ini kami pribadi sangat memudahkan dalam pengisian token listrik sangat cept respon nya. pelaaporan kendala kelistrikan cept di respon. terimakasih PLN mobile,5,0,5.2.75,2025-12-11 09:52:24,"Makasih ya Kak sdh setia bersama layanan kami. PLN Mobile bisa kamu andalkan buat urus listrik 24/7, dari rumah atau sambil rebahan pun bisa. Jd tggu apalagi ajak temen dan kerabat utk download. :) -IP",2025-11-08 02:20:18,5.2.75,dengan aplikasi ini kami pribadi sangat memudahkan dalam pengisian token listrik sangat cept respon nya pelaaporan kendala kelistrikan cept di respon terimakasih pln mobile
47ae1fa4-8b2c-4260-a253-1d84ed6fc179,Lukman 10,https://play-lh.googleusercontent.com/a-/ALV-UjUL9im3Exv68UIkyLZg66ycegkz5ZHYyg-cTLVVPDPLa3ZEok5SNg,"Aplikasi PLN mobile berguna banget buat para penggunanya, selain membantu mempermudah dalam pengaduan listrik bisa juga buat bayar listrik dan beli token listrik. Terima kasih PLN Mobile semoga fiturnya lebih bagus lagi dan lebih baik lagi kedepannya agar lebih memudahkan lagi untuk penggunanyaa.",5,1,5.2.75,2025-12-11 09:51:13,"Hi Kak Lukman. Makasih yah buat bintangnya, semoga kamu selalu nyaman menggunakan PLN Mobile. Ingin tau biaya Pasang Baru, klik ajah menu simulasi biaya di PLN Mobilemu, semua makin mudah. Sukses buat Kakak yah. -LA",2025-08-24 19:50:21,5.2.75,aplikasi pln mobile berguna banget buat para penggunanya selain membantu mempermudah dalam pengaduan listrik bisa juga buat bayar listrik dan beli token listrik terima kasih pln mobile semoga fiturnya lebih bagus lagi dan lebih baik lagi kedepannya agar lebih memudahkan lagi untuk penggunanyaa
90d2a0e3-fa25-445f-8ec3-7d1eb1771c1b,Abd Wafi AL ATAS,https://play-lh.googleusercontent.com/a-/ALV-UjV4Pw1Xhkv5yNSX8EoQjtLhOdS3HmD9Cy2srfajmo7MOWSNsz4,PLN Mobile ini aplikasi yang mempermudah transaksi masalah kelistrikan kheeer akhi Thoyib2 👍👍👍💥💥💥,5,0,5.2.75,2025-12-11 09:50:57,"Hai Kak, thanks ya udah jadi pengguna PLN Mobile. Kalo butuh riwayat transaksi, Kk bisa cek di PLN Mobile ya. Yuk, rekomendasiin PLN Mobile ke orang-orang terdekat Kk, biar bisa menikmati kenyamanannya bersama. Tks. -FE",2025-12-03 07:50:54,5.2.75,pln mobile ini aplikasi yang mempermudah transaksi masalah kelistrikan kheeer akhi thoyib2
5e71e79f-3bea-4459-afb2-583fe9a0ca43,Indra Malo,https://play-lh.googleusercontent.com/a/ACg8ocLsfY6bSmbIeveFmPEulfDyRef9O9_B41Ju02qNFwfbXIa9FA=mo,semua makin mudah dan praktis dengan adanya aplikasi PLN mobile..semua yg berurusan dengan listrik bisa teratasi dengan mudahnya,5,0,,2025-12-11 09:50:14,"Makasih banyak ya Kak Indra atas feedback nya. PLN Mobile siap jadi solusi untuk kamu setiap saat. Cek tagihan, beli token, hingga layanan pasang baru, semua bisa dilakukan via PLN Mobile. Cepat, mudah, dan tentunya praktis, cocok digunakan siapa aja yg membutuhkannya. Tunggu apa lagi, yuk ajak keluarga & kerabat buat download PLN Mobile. Tks. -FE",2025-12-12 03:50:58,,semua makin mudah dan praktis dengan adanya aplikasi pln mobile semua yg berurusan dengan listrik bisa teratasi dengan mudahnya
2b23058e-823f-45cb-b7b5-85cb0ae4a255,Achmad Affandi,https://play-lh.googleusercontent.com/a-/ALV-UjXnMa3n_u_Xyie0SAvK2OcaHoWF-K4O4rEfE4fO9GFH-pkqsvdV,mudah cepat dan banyak promo,5,0,5.2.75,2025-12-11 09:49:36,"Terima kasih buat rating terbaik yg udah diberikan ya, Kak Achmad. PLN Mobile menyajikan beragam fitur yg bisa diakses setiap saat sesuai dengan kebutuhan. Tidak hanya itu, PLN Mobile juga ada promo menarik loh. Yuk ajak teman dan sahabat kamu buat download PLN Mobile. Tks. -FE",2025-12-12 03:50:44,5.2.75,mudah cepat dan banyak promo
696baac1-86cc-4676-aa79-86d2c1527d15,Eko Wahyono,https://play-lh.googleusercontent.com/a/ACg8ocIpE9cJjlUOwjJ4IW69FSBDh5jjV3hj_VjCFkvdC0KVWj4Rog=mo,PLN mobille jos,5,0,5.2.75,2025-12-11 09:48:50,"Hai Kak Eko. Waaah banget nih penilaian sama reviewnya. Ingin tau biaya Pasang Baru, klik ajah menu simulasi biaya di PLN Mobilemu, semua makin mudah. Stay Healthy -YA",2025-09-01 09:10:08,5.2.75,pln mobille jos
ac2e954d-ac53-42ce-8215-7660d32668c7,JAM AT,https://play-lh.googleusercontent.com/a/ACg8ocLTrwDAxQDOeQj_BqJaLOUtR1hwzoc0iLr2FgkaWrXARuqMwg=mo,sangat membantu serta fiturnya lengkap dan mudah digunakan,5,0,,2025-12-11 09:48:45,"Ulasan dari Kk emang top banget nih, thanks ya udah jd pengguna PLN Mobile. PLN Mobile siap penuhi kebutuhan listrik hanya dari satu genggaman. Layanan platform digital ini dirancang agar aktivitas jd lebih mudah. Kk jg bs dapetin promo menarik dr PLN Mobile loh. Jangan sampai ketinggalan ya. :) -FE",2025-12-12 03:49:42,,sangat membantu serta fiturnya lengkap dan mudah digunakan
c0072242-7e72-4f3a-a3a5-454457558540,Delviana Evi,https://play-lh.googleusercontent.com/a-/ALV-UjVymkx04sdVBcHK62e6PwVPnxd3deTkHDb2Lx3o8GeXdIZ1-zb9,aplikasinya sangat membantu saya memudahkan dalam pembelian token listrik..,5,0,5.2.75,2025-12-11 09:48:43,"Terima kasih udah berbagi pengalaman dengan PLN Mobile ya, Kak Delviana. Sekarang, layanan penting PLN bisa diakses dgn mudah kapan aja dan di mana aja. PLN Mobile memberikan pelayanan yg cepat, praktis dan efektif. Yuk, rekomendasikan PLN Mobile ke teman dan keluarga Kk biar aktivitas listriknya jadi lebih mudah. Tks. -FE",2025-12-12 03:49:13,5.2.75,aplikasinya sangat membantu saya memudahkan dalam pembelian token listrik
1ba05b6b-bf50-4f83-b5f7-ff33632125ae,Dedi Irawaan,https://play-lh.googleusercontent.com/a/ACg8ocJlsI2PO_DbZ1PhB1otexAAji3Aj840_Ur88m5adi-D9NwM7Q=mo,"Beli token listrik, bayar tagihan, melakukan pengaduan, mengajukan pasang baru dan tambah daya dengan mudah melalui PLN Mobile! PLN Mobile merupakan aplikasi terlengkap untuk semua hal kelistrikan di Indonesia",5,0,5.2.75,2025-12-11 09:48:17,"Halo Kak Dedi, thanks ya atas ulasan yg udah diberikan. Semoga pengalaman pakai PLN Mobile makin menyenangkan ya. Kk bisa ajak orang-orang terdekat buat jadi pengguna PLN Mobile. Semua kebutuhan listrik jd lebih mudah terpenuhi dgn aplikasi ini. Sukses selalu ya. :) -FE",2025-12-12 03:48:57,5.2.75,beli token listrik bayar tagihan melakukan pengaduan mengajukan pasang baru dan tambah daya dengan mudah melalui pln mobile pln mobile merupakan aplikasi terlengkap untuk semua hal kelistrikan di indonesia
7c3463fb-82ed-4ce0-8f9b-9c1d9ace6ed5,Arif Permana,https://play-lh.googleusercontent.com/a-/ALV-UjVSaThijZ0v-8Tb1-M_mE7B-KFqmoTa-9U9DdLUjOPuVFIAQRQbEQ,aplikasi sangat mudah untuk gangguan,5,0,5.2.75,2025-12-11 09:47:57,"Hai Kak Arif, thanks ya udh sharing pengalaman pakai PLN Mobile. Mimin akan terus berupaya memberikan pelayanan terbaik lewat platform digital yang praktis dan informatif. Yuk rekomendasiin PLN Mobile ke teman/sahabat/keluarga juga ya. Tks. -FE",2025-12-12 03:48:32,5.2.75,aplikasi sangat mudah untuk gangguan
0ec4ef2f-75e8-4edd-8ce8-dece26635f6f,mas man,https://play-lh.googleusercontent.com/a-/ALV-UjUjKREhBca6CQ_Q9JD_OP9Z8XKCio8_Osswa8U4dLgf7eQ5MlY,aplikasi sangat menbantu ketika untuk laporan ganguan padam. banyak informasi yg bisa di dapat seputar promo2 dari pln 👍,5,0,5.2.75,2025-12-11 09:47:44,"Wah, seneng banget liat Kk udah ngerasain mudahnya pakai PLN Mobile. PLN Mobile emang paling enak, semua bisa beres dalam satu genggaman aja. Fyi, di PLN Mobile jg banyak promonya loh, Kk bisa nih share ke temen dan keluarga buat download PLN Mobile. Have a nice day. :) -FE",2025-12-12 03:48:12,5.2.75,aplikasi sangat menbantu ketika untuk laporan ganguan padam banyak informasi yg bisa di dapat seputar promo2 dari pln
9ef08b27-a0db-4ad6-b403-67580d089656,Incu Kadal,https://play-lh.googleusercontent.com/a-/ALV-UjWNyUoRsuhNSz_ceOl6h0LTdqFny2LEX46s7d3uO-TBsDRuc8tS,makasih!,5,0,5.2.75,2025-12-11 09:47:38,"Makasih banyak ya Kak atas feedback nya. Mimin seneng banget liat ulasan yang diberikan untuk PLN Mobile. PLN Mobile udh jadi solusi yg tepat utk penuhi kebutuhan listrik pelanggan. Apk ini cocok bgt buat kamu yg mau semuanya serba sat set. Yuk, ajak keluarga dan kerabat Kk utk download PLN Mobile. Tks. -FE",2025-12-12 03:47:02,5.2.75,makasih
ea4cfe3c-465d-47ad-85fe-bf30ff540339,BlueCR 7,https://play-lh.googleusercontent.com/a/ACg8ocLMoYJKymp7Sj8YXBJiUEmmpoJpBgXmckEj7NK2miWR9AW39Q=mo,prosesnya sangat lancarrr,5,0,,2025-12-11 09:45:47,"Wah, senangnya kalo PLN Mobile udah mempermudah aktivitas Kk, terima kasih ya udah pakai aplikasinya. PLN Mobile terus kasih kemudahan untuk pelanggan dalam hal kelistrikan. Recommended banget nih buat teman dan keluarga Kk kalo butuh yg cepat dan praktis. Yuk ajak mereka buat download dan jadi pengguna PLN Mobile. Tks. -FE",2025-12-12 03:46:22,,prosesnya sangat lancarrr
45ca3740-e4e9-448c-ba43-6400fdfd0a37,Ade Setiawan,https://play-lh.googleusercontent.com/a/ACg8ocLHF0BqEo2BewEUkD0ORfmC4ETje_nUXzCQutRQkq0LYrxyoLv3=mo,"PLN Mobile sangat membantu ketika mau bayar tagihan listrik, bisa dimana saja dan kapan saja",5,0,5.2.75,2025-12-11 09:45:47,"Terima kasih banyak, Kak Ayu. PLN Mobile bukan sekadar aplikasi, tapi teman setia urusan listrik kamu ya. Yuk rekomendasikan ke kerabat dan keluarga Kk utk download PLN Mobile. :) -IP",2025-08-27 14:29:13,5.2.75,pln mobile sangat membantu ketika mau bayar tagihan listrik bisa dimana saja dan kapan saja
dbc7fa9c-1f6c-46a9-b422-e7e423315b3a,Margo Utomo,https://play-lh.googleusercontent.com/a/ACg8ocLrIl8zJe2CTmX0Wk5etrSN2Mbp88u0i1BzhKFUiUY9iVFxtw=mo,semakin lancar abadi ae,5,0,5.2.75,2025-12-11 09:44:54,"Halo Kak Margo. Tks ya Kak penilaiannya, semoga semakin setia menggunakan PLN Mobile. Kamu bisa urus perihal kelistrikan lewat smartphone-mu, dari mana saja dan kapan saja via aplikasi PLN Mobile. Salam sehat selalu -FH",2025-09-03 20:20:26,5.2.75,semakin lancar abadi ae
9b38d199-3e88-4428-8630-cefb59c4c58c,Mawan Thamrin,https://play-lh.googleusercontent.com/a/ACg8ocLiuHYZo_zWebKbluaxvWc83eDolrbd-Rm70gHt1iDhS0g7NA=mo,"Beli token listrik, bayar tagihan, melakukan pengaduan, mengajukan pasang baru dan tambah daya dengan mudah melalui PLN Mobile! PLN Mobile merupakan aplikasi terlengkap untuk semua hal kelistrikan di Indonesia",5,0,,2025-12-11 09:44:25,"Wah, mimin seneng bgt kalo PLN Mobile udah membantu Kk, makasih ya udah pakai PLN Mobile. Layanan platform digital ini dirancang agar kebutuhan listrik pelanggan jd lebih mudah terpenuhi. Yuk ajak teman-teman kamu buat download PLN Mobile. Tks. -FE",2025-12-12 03:45:54,,beli token listrik bayar tagihan melakukan pengaduan mengajukan pasang baru dan tambah daya dengan mudah melalui pln mobile pln mobile merupakan aplikasi terlengkap untuk semua hal kelistrikan di indonesia
f495093b-a6a0-4051-a0eb-9e5cf7add327,Lia Yulianti,https://play-lh.googleusercontent.com/a/ACg8ocIY_2ipBOzlTXA8DEcQo5MtBwbQWNcO4TAF5yM39fQaiWmbxg=mo,ingsaAlloh bagus,5,0,5.2.75,2025-12-11 09:44:22,"Hai Kak Lia, terima kasih banyak ya udah download PLN Mobile. Mimin seneng deh jika fitur praktis yg ada di PLN Mobile udah bantu aktivitas Kk. Semoga PLN Mobile tetap menjadi pilihan dalam memenuhi kebutuhan listriknya ya. Jangan lupa ajak teman dan sahabat Kk buat download PLN Mobile. Tks. -FE",2025-12-12 03:44:52,5.2.75,ingsaalloh bagus
03f1cc9a-3187-4dd1-97d6-be1d601581fb,Enoksiti Rodiah,https://play-lh.googleusercontent.com/a/ACg8ocIOODb7tyQ2L7zNCol91kH48FV6ix9-LTUEmPXUt0FZK2p0tA=mo,"aplikasi yang praktis dan mudah digunakan, kerenn",5,0,5.2.75,2025-12-11 09:43:07,"Halo Kak Rodiah, mimin seneng banget sama ulasan yg Kk berikan, terima kasih ya. PLN Mobile sajikan fitur beragam yg tentunya mudah diakses dalam satu genggaman tangan. Kk juga bisa mendapatkan informasi terkait event terdekat & promo menarik dr PLN Mobile loh. Ajak teman dan sahabat terdekat kamu buat jd pengguna PLN Mobile juga ya. Tks. -FE",2025-12-12 03:43:36,5.2.75,aplikasi yang praktis dan mudah digunakan kerenn
75017838-5791-47e9-aa6a-afe46e36a138,Nailul Faizin,https://play-lh.googleusercontent.com/a/ACg8ocJdtckYnXNou2NfmGlGbpFfZ8tLV093zPucPs87RlD1Vgwh8g=mo,praktis dalam satu genggaman dan semakin mudah PLN mobile semua ada semua bisa semua mudah,5,0,5.2.75,2025-12-11 09:41:32,"Halo Kak Faizin. Thanks ya Kak penilaiannya, cus rekomendasi ke tmn2 kmu juga ya Kak buat gunain PLN Mobile. FYI nih kak, di PLN Mobile banyak banget promonya lho, Kakak bisa share ke Temen dan Keluarga ya kak. Salam PLN Terbaik. -WY",2025-09-05 15:51:13,5.2.75,praktis dalam satu genggaman dan semakin mudah pln mobile semua ada semua bisa semua mudah
a3695e9a-3e06-4c7b-80d2-3ca6025681fd,pinaaa,https://play-lh.googleusercontent.com/a/ACg8ocJwTDpJKDjj8Cz-nh-LCIqz4icnI3nyLB4nQvmcFopUAip7gw=mo,aplikasinya sangat bagus dan sangat bermanfaat,5,0,,2025-12-11 09:40:28,Thanks ya Kak udah kasih ulasan dan rating terbaik buat PLN Mobile. Mimin seneng deh kalo fitur-fitur yg ada di PLN Mobile udah bantu aktivitas Kk. Semoga PLN Mobile tetap jadi pilihan Kk dalam memenuhi kebutuhan listriknya ya. Jangan lupa juga ajak teman dan sahabat kamu buat download PLN Mobile. Have a great day. :) -FE,2025-12-12 03:42:06,,aplikasinya sangat bagus dan sangat bermanfaat
49533274-27dd-42e6-a5c5-dfbca457e9c4,siswo bintoro,https://play-lh.googleusercontent.com/a/ACg8ocJtsQ7eSzV2wifNpTlUECcxgsKwqC2kdJb8RYpapWS89nCQQQ=mo,ok,5,0,5.2.75,2025-12-11 09:39:18,"Makasih ya Kak Siswo atas ulasan & rating terbaik yg diberikan. Mimin seneng deh kalo PLN Mobile bs jd aplikasi andalan bantu urus kebutuhan listrik Kk. Kalo ada kendala, Kk ga perlu khawatir karena petugas akan tanggap atasi laporan lewat fitur Pengaduan yg ada di PLN Mobile. Yuk rekomendasiin PLN Mobile ke teman & keluarga Kk. :) -FE",2025-12-12 03:41:03,5.2.75,ok
27f46655-3fc2-44c6-975b-c852cac5edd1,Sri Widyastuti1981,https://play-lh.googleusercontent.com/a-/ALV-UjWFXMERYk4EIY6OUmF9ePkW_rcTVkMAatVJxYQcMt8jopXHXKE,oke,5,0,5.2.75,2025-12-11 09:39:04,"Makasih buat ulasan dan rating 5 nya ya, Kak Sri. Semoga PLN Mobile terus memberikan kenyamanan dan selalu jadi andalan saat Kk membutuhkannya ya. Platform digital ini dirancang agar kendala listrik jd lebih mudah teratasi. Yuk, ajak teman-teman dan keluarga kamu untuk download PLN Mobile. Tks. -FE",2025-12-12 03:40:09,5.2.75,oke
1966cfa6-c794-4580-b9d2-b0b3d31fa589,Indri B,https://play-lh.googleusercontent.com/a/ACg8ocJgNRppl4kjn7JgsAhMIW_46qqjrIgXbU9NuxZXZ-0WwQTYBo0=mo,Aplikasinya bagus dan sangat memudahkan,5,0,,2025-12-11 09:38:42,"Halo Kak Indri, thanks ya untuk apresiasi yang diberikan. Senang rasanya jika layanan yang ada di PLN Mobile udah bantu aktivitas listrik Kk. Yuk, nikmati terus fitur-fitur yang tersedia di PLN Mobile dan jgn lupa buat rekomendasiin PLN Mobile ke orang-orang terdekat kamu ya. Semoga PLN Mobile trs kasih kenyamanan buat kamu ya. :) -FE",2025-12-12 03:39:44,,aplikasinya bagus dan sangat memudahkan
c6b064ed-31f4-4d05-8ec7-5ffa9b1ef062,Aldo Do,https://play-lh.googleusercontent.com/a/ACg8ocLAOqa4CVO_k6FvUIQ2VF4XdCwrw7J-ip9BwPDiZBMWwe1HyA=mo,baik,5,0,,2025-12-11 09:37:48,"Terima kasih ya Kak Aldo udah setia dengan layanan PLN Mobile. Aplikasi ini dirancang utk jadi solusi terbaik penuhi kebutuhan listrik pelanggan. Fleksibel, praktis, dan tentunya informatif, cocok utk direkomendasikan ke teman-teman dan keluarga Kk. Tks. -FE",2025-12-12 03:39:08,,baik
04372563-9a98-4a22-b2c2-18931a8ce7a8,Gigih Priyo,https://play-lh.googleusercontent.com/a/ACg8ocKJFae983rUbEg0M2cVqYk7RMcTXCdl8bR9jceFYlBFbQzmGw=mo,PLN mobile sangat membantu dalam memenuhi kebutuhan laporan dan gangguan dll,5,0,5.2.75,2025-12-11 09:37:32,"Hai Kak Gigih, terima kasih ya udah download PLN Mobile. Segala jenis ulasan akan menjadi perhatian buat kami untuk dapat memberikan pelayanan terbaik lewat PLN Mobile. Jika ada saran apa pun, yuk sampaikan lewat fitur Live Chat yang ada di PLN Mobile. Tks. -FE",2025-12-12 03:38:47,5.2.75,pln mobile sangat membantu dalam memenuhi kebutuhan laporan dan gangguan dll
74e6633f-a806-4ccf-ac95-47b6a3b3ac34,Dailami Harun,https://play-lh.googleusercontent.com/a/ACg8ocKC4YolVWnfgmz7Uu3GOQ6CgiK7klPZziL_UdK88Es6Dfvq_w=mo,Aplikasi ini sangat membantu dan memuaskan,5,0,5.2.75,2025-12-11 09:37:11,"Hai Kak Harun, Makasih yaa buat review & rating bintang 5 nya Mimin senang banget. Kuyy ajak besti mu buat tambah daya di aplikasi PLN Mobile, banyak promo menarik loh. Stay safe ya. -AH
",2023-11-13 09:45:21,5.2.75,aplikasi ini sangat membantu dan memuaskan
cabf85cc-23f0-48ef-b682-74ff9d8d9dd4,Muhammad Aldi,https://play-lh.googleusercontent.com/a/ACg8ocKCzVTIuaSh3ttKkbiaO9HPqMX1Sr0Anj1OVj7vJixJMD5gAw=mo,pelayan cepat,5,0,5.2.75,2025-12-11 09:36:51,"Terima kasih ya Kak Aldi atas apresiasi & rating cantik utk PLN Mobile. Jangan lupa untuk manfaatkan fitur-fitur yg ada di PLN Mobile ya. Mulai dari bayar tagihan sampai beli token listrik, semua bisa diakses dengan mudah lewat PLN Mobile. Yuk, rekomendasikan PLN Mobile ke orang terdekat kamu biar bisa merasakan kenikmatan apk ini bersama. Tks. -FE",2025-12-12 03:37:48,5.2.75,pelayan cepat
991a8783-3363-4ca4-ae74-fc05f35da0ea,Edy Dy,https://play-lh.googleusercontent.com/a/ACg8ocIG2S5hpSKa9dba-e3tI-TJIWdizgn507AiYMG_G9TfWVt6tQ=mo,"aplikasi nya sangat bagus, semoga maju terus 👍🏻",5,0,5.2.75,2025-12-11 09:36:20,"Wah, mimin seneng banget liat ulasan dari Kak Edy. Terima kasih ya udah jadi bagian dari pelanggan digital kami. Mimin akan terus kasih pelayanan yg optimal dan praktis untuk pelanggan, karena kepuasan pelanggan akan selalu jadi prioritas kami. Yuk, ajak keluarga dan kerabat Kk utk download PLN Mobile. Semoga harinya menyenangkan. :) -FE",2025-12-12 03:37:04,5.2.75,aplikasi nya sangat bagus semoga maju terus
76f1c99d-3319-4abe-9851-7e72eed23959,Nasywa Nabilatu,https://play-lh.googleusercontent.com/a/ACg8ocI1091lMEmPnfCO2WAUs0-N2Soo9CeQ4bHBg7jOhtlZ8IRj2A=mo,"aplikasi nya sangat bagus, sangat memudahkan kita",5,0,,2025-12-11 09:33:23,"Halo Kak Nasywa, terima kasih atas kepercayaan yang udah diberikan untuk PLN Mobile ya. Semoga dengan PLN Mobile, kalau ada kendala listrik jadi makin mudah teratasi. Yuk, ajak teman-teman dan sahabat Kk utk download PLN Mobile dan nikmati kenyamanannya bersama. Salam sehat selalu. :) -FE",2025-12-12 03:36:21,,aplikasi nya sangat bagus sangat memudahkan kita
52b2f96a-a0f9-4ffd-8e83-3758f8f8d788,Sang Pengintip,https://play-lh.googleusercontent.com/a-/ALV-UjW_vphmTVCJpNOF_QUfpqQqAmmJAaPHQ_NS5m5kdILHdSXMTH0,mantap,5,0,5.2.75,2025-12-11 09:31:19,"Wah, mimin seneng banget baca ulasan dari Kak. Terima kasih ya udah jadi bagian dari pelanggan digital kami. Mimin akan terus kasih pelayanan yg optimal dan praktis untuk pelanggan, karena kepuasan pelanggan akan selalu jadi prioritas kami. Yuk, ajak keluarga dan kerabat utk download PLN Mobile. Semoga harinya menyenangkan Kak. :) -FE",2025-12-12 03:35:44,5.2.75,mantap
c9938cb8-5bd4-4c35-86e9-517bf34b7cc2,Baluik Iicin,https://play-lh.googleusercontent.com/a/ACg8ocKEf3dKnovd4XAmLE_FcI4jRvAN8IorGDLUWvrJUSR_k35xYg=mo,"aplikasi nya bagus, prosesnya lancar",5,0,,2025-12-11 09:31:12,"Makasih ya Kak udah download dan akses layanan yang ada di PLN Mobile. PLN Mobile hadirkan fitur-fitur kekinian yg gampang banget buat diakses. Ga cuma itu, di PLN Mobile juga ada informasi dan promo menarik yang ditawarkan loh. Tunggu apa lagi, kuy ajak teman dan sahabat kamu untuk download PLN Mobile. Tks. -FE",2025-12-12 03:34:48,,aplikasi nya bagus prosesnya lancar
ae993c97-d8df-4de2-80db-6e6f2485e4f2,Guntur Rahmadeni,https://play-lh.googleusercontent.com/a/ACg8ocKJGY__13xcYXLqrsSXv7AO7dC3HXRxaAHbqTzxlun-EnuLtg=mo,"trimksih pln mobile sangat membantu sekali, proses pelayanan cepat, banyak promo dan vocer smoga kedepanya tmbah lbih banyak progam lg, mantap",5,0,5.2.75,2025-12-11 09:29:57,"Hi Kak Guntur. Makasih yah buat bintangnya, semoga kamu selalu nyaman menggunakan PLN Mobile. Ingin tau biaya Pasang Baru, klik ajah menu simulasi biaya di PLN Mobilemu, semua makin mudah. Sukses buat Kakak yah. -LA",2025-08-24 19:58:13,5.2.75,trimksih pln mobile sangat membantu sekali proses pelayanan cepat banyak promo dan vocer smoga kedepanya tmbah lbih banyak progam lg mantap
ca2cd2ed-1e24-48af-b981-6831ac0273ea,riotri andikaputra,https://play-lh.googleusercontent.com/a-/ALV-UjX9ZsNeNu2aXbkawRMF_IH4tRqgx6prBsOSyHvBSnagzeVQRYg,"aplikasi sangat membantu pelanggan untuk catat meter sendiri, pengaduan bahkan pembayaran tagihan listrik maupun beli membeli token",5,0,5.2.75,2025-12-11 09:29:07,"Terima kasih Kak udah jd pelanggan setia PLN Mobile. Aplikasi ini memang dibuat untuk memudahkan setiap penggunanya. Kk ga perlu repot keluar rumah kalo ingin melakukan transaksi, karena semua bs dilakukan via PLN Mobile dgn metode pembayaran yg beragam. Tunggu apa lagi, yuk ajak keluarga & kerabat kamu buat jadi pengguna PLN Mobile. Tks. -FE",2025-12-12 03:34:29,5.2.75,aplikasi sangat membantu pelanggan untuk catat meter sendiri pengaduan bahkan pembayaran tagihan listrik maupun beli membeli token
52b514c5-404f-41b6-8298-731ffe4d4f06,Arif Andi Wihatmanto,https://play-lh.googleusercontent.com/a-/ALV-UjWIx8RY-24BjUubCbIljbokcJKVMI8zselQfEya5WBAuisESbpuCw,"Sangat membantu disaat terjadi gangguan pada jaringan listrik di rumah, respon nya cepat dan bebas dari biaya.",5,0,5.2.75,2025-12-11 09:27:43,"Halo Kak Arif, terima kasih udh sharing pengalaman bersama PLN Mobile ya. PLN akan terus berupaya memberikan pelayanan yg optimal lewat platform digital yg praktis dan informatif. Semua kebutuhan listrik makin mudah terpenuhi lewat sentuhan layar smartphone yg Kk punya. Jangan lupa rekomendasiin PLN Mobile ke teman dan sahabat Kk ya. Tks. -FE",2025-12-12 03:34:15,5.2.75,sangat membantu disaat terjadi gangguan pada jaringan listrik di rumah respon nya cepat dan bebas dari biaya
4fe9f0df-9a9a-4b76-951f-f9aa2f3602b9,Devicha Rahmadany,https://play-lh.googleusercontent.com/a-/ALV-UjW8JIp62rj027OcCEfgmoicChyIxW11LVVfOFqsG9XU70B9Rd2Q,"suka banget sama PLN Mobile dulu sedikit ribet kalau mau cek tagihan atau beli token,tapi sekarang tinggal buka aplikasi.Trimakasi PLN Mobile",5,0,,2025-12-11 09:26:47,"Halo Kak Devicha, thanks ya udah jadi pengguna setia PLN Mobile. Platform digital ini dirancang agar aktivitas listrik pelanggan jd makin mudah terpenuhi. Yuk, ajak keluarga dan kerabat kamu buat download PLN Mobile. Semoga pengalaman bersama PLN Mobile makin menyenangkan ya. :) -FE",2025-12-12 03:30:58,,suka banget sama pln mobile dulu sedikit ribet kalau mau cek tagihan atau beli token tapi sekarang tinggal buka aplikasi trimakasi pln mobile
15f42161-e19d-4f59-a3d9-3f3507464de8,Wisnu Pangestu,https://play-lh.googleusercontent.com/a/ACg8ocJL3_5ibqCliEmV4eZjtIRtHZWW318h3Aoafzuw2RP-cXjnfQ=mo,PLN mobile membantu mempermudah untuk pembelian token listrik,5,0,5.2.75,2025-12-11 09:25:13,"Hai Kak Wisnu, makasih ya udah bertransaksi di PLN Mobile. Lewat PLN Mobile, semua jadi beres hanya dalam satu genggaman. Transaksi lewat PLN Mobile tinggal klik-klik, langsung selesai. PLN Mobile emang cocok jd teman setia urus listrik kamu. Yuk rekomendasiin ke teman dan sahabat kamu juga ya buat gunain PLN Mobile. Have a nice day. :) -FE",2025-12-12 03:30:22,5.2.75,pln mobile membantu mempermudah untuk pembelian token listrik
2df10b23-1e32-4149-958a-62375138d8d3,Khairi Yanto,https://play-lh.googleusercontent.com/a/ACg8ocIj8t5ky7L6GRA1izhxIgvrvBnGnoePPNuqlchfO1IDoi1-Jw=mo,memang top,5,0,5.2.75,2025-12-11 09:23:48,"Yuhu Kak Khairi . Makasih buat ulasannya ya, wah semoga pengalaman menggunakan PLN Mobile selalu menyenangkan ya Kak. Ditunggu update info dan promo lainnya nanti ya, Salam sehat selalu. -RR
",2025-03-20 21:50:12,5.2.75,memang top
f2bf8478-d8d0-476a-8db6-0344409198d9,Prayetno Goang,https://play-lh.googleusercontent.com/a/ACg8ocIh-UB0MIEayIHJULSQySGnI3pS99T9n5WZKSsqiH6gMI0qsQ=mo,terbaik,5,0,5.2.75,2025-12-11 09:23:36,Makasih ya Kak Prayetno buat ulasan dan rating terbaik utk PLN Mobile. PLN Mobile dirancang utk bikin semua kebutuhan listrik jadi lebih praktis. Gak perlu repot lagi buat keluar rumah karena semua ada dalam genggaman. Kuy ajak keluarga dan kerabat Kk untuk download PLN Mobile. Tks. -FE,2025-12-12 03:29:51,5.2.75,terbaik
31d77237-b060-47f4-a428-166c9cfd94b3,Agus Fazrian,https://play-lh.googleusercontent.com/a/ACg8ocLFQMVu-eJHGH-0a9NP0Y6_5yLRPdERhCmk8aKKkTlwc7VvaQ=mo,"hay kaka,tankyou ya penilaiannya buat PLN mobile.Ayo manfaatkan fitur tambah daya pada PLN mobile,kamu bisa nih ubah daya pake PLN",5,0,5.2.75,2025-12-11 09:23:09,"Makasih banyak ya Kak Agus udah kasih ulasan terbaik. PLN Mobile memang dibuat untuk memudahkan aktivitas setiap penggunanya. Kk ga perlu repot keluar rumah kalo ingin bayar tagihan, karena transaksi bs dilakukan di PLN Mobile dgn metode pembayaran yg beragam. Yuk langsung aja ajak keluarga kamu buat jadi pengguna PLN Mobile. Tks. -FE",2025-12-12 03:29:23,5.2.75,hay kaka tankyou ya penilaiannya buat pln mobile ayo manfaatkan fitur tambah daya pada pln mobile kamu bisa nih ubah daya pake pln
8a26520d-ae47-49f1-a383-77e2513e7ace,Ardiansya Arya,https://play-lh.googleusercontent.com/a/ACg8ocKfZ8J3Ty-yHQoGVlXam5I9aCiTVXu6bvftWBsM947XlNv0MA=mo,TOP,5,0,5.2.75,2025-12-11 09:22:50,"Hai Kak Ardiansya, terima kasih atas ulasan dan apresiasi yang udah diberikan ya. Mimin akan terus berikan layanan yang cepat, praktis dan ramah pengguna untuk pelanggan lewat PLN Mobile. Teman kamu malas keluar rumah hanya utk beli token listrik, langsung aja rekomendasiin buat gunain PLN Mobile. Semua bisa beres dalam waktu singkat. :) -FE",2025-12-12 03:29:01,5.2.75,top
84f1292c-85f4-4a9a-b0a6-f8cd8b588a60,KENES CHANNEL,https://play-lh.googleusercontent.com/a/ACg8ocISoQ-ksSoYb5oXAcm10bEFLPta_jJ4cyJQ3AaBdKUAob0Gr4k=mo,"Sangat membantu dalam pengaduan keluhan baik kwh meter pasca maupun prabayar, juga memudahkan kita untuk membayar tagihan listrik kita. Untuk yg mau pengajuan baik pengajuan baru, migrasi tambah daya sudah bisa kita lakukan lewat aplikasi pln mobile ini, dilengkapi juga simulasi berapa rupiah yg harus kita bayar. Ayo download Pln mobile banyak promonya Lho!!! Apalagi sekarang ada penerapan kebijakan perlindungan data konsumen Yg terbaru bisa pengaduan lewat menu layanan pelanggan..",5,4,5.2.75,2025-12-11 09:22:48,"Wah Makasih yaa Kak buat review & rating bintang 5 nya Mimin senang banget. Kini mengisi daya kendaran listrik anda dapat dilakukan dimana saja, temukan stasiun pengisian daya terdekat pada aplikasi PLN Mobile Mu. Have a great day. -LA",2025-08-24 19:53:56,5.2.75,sangat membantu dalam pengaduan keluhan baik kwh meter pasca maupun prabayar juga memudahkan kita untuk membayar tagihan listrik kita untuk yg mau pengajuan baik pengajuan baru migrasi tambah daya sudah bisa kita lakukan lewat aplikasi pln mobile ini dilengkapi juga simulasi berapa rupiah yg harus kita bayar ayo download pln mobile banyak promonya lho apalagi sekarang ada penerapan kebijakan perlindungan data konsumen yg terbaru bisa pengaduan lewat menu layanan pelanggan
591bae0b-45e5-4348-a830-b46f5b2da388,azkia Syifa,https://play-lh.googleusercontent.com/a-/ALV-UjUwvnfI8IYwxn4N_2vm-sqN0qkKzm2VDIZHgDgqi10s0NjwGhTT,sudah semakin bagus pln mobile nya,5,0,5.2.75,2025-12-11 09:22:22,"Waw Kakak Azkia, Terima kasih sudah memberikan rating cantiknya untuk aplikasi PLN Mobile. Ditunggu update info dan promo lainnya ya Kak, dapat dilihat di menu Promosi & Informasi. Stay Healthy. –FA",2025-08-14 03:02:45,5.2.75,sudah semakin bagus pln mobile nya
7959dbd4-ad2f-4254-a593-b21887165a97,Bukhari Akamil,https://play-lh.googleusercontent.com/a-/ALV-UjW5QBysHAp95v3c6f7CcpRQsMPDe-mgT5aJmdrHF8RsaUpZlF4,terbaik dalam segi pelayanan,5,0,5.2.75,2025-12-11 09:21:28,"Halo Kak Bukhari, mimin sangat menghargai apresiasi yg Kk berikan, terima kasih ya. PLN Mobile hadir utk pelanggan biar lebih hemat waktu dan tenaga. Semua kebutuhan listrik bisa terpenuhi lewat PLN Mobile kapan aja dalam waktu singkat. Yuk, ajak teman dan sahabat kamu buat download dan jd pengguna setia PLN Mobile. Tks. -FE",2025-12-12 03:28:30,5.2.75,terbaik dalam segi pelayanan
fded67dc-9765-4744-b1a2-b5bd6be560b8,denny rumapar,https://play-lh.googleusercontent.com/a-/ALV-UjU_vGvEVAAOt27Y-fW4BmDpe-AR7pa7s8G1D8RA-WwesqAo2gN0,luar biasa,5,0,5.2.75,2025-12-11 09:21:24,"Hai Kak Denny, thanks ya udah setia dengan layanan digital kami. PLN Mobile hadir biar urusan kamu jadi makin mudah dan cepat. Dengan PLN Mobile, kamu bebas mengatur kebutuhan listrik dengan aman dan nyaman kapan pun kamu mau. Yuk langsung aja rekomendasiin ke teman dan keluarga Kk untuk download PLN Mobile. Sehat selalu ya. :) -FE",2025-12-12 03:28:15,5.2.75,luar biasa
dd893e6b-f90f-48ed-993b-df9cc2ac0980,Ikhsan Nuryana,https://play-lh.googleusercontent.com/a/ACg8ocK8B4aI22ifmapJYPs16XTGkzWreziFZoXbMv2dMaDlQGakoQ=mo,maksimal,5,0,5.2.75,2025-12-11 09:21:11,"Hai Kak Ikhsan, tks ya udah share pengalaman bersama PLN Mobile. Memberikan pelayanan terbaik udah jadi prioritas kami demi kenyamanan pelanggan. Semoga PLN Mobile tetap jadi pilihan dalam memenuhi kebutuhan listriknya ya. Ajak juga keluarga dan kerabat Kk buat jadi pengguna PLN Mobile ya. Jika ada saran, yuk sampaikan lewat fitur Live Chat. :) -FE",2025-12-12 03:27:55,5.2.75,maksimal
2e9f0402-5ac5-4871-a01e-161974e80366,Galih Mahardika,https://play-lh.googleusercontent.com/a-/ALV-UjXqJ4kCdJNq4QsetobIHoFDdDr1oxliCUH584y9LVeMjI6lpQ,top,5,0,5.2.75,2025-12-11 09:20:32,"Terima kasih atas ulasan dan rating yang udah diberikan ya, Kak Galih. Kalo mau tambah daya atau pasang baru, Kk bisa nih cek simulasi biaya dan ajuin lewat fitur yg tersedia. Kk bisa ajak orang-orang terdekat buat download dan jadi pengguna PLN Mobile ya. Semoga pengalaman menggunakan PLN Mobile selalu menyenangkan. :) -FE",2025-12-12 03:27:17,5.2.75,top
b2653ad0-ab0f-4f1a-9978-0ee25aace8c0,Asrul Hasyim,https://play-lh.googleusercontent.com/a-/ALV-UjV7TDEpe0s_xST_lfmOXKhbpYL3wzvdQw6GQPBg4sHmRUFFCPdHGQ,"Aplikasi PLN Mobile sangat membantu sekali dalam transaksi kelistrikan ,pasang baru, perubahan daya serta penerangan ekstra dan melaporkan keluhan serta mudah di pakai.",5,0,5.2.75,2025-12-11 09:20:05,"Halo Kak Asrul, mimin seneng banget liat ulasan dari Kk, thanks ya udah pakai PLN Mobile. Mimin akan trs mengoptimalkan apk layanan kelistrikan yg dpt memberikan kenyamanan bagi penggunanya. Semoga pengalaman dgn PLN Mobile selalu menyenangkan ya. Ajak juga teman-teman kamu buat pakai PLN Mobile. :) -FE",2025-12-12 03:26:54,5.2.75,aplikasi pln mobile sangat membantu sekali dalam transaksi kelistrikan pasang baru perubahan daya serta penerangan ekstra dan melaporkan keluhan serta mudah di pakai
5ef782e9-dafe-4db0-9c97-e63b41b6e97a,Anang Supriyadi,https://play-lh.googleusercontent.com/a/ACg8ocK7a0R9WMVTlcUzfR0IP6hK7gfEddXVkwBw0jPRP6Z-mU7lPw=mo,aplikasi pln mobile sangat membantu,5,0,5.2.75,2025-12-11 09:19:40,"Makasih banyak ya Kak Anang udah gunakan layanan yang ada di PLN Mobile. PLN Mobile hadirkan fitur-fitur kekinian yg gampang banget buat diakses. Ga cuma itu, di PLN Mobile juga ada informasi dan promo menarik yang ditawarkan loh. Tunggu apa lagi, cus ajak teman dan sahabat kamu untuk download PLN Mobile. Tks. -FE",2025-12-12 03:25:28,5.2.75,aplikasi pln mobile sangat membantu
b3e7c671-59d2-4bfb-8f20-d8182b7aeb05,daniel piero,https://play-lh.googleusercontent.com/a-/ALV-UjWy5lWt4-h2sr2FT4j3WVbPiNAdV8CrP1v0LygkV6Ub3AJojgin,"""PLN Mobile bukan sekadar aplikasi, tapi sahabat digital pelanggan PLN — cepat, mudah, dan terpercaya.” PLN Integritas Cerdas Jaya 🤩🇮🇩",5,0,5.2.75,2025-12-11 09:19:01,"Yuhu Kak Daniel, Tengkyu ya Kak penilaiannya buat PLN Mobile. Ayo ajak keluargamu download PLN Mobile. Kamu bisa dapat informasi dan Promo PLN hanya dengan rebahan, loh. Have a great day-AK
",2025-11-27 04:25:55,5.2.75,pln mobile bukan sekadar aplikasi tapi sahabat digital pelanggan pln cepat mudah dan terpercaya pln integritas cerdas jaya
aba4dbab-20f0-4900-93a2-3b242ea43151,Ellaa Tangkilisan,https://play-lh.googleusercontent.com/a-/ALV-UjVLu6GUcodcFYJ1BN7EwuuEGhenEXfNaIoKCZDvTszGtPYjJJ_e,"Aplikasi ini sangat membantu untuk kemudahan dalam melakukan pembelian token, pembayaran tagihan listrik, dan masih banyak fitur",5,0,5.2.75,2025-12-11 09:18:33,"Hi Kak Ella, makasih buat ulasannya ya, semoga pengalaman menggunakan PLN Mobile selalu menyenangkan ya Kak. Ditunggu update info dan promo lainnya nanti ya. Trims - HW",2025-09-05 18:55:46,5.2.75,aplikasi ini sangat membantu untuk kemudahan dalam melakukan pembelian token pembayaran tagihan listrik dan masih banyak fitur
0551b21e-ce5d-4e70-8b67-0fc5acadb25b,Eridchaniago Erid,https://play-lh.googleusercontent.com/a-/ALV-UjWpJ07IXYBhdkAohZL8a0_fZkz5GWWQyj7l65PWT0imrjpws81B,"sangat bermanfaat buat masyarakat, tidak perlu ke kantor cukup disini saja,praktis sekali",5,0,,2025-12-11 09:18:26,"Makasih banyak ya Kak udah download dan gunakan fitur layanan yang ada di PLN Mobile. PLN Mobile hadirkan fitur-fitur kekinian yg gampang banget buat diakses. Ga cuma itu, di PLN Mobile juga ada informasi dan promo menarik yang ditawarkan loh. Kuy ajak teman dan sahabat kamu untuk download PLN Mobile. Have a nice day. :) -FE",2025-12-12 03:18:11,,sangat bermanfaat buat masyarakat tidak perlu ke kantor cukup disini saja praktis sekali
2e3d0eba-5b3b-4959-bc23-af28e1e1269a,Ndika Saputra,https://play-lh.googleusercontent.com/a-/ALV-UjW7wtN1x2fUquK0fXbq6ZZy8soFr1lwtGuP_phdCL70icskRZeJ,"Aplikasi pln mobile sangat mudah di gunakan dimana saja, pokok nya gak ribet sekali",5,0,5.2.75,2025-12-11 09:16:08,"Terima kasih ya Kak Saputra atas apresiasi yang diberikan. Yuk gunakan trs fitur-fitur yang ada di PLN Mobile. Apk ini cocok digunakan buat kamu yg ga mau ribet. Tunggu apa lagi, langsung ajak orang-orang terdekat Kk buat download PLN Mobile ya. :) -FE",2025-12-12 03:17:28,5.2.75,aplikasi pln mobile sangat mudah di gunakan dimana saja pokok nya gak ribet sekali
bb6c3a42-512a-42d5-9941-0b7a783c3c90,wahid dun,https://play-lh.googleusercontent.com/a-/ALV-UjXOjqwSPa3iwAASMn7fVBtCStS2krVLX6CTeOkRM8ObcJKM5qev,"PLN mobile keren, sangat memudahkan",5,0,,2025-12-11 09:16:05,"Seneng banget liat ulasan dari Kak Wahid, thanks ya udah jd pengguna PLN Mobile. Memberikan pelayanan maksimal menjadi prioritas kami kepada pelanggan. PLN Mobile siap bantu penuhi kebutuhan listrik pelanggan dari mana aja dan kasih promo menarik bagi penggunanya. Yuk cek selalu apk nya utk setiap promo yg ada. Jgn sampai kelewat ya. :) -FE",2025-12-12 03:14:49,,pln mobile keren sangat memudahkan
8c7db0c8-746a-4b40-a18e-266203f96a87,anah,https://play-lh.googleusercontent.com/a/ACg8ocKAmBCthN4vK3ToENmt9jOAMosJd9QyY66G6sBhVNhl8MMmvQ=mo,di aplikasi ini selain ada kebutuhan seperti beli token ubah daya atau pasang baru. saya bisa belanja marketplace di pln mobile seperti kompor listrik dan alat2 berkelistrikan lain nya,5,0,,2025-12-11 09:15:54,"Terima kasih ya Kak Anah atas apresiasi yang diberikan. Yuk gunakan trs fitur-fitur yang ada di PLN Mobile. Apk ini cocok digunakan buat kamu yg ga mau ribet. Tunggu apa lagi, ajak orang terdekat Kk juga buat download PLN Mobile ya. :) -FE",2025-12-12 03:13:53,,di aplikasi ini selain ada kebutuhan seperti beli token ubah daya atau pasang baru saya bisa belanja marketplace di pln mobile seperti kompor listrik dan alat2 berkelistrikan lain nya
64a01f8f-622c-4254-9357-8157987c72ce,awan ariyan,https://play-lh.googleusercontent.com/a-/ALV-UjXsnIG8BwZ3HOi5DrEUXw_6Z3dL1AqpJnESHcUVByVIGMHrp9U,"Aplikasinya cukup bagus dan fungsinya bekerja seperti yang dijanjikan. Tapi terkadang terasa agak lambat saat membuka menu tertentu. Ul-nya oke, cuma masih bisa disederhanakan lagi. Kalau performanya ditingkatkan, pasti lebih nyaman dipakai",5,0,,2025-12-11 09:15:21,"Halo Kak Awan, terima kasih ya udah share pengalaman pakai PLN Mobile. Mimin ikut senang jika PLN Mobile sudah jadi andalan Kk. Saran dari Kk jadi motivasi buat kami utk trs meningkatkan apk layanan yg dapat memberikan kenyamanan dan kepuasan utk pelanggan. Kalau ada saran lain, jgn sungkan utk sampaikan lewat fitur Live Chat yg ada ya. :) -FE",2025-12-12 03:12:35,,aplikasinya cukup bagus dan fungsinya bekerja seperti yang dijanjikan tapi terkadang terasa agak lambat saat membuka menu tertentu ul nya oke cuma masih bisa disederhanakan lagi kalau performanya ditingkatkan pasti lebih nyaman dipakai
e3652bae-deba-4663-883d-5c0fa6f72dc5,Umar Ramdani,https://play-lh.googleusercontent.com/a-/ALV-UjVatSU0UBK1sdum9dHl2N2cmE2wqUXmlrizcp--oBF6T82vly8R,"Aplikasi PLN mobile memudahkan proses pengaduan dan fitur lainnya, bermanfaat terimakasih",5,0,5.2.75,2025-12-11 09:14:12,"Halo Kak Umar, thanks ya atas review nya sebagai pengguna PLN Mobile. PLN Mobile dirancang dgn fitur-fitur kekinian yg gampang diakses. Semua transaksi jadi lebih mudah dilakukan dgn pilihan metode pembayaran yg beragam. Yuk, jangan ragu buat rekomendasiin PLN Mobile ke teman dan sahabat Kk ya. Have a nice day. :) -FE",2025-12-12 03:09:26,5.2.75,aplikasi pln mobile memudahkan proses pengaduan dan fitur lainnya bermanfaat terimakasih
dfbe4708-1bbd-49e8-8ae4-96f8a363ad36,Doni Movic,https://play-lh.googleusercontent.com/a/ACg8ocKXgiH_7GvRQtUnN2TI85Ywdu2QW4K8GCEmKw727Qlu0OTXYA=mo,Aplikasi PLN mobile sangat membantu sekali dalam urusan mendaftarkan pasang baru perubahan daya penerangan ekstra.,5,0,5.2.75,2025-12-11 09:14:00,"Terima kasih atas kepercayaan yang sudah diberikan kepada PLN Mobile ya, Kak Doni. PLN Mobile bantu aktivitas pelanggan jd lebih praktis & efisien. Kebutuhan listrik bisa terpenuhi dari mana aja bahkan sambil rebahan loh, jd ga perlu repot lagi buat keluar rumah. Yuk, rekomendasiin PLN Mobile ke teman dan sahabat Kk. :) -FE",2025-12-12 03:09:10,5.2.75,aplikasi pln mobile sangat membantu sekali dalam urusan mendaftarkan pasang baru perubahan daya penerangan ekstra
9e2e709e-a5ae-4475-b734-176d58945c79,Rhevan Hamid,https://play-lh.googleusercontent.com/a/ACg8ocIw6eTbkoOb85bHKRhZW-PeRvZZVtXqXaoMAXS9Ts6jLKH7xw=mo,Mengisi token rumah jadi lebih cepat,5,0,,2025-12-11 09:13:21,"Wah, mimin seneng banget liat ulasan dari Kak Rhevan. Makasih ya udah jadi bagian dari pelanggan digital kami. Yuk, ajak keluarga dan kerabat Kk utk download PLN Mobile. Kalo mau tau riwayat pemakaian kWh, langsung aja cek di PLN Mobile. Semoga harinya menyenangkan. :) -FE",2025-12-12 03:07:49,,mengisi token rumah jadi lebih cepat
95013bee-d625-430b-9a37-7eb59cfbd066,Yantek Merauke12,https://play-lh.googleusercontent.com/a/ACg8ocI7U2pKFMAUi0539DtY3JTZvlhoa6D6A5smLhVd9Sy1qO_5RA=mo,pln terbaik,5,0,,2025-12-11 09:13:18,"Wih, makasih ya Kak atas ulasan dan rating yang diberikan. Yuk nikmati trs fitur-fitur yang ada di PLN Mobile. Mulai dari beli token listrik, bayar tagihan sampai cek riwayat pemakaian, semua bisa diakses dari rumah, enak banget kan. Ajak bestie kamu juga ya buat download PLN Mobile. Semoga harinya menyenangkan. :) -FE",2025-12-12 03:06:47,,pln terbaik
57832ad4-82cc-4922-a5ee-3e5f220fa9a8,Ismin Parabola,https://play-lh.googleusercontent.com/a/ACg8ocJBpQOKWe_neeOUl1tpQaIl-rmfx_Dmazv4Q3vPISueaxjydQ=mo,adanya aplikasi pln mobil merasa terbantu,5,0,5.2.75,2025-12-11 09:12:31,"Makasih banyak ya Kak Ismin udah kasih ulasan terbaik. PLN Mobile dibuat untuk memudahkan aktivitas setiap penggunanya. Kk ga perlu repot keluar rumah kalo ingin beli token listrik, karena transaksi bs dilakukan lewat PLN Mobile dgn metode pembayaran yg beragam. Have a nice day. :) -FE",2025-12-12 03:06:02,5.2.75,adanya aplikasi pln mobil merasa terbantu
2763537d-3efb-49e1-8a94-e60c098de7eb,Randi,https://play-lh.googleusercontent.com/a-/ALV-UjXpxRSsD4fqAyBvGgO3lHNvIs4iEK2-Sr52XUFhO9186QCq4Atj,"Sekarang tidak perlu repot ke luar rumah buat beli token atau cek tagihan. Semua bisa lewat aplikasi PLN Mobile. Fitur lengkap, tampilannya juga mudah dipahami",5,2,5.2.75,2025-12-11 09:12:17,"Halo Kak Deni, terima kasih ya atas ulasan & rating maksimal yg udah diberikan. PLN Mobile cocok jadi solusi penuhi kebutuhan listrik pelanggan. PLN Mobile emang paling oke, semua bisa beres dalam waktu singkat. Semoga pengalaman pakai PLN Mobile makin asik ya. :) -FE",2025-11-27 06:09:10,5.2.75,sekarang tidak perlu repot ke luar rumah buat beli token atau cek tagihan semua bisa lewat aplikasi pln mobile fitur lengkap tampilannya juga mudah dipahami
c3b2180a-62ab-4bd8-948b-641ab88b0afa,Farizal,https://play-lh.googleusercontent.com/a/ACg8ocKGuLhZgXYttHNOBo-rDKd4wUtJ7evtSANKQ4Z8LJd7hW_Qlg=mo,"Aplikasi pln mobile sangat mudah digunakan dalam bertransaksi kelistrikan seperti pasang baru , perubahan daya, penerangan ekstra dan lain lain,pokoknya mantap sekali,terbaiik",5,0,5.2.75,2025-12-11 09:11:56,"Thanks ya Kak Farizal atas ulasan dan rating terbaik yg diberkan. PLN Mobile dirancang bikin semua layanan listrik jadi lebih praktis. Gak perlu repot lg, semua layanan ada dalam genggaman. Yuk ajak keluarga dan kerabat Kk untuk download PLN Mobile dan nikmati kemudahannya. :) -FE",2025-12-12 03:04:22,5.2.75,aplikasi pln mobile sangat mudah digunakan dalam bertransaksi kelistrikan seperti pasang baru perubahan daya penerangan ekstra dan lain lain pokoknya mantap sekali terbaiik
11379e0b-2ea9-458f-8bbb-8d4d5a183139,Ridho F,https://play-lh.googleusercontent.com/a-/ALV-UjWx-T2yIVRSqpDHCoNnpYf_M-5WqgoqPuZ4id3TBNAbZeciOZ3A,"dengan aplikasi pln mobile ini, saya tidak usah untuk ke kantor pln terdekat untuk mengubah daya tambah daya atau pun keperluan listrik lain nya. kita tinggal klik2 aja di aplikasi ini . mantap",5,0,5.2.75,2025-12-11 09:10:38,Thanks ya Kak Ridho atas apresiasi yang diberikan. PLN Mobile hadir utk kasih kemudahan bagi pelanggan urus kelistrikan. PLN Mobile akan terus berikan kenyamanan lewat fitur-fitur kekinian dan praktis. Cocok banget kan buat direkomendasiin ke teman dan keluarga Kk. Semoga harinya menyenangkan ya. :) -FE,2025-12-12 03:03:24,5.2.75,dengan aplikasi pln mobile ini saya tidak usah untuk ke kantor pln terdekat untuk mengubah daya tambah daya atau pun keperluan listrik lain nya kita tinggal klik2 aja di aplikasi ini mantap
b22ef106-130d-4c8a-8f35-3274b180364c,Sekar Cahyani,https://play-lh.googleusercontent.com/a/ACg8ocK5FIGrVylyKkJ8EZHPkTpc_awUbHwZaboPU7iNSqAY-4bnrg=mo,petugas bagus ramah dan sopan. aplikasi mantap dan keren,5,0,5.2.75,2025-12-11 09:08:30,"Makasih ya Kak Sekar buat rating terbaik yg udah diberikan. Kini, transaksi yg dilakukan lewat PLN Mobile jadi gampang banget, apa lagi dengan metode pembayaran yg beragam dan pastinya aman digunakan. Jadi, ga perlu khawatir buat rekomendasiin PLN Mobile ke keluarga dan kerabat Kk ya. Tks. -FE",2025-12-12 03:00:13,5.2.75,petugas bagus ramah dan sopan aplikasi mantap dan keren
47ebc1fb-de43-480f-a31b-432048615a30,Safitri Ayuning,https://play-lh.googleusercontent.com/a/ACg8ocLoTRCw9sD4SupzTETQDiRFh9K4atRoWZep7UGg4-E6AeyOYg=mo,mantap,5,0,,2025-12-11 09:07:10,"Makasih banyak Kak Safitri atas ulasannya yang kece dan rating yang super bagus. PLN Mobile makin semangat bantu semua kebutuhan listrikmu, dari info tagihan sampai pengaduan sat set. Satu bintang bersinar terang, lima bintang jadi semangat juang. Share ke bestie kamu juga dong. Biar sama-sama gampangin hidup. Sehat terus yaa. -SH
",2025-08-10 13:08:06,,mantap
b4953273-6972-47d9-a244-9b83f24286ff,sumi asih,https://play-lh.googleusercontent.com/a/ACg8ocJSYWn2fTdtbyjXGPuCcT06RKBXtb8Ry5szdBy0LpCJ1k4FTA=mo,"PLN mobile merupakan aplikasi yg fungsional TDK hanya memudahkan dalam pemblian token dan pembayaran listrik,juga ada fitur pembayaran air PDAM ,,pokoknya the best untuk aplikasi ini.",5,0,5.2.75,2025-12-11 09:06:59,"Hi Kak Asih, tks yaw udah kasih bintang 5. Kakak jg bisa urus perihal kelistrikan lewat smartphone-mu, dari mana saja dan kapan saja via aplikasi PLN Mobile. Salam sehat selalu -GW",2024-08-25 10:11:20,5.2.75,pln mobile merupakan aplikasi yg fungsional tdk hanya memudahkan dalam pemblian token dan pembayaran listrik juga ada fitur pembayaran air pdam pokoknya the best untuk aplikasi ini
699c4874-6aff-403b-9583-e65280fcc4e5,andy setyawan,https://play-lh.googleusercontent.com/a-/ALV-UjVsLWdWSpw46YI7vqYN9auKiFdiOKG36TSwWuP0N0slzd46i7U,aplikasi yang sangat membantu sekali.. lanjutkan pln.. sukses selalu,5,0,5.2.75,2025-12-11 09:06:33,"Thanks ya Kak Andy udah setia dengan layanan PLN Mobile. Aplikasi ini dirancang utk jadi solusi atasi kelistrikan pelanggan. Fleksibel, praktis, dan tentunya informatif, cocok utk direkomendasikan ke teman-teman dan sahabat Kk. Semoga pengalaman bersama PLN Mobile semakin menyenangkan ya. Have a nice day. :) -FE",2025-12-03 03:16:46,5.2.75,aplikasi yang sangat membantu sekali lanjutkan pln sukses selalu
01ae36db-5903-4309-b606-294a4a53d493,Leny Lumbanbatu,https://play-lh.googleusercontent.com/a-/ALV-UjUuoxg4djd16AcQ6o-VCRcs5Fpr4zhXDnTLMcD14S2ycqQWU52RGA,"aplikasi PLN mobile bagus dan transparan, memudahkan pelanggan dalam transaksi listrik",5,0,5.2.75,2025-12-11 09:05:12,"Terima kasih udah jadi pengguna PLN Mobile ya, Kak Leny. Kalo Kk mau ajuin tambah daya, Kk bisa nih cek terlebih dahulu biayanya lewat fitur Simulasi Biaya yg ada. Semua jd lebih praktis dengan PLN Mobile. Semoga pengalaman bersama PLN Mobile selalu menyenangkan ya. :) -FE",2025-12-12 02:59:56,5.2.75,aplikasi pln mobile bagus dan transparan memudahkan pelanggan dalam transaksi listrik
f8eac7a9-f9f3-42c0-9036-2302cb25a26a,Purwanto Purwanto,https://play-lh.googleusercontent.com/a/ACg8ocJtVwRScXb3jL2oaB1Q9iFbPRgDhx3iliL7M6gEQmrKaNBfSg=mo,mantab👍,5,0,5.2.75,2025-12-11 09:05:11,"Thanks ya Kak Purwanto atas ulasannya. PLN Mobile dirancang bikin semua layanan listrik jadi lebih praktis. Gak perlu repot lg, semua layanan ada dalam genggaman. Yuk ajak keluarga dan kerabat Kk untuk download PLN Mobile dan nikmati kemudahannya. :) -FE",2025-12-12 02:58:55,5.2.75,mantab
fa6afcb2-acf8-4d52-9c65-2b9162368500,Mhd Ilham,https://play-lh.googleusercontent.com/a/ACg8ocJiIZgMRwWSeXMq_Ah4_vonSGjxpRoAUda6pZgTfKg8Zyif8Q=mo,pelayan sangat bagus,5,0,,2025-12-11 09:03:41,"Mimin seneng deh liat ulasan yg Kak Ilham berikan, terima kasih ya udah jd pengguna PLN Mobile. Kk bs nih share pengalaman pakai PLN Mobile ke orang-orang terdekat Kk. PLN Mobile cocok banget buat dijadikan solusi penuhi kebutuhan listrik setiap saat. Semoga PLN Mobile tetap jd andalan Kk ya. :) -FE",2025-12-12 02:58:07,,pelayan sangat bagus
9472ec30-5379-4ba4-bda0-37870111c219,Yusuf Salafy,https://play-lh.googleusercontent.com/a/ACg8ocKOeuFPugI8oOeoC0E3UKEHSDiYfwnI77vfyEv1p5IOCBYEBg=mo,"usaha saya untuk menafkahi keluarga sangat tergantung dengan listrik, tentunya banyak juga masyarakat yang seperti saya. kalo listrik mati lebih dari 4 jam saya sangat rugi. mohon kedepannya PLN lebih bisa melayani kebutuhan listrik masyarakat, terutama PLN ULP SIDAREJA CILACAP dimana saya tinggal disana",5,0,5.2.75,2025-12-11 09:03:16,"Maaf Kak Yusuf, mimin sgt menyesali bila status penanganan msh ada yg blm relevan. PLN trs berbenah diri jg berupaya meningkatkan kualitas layanan yg lbh baik lg dlm menjaga kehandalan kelistrikan Plgn. Sbg upaya tindak lanjut, mimin jg tlah FU keluhan Kk ke Unit dgn no. G522512050XXXX ya. Smg mslh ini clear & tuntas dgn baik ya Kak. Stay safe. -IP",2025-12-05 12:32:26,5.2.75,usaha saya untuk menafkahi keluarga sangat tergantung dengan listrik tentunya banyak juga masyarakat yang seperti saya kalo listrik mati lebih dari 4 jam saya sangat rugi mohon kedepannya pln lebih bisa melayani kebutuhan listrik masyarakat terutama pln ulp sidareja cilacap dimana saya tinggal disana
6f30091e-b851-4b2a-8340-30681160495a,Ases Laviola,https://play-lh.googleusercontent.com/a/ACg8ocLB4GLdBussOpHqvNoM2KNqnN3gxAuntThe7bFeDGOtgUy8q-c=mo,bagus sekali,5,0,5.2.75,2025-12-11 09:03:11,"Thanks ya Kak udah kasih ulasan dan rating terbaik untuk PLN Mobile. Yuk, nikmati terus berbagai fitur yang ada di PLN Mobile. PLN Mobile akan bantu kamu atasi masalah listrik. Jika ada kendala, Kk bisa gunain fitur Pengaduan/ Live Chat yg ada di PLN Mobile ya. Semoga pengalaman dengan PLN Mobile semakin nyaman. :) -FE",2025-12-12 02:55:22,5.2.75,bagus sekali
cb447ef5-a80d-475e-9102-fc13d363ad67,Faridl Fadhillah,https://play-lh.googleusercontent.com/a-/ALV-UjWATA_b7vESeBvDCfKU2w3rJ7LSuD2w9toiE0VDvo8XN9EjyWKW,"terimakasih telah menyulitkan saya untuk login. nomor telepon saya sudah tidak aktif, dan saya ingin mengganti nomor telepon tapi tidak bisa login karena nomor telepon saya tidak aktif. biasanya login tinggal pake email, kok sekarang dipersulit?",1,0,5.2.75,2025-12-11 09:03:06,"Mimin tdk bermaksud membuat Kak Faridl kesulitan. Fyi, saat ini PLN Mobile tlh mengadopsi sistem single login menggunakan nomor ponsel & PIN utk memberikan kemudahan sekaligus melindungi data Plgn. Silakan Kk cb msk lg dgn memakai nomor aktif & PIN yg dibuat, pastikan datanya sdh sesuai. Jk bth bantuan, Kk dpt hub CS di sosmed resmi PLN 123. :) -YA",2025-12-11 09:15:33,5.2.75,terimakasih telah menyulitkan saya untuk login nomor telepon saya sudah tidak aktif dan saya ingin mengganti nomor telepon tapi tidak bisa login karena nomor telepon saya tidak aktif biasanya login tinggal pake email kok sekarang dipersulit
22a532c1-2357-4f3c-93ad-7eb4d3080243,Sahril Abdullah,https://play-lh.googleusercontent.com/a/ACg8ocL0dyv5ukoTyOMDWKLUwufWZm6_tK7gMUSg02cZbmyRlqq68Q=mo,aplikasi ini simpel dan aman saat dipakai mempermudah urusan kelistrik kan.sangat bagus sekalii,5,0,5.2.75,2025-12-11 09:02:26,"Wah, mimin seneng banget baca ulasan dari Kak Sahril. Thanks ya udah jadi bagian dari pelanggan digital kami. Mimin akan terus memberikan pelayanan terbaik dan praktis untuk pelanggan lewat platform digital yg ada. Kalo mau beli token listrik, ga perlu lagi keluar rumah. Dengan PLN Mobile, semua bisa beres dlm sekejap. :) -FE",2025-12-08 01:16:18,5.2.75,aplikasi ini simpel dan aman saat dipakai mempermudah urusan kelistrik kan sangat bagus sekalii
14932321-fa2a-46a7-bb74-55674d5c9837,sosmed selamat,https://play-lh.googleusercontent.com/a/ACg8ocLZ-r9TusJvS580LZtpvhsrB3An5zxuRBsX2p2eR-nCO__M6A=mo,"masyaaAlloh coorporasi yg satu ini ngikutin perkembangan, terus eksis berkarya dan berjaya untuk negeri tercinta..",5,0,5.2.75,2025-12-11 09:00:26,"Thx apresiasinya trhdp pelayanan PLN, Kak Selamat. FYI nih kak, di PLN Mobile banyak banget promonya lho, Kaka bisa share ke Temen dan Keluarga ya. Salam sehat. :) -YA",2025-08-06 05:53:14,5.2.75,masyaaalloh coorporasi yg satu ini ngikutin perkembangan terus eksis berkarya dan berjaya untuk negeri tercinta
dda6d52b-bafc-460d-a8bd-921fd202d4dd,Khai Anas,https://play-lh.googleusercontent.com/a/ACg8ocKmsWioxfFEFOWO5NufOpWOG7eqH_dfj6mEP9CMt3bpzVSxsA=mo,"Aplikasi pln mobil sangat memudahkan kami dalam urusan listrik,baik dalam melaporkan keluhan",5,0,5.2.75,2025-12-11 09:00:23,"Terima kasih atas ulasan yang diberikan ya, Kak Khai. PLN Mobile bantu aktivitas pelanggan jd lebih praktis & efisien. Kebutuhan listrik bisa terpenuhi dari mana aja bahkan sambil rebahan loh, jd ga perlu repot lagi buat keluar rumah. Yuk, rekomendasiin PLN Mobile ke teman dan sahabat Kk. :) -FE",2025-12-12 02:54:11,5.2.75,aplikasi pln mobil sangat memudahkan kami dalam urusan listrik baik dalam melaporkan keluhan
797c8284-e34f-46bf-b6d5-e6b2dd51e893,Ir. Habibie,https://play-lh.googleusercontent.com/a-/ALV-UjVDoMs9q18yN3UaS5G8kMUKKQcfbFCIjlaDIXfre3gyyFFShcjV_g,"Jauh lebih mudah pelayanannya. Terimakasih fast responsnya, pertahankan untuk pelayanan terbaiknya. Bravo untuk PLN, Pertahankan, Makin banyak Promonya, terus bersinar & Sukses 👍",5,1,5.2.75,2025-12-11 08:59:42,Halo Kak Habibie. Mimin seneng deh kalo kaka suka sama aplikasi PLN Mobile. Undang dan dapatkan kupon undian berhadiah setiap mengajak temanmu bergabung dengan kode referallmu ya. Have a nice day - NA,2025-08-15 08:59:19,5.2.75,jauh lebih mudah pelayanannya terimakasih fast responsnya pertahankan untuk pelayanan terbaiknya bravo untuk pln pertahankan makin banyak promonya terus bersinar sukses
8cb270a9-d0b0-4f12-a07e-d207644b2268,Karnoto Karnoto,https://play-lh.googleusercontent.com/a-/ALV-UjU_SEMMXU2AF13KXGjNfP23mR-9nWckJX5rp_qeJJ80M_TzMRM,oke,5,0,5.2.75,2025-12-11 08:59:17,"Halo Kak Karnoto, mimin sangat menghargai apresiasi yg Kk berikan, terima kasih ya. PLN Mobile siap bantu atasi kendala listrik pelanggan. Kk bisa nih beli token listrik via PLN Mobile dari mana aja lewat smartphone pribadi. Semoga PLN Mobile terus memberikan solusi terbaik buat kamu ya. :) -FE",2025-12-12 02:51:02,5.2.75,oke
29576895-ece8-4494-b3ff-455f6a7eb48d,Herman 88,https://play-lh.googleusercontent.com/a-/ALV-UjVjWUdc4lxoj_1l9XzHWCDZk1_aXIOoKlt2xTkoV89XpUnSQcw,"sangat bagus dan bermanfaat bgi masyarakat,the best👍🏻👍🏻",5,0,5.2.75,2025-12-11 08:58:49,"Terima kasih utk feedback dan rating maksimalnya ya, Kak Herman. PLN Mobile menghadirkan fitur beragam yg pastinya gampang banget buat diakses dan memiliki fungsinya masing-masing. Mau beli token listrik? langsung aja buka PLN Mobile. Yuk, rekomendasiin PLN Mobile ke orang-orang terdekat Kk, biar atasin masalah listrik jd lebih praktis. Tks. -FE",2025-12-12 02:50:47,5.2.75,sangat bagus dan bermanfaat bgi masyarakat the best
3fe03cc0-2a1c-4a2c-9c43-0c23d0ad00d6,Keisa 12,https://play-lh.googleusercontent.com/a/ACg8ocL1idIZtXQYl3zkaAsW_zarNWkssCkYztYJGsux5RGQG_6M8w=mo,cepat dalam pelayanan,5,0,5.2.75,2025-12-11 08:58:15,"Halo Kak Keisa, thx ya udh sharing pengalaman bersama PLN Mobile. Mimin turut senang jika PLN Mobile bs jd solusi atasi masalah kelistrikan yg dialami. Memberikan pelayanan yg maksimal dan kenyamanan pelanggan adalah prioritas kami yg akan terus dikembangkan. Yuk, bagikan pengalaman menyenangkan dgn PLN Mobile ke teman & sahabatmu. Tks. -FE",2025-12-12 02:50:29,5.2.75,cepat dalam pelayanan
e85e3fa2-e157-4a5e-aa12-b9e092a38fdb,Virgo Igo,https://play-lh.googleusercontent.com/a/ACg8ocK1ijswSf8qaLwFsGOpj17kppzBHJU2923yc4IDlDkhP6cjwg=mo,Aplikasi nya sangat membantu pelanggan,5,0,,2025-12-11 08:58:05,"Halo Kak Virgo, terima kasih ya buat ulasannya. Semoga pengalaman menggunakan PLN Mobile selalu menyenangkan ya. Kk bisa ajak orang-orang terdekat buat jadi pengguna PLN Mobile. Semua kebutuhan listrik jd lebih mudah terpenuhi dgn aplikasi ini. Update juga aplikasinya ke versi terbaru ya biar makin nyaman saat digunakan. Tks. -FE",2025-12-12 02:50:15,,aplikasi nya sangat membantu pelanggan
9fff3f2a-ff30-4915-9def-7c9fbd589ffd,Nurul Aini,https://play-lh.googleusercontent.com/a-/ALV-UjXaezBCMWZuqIlT1O5yvk3OJUyq6x1wGh3tzdPId4pLocwEc_MB,mantap,5,0,5.2.75,2025-12-11 08:57:46,"Wah, mimin seneng banget liat feedback dari Kak Nurul, thanks ya. Kini bayar listrik jadi lebih mudah lewat aplikasi PLN Mobile. Selain aman dan praktis, metode pembayarannya juga beragam sesuai dengan keinginan Kk. Yuk, ajak teman dan sahabat Kk untuk jadi pengguna PLN Mobile. Tks. -FE",2025-12-12 02:49:33,5.2.75,mantap
9fdac5d4-407b-4d67-8f31-61d9a98c3346,Rusliar,https://play-lh.googleusercontent.com/a-/ALV-UjWSLIPuiz_RqwHCujPmxvhmqqyh-lmF6N-lpLe6mh24BCxc5zD9,"pln semakin keren semenjak ada pln mobile, semuanya jadi mudah",5,0,5.2.70,2025-12-11 08:57:10,Terima kasih Kak Yuliana udah berbagi pengalamannya dengan PLN Mobile. Terus nikmati berbagai fitur yang ada di PLN Mobile yuk. PLN Mobile akan bantu kamu atasi masalah listrik. Semoga pengalaman dengan PLN Mobile semakin nyaman ya Kak. :) -FE,2025-11-27 05:45:07,5.2.70,pln semakin keren semenjak ada pln mobile semuanya jadi mudah
886a3ce1-2745-4531-b044-d3427e2b0704,Nur Alang,https://play-lh.googleusercontent.com/a/ACg8ocIBUCYz_Q7jkNNwg2PJlqUnudStgjUDwt9A7B95xfloh_cL0g=mo,Terdapat Diskon murah dan Info menarik,5,0,,2025-12-11 08:56:56,"Hai Kak Nur, terima kasih atas ulasan yang diberikan utk PLN Mobile ya. PLN Mobile bantu aktivitas pelanggan jd lebih praktis & efisien. Kebutuhan listrik bisa terpenuhi dari mana aja bahkan sambil rebahan loh, jd ga perlu repot lagi buat keluar rumah. Yuk, rekomendasiin PLN Mobile ke teman dan sahabat Kk. :) -FE",2025-12-12 02:49:00,,terdapat diskon murah dan info menarik
40eb3096-e722-4276-9b6c-2caddc9985e5,Ngab Y,https://play-lh.googleusercontent.com/a/ACg8ocLJUxvaYF7kCOhLnRbqjx24KYnzm5B-Yvu0s-BdkSXYhDrWCfU=mo,awesome,5,0,5.2.75,2025-12-11 08:56:23,"Makasih buat ulasannya ya, wah semoga pengalaman menggunakan PLN Mobile selalu menyenangkan ya Kak. Ditunggu update info dan promo lainnya ya Kak, dapat dilihat di menu Promosi & Informasi. Salam PLN Terbaik -TR
",2025-08-29 18:48:13,5.2.75,awesome
0e88a4eb-ece2-49d5-abba-6e28d4e71177,Ali Martopo,https://play-lh.googleusercontent.com/a/ACg8ocLv84Y7Zndm0IULRpv5LDXM5HCQjjIGA55DwE1Ske4ovYsvDQ=mo,PLN mobile sangat membantu dalam proses transaksi pembelian token listrik,5,0,,2025-12-11 08:56:04,"Mimin seneng deh baca ulasan dari Kak Ali, makasih ya udah jadi pengguna PLN Mobile. Kk bisa nih share pengalaman pakai PLN Mobile ke keluarga Kk dan ajak mereka utk download aplikasinya. PLN Mobile siap kasih pelayanan terbaik kepada pelanggan. Have a nice day. :) -FE",2025-12-12 02:48:27,,pln mobile sangat membantu dalam proses transaksi pembelian token listrik
11eefc65-7471-4f38-9456-ee09a609fc6c,Hamzan Wadi,https://play-lh.googleusercontent.com/a-/ALV-UjUWwTkJ4OVnQgu1bCZMSjiQgrx1Ju9lO5PHK-TIcezAjiWi5hxL,nyaman aman selalu menggunakan aplikasi,5,0,5.2.75,2025-12-11 08:56:03,"Terima kasih atas ulasan yang sudah diberikan kepada PLN Mobile ya, Kak Hamzan. PLN Mobile bantu aktivitas pelanggan jd lebih praktis & efisien. Kebutuhan listrik bisa terpenuhi dari mana aja bahkan sambil rebahan loh, jd ga perlu repot lagi buat keluar rumah. Yuk, rekomendasiin PLN Mobile ke teman dan sahabat Kk. :) -FE",2025-12-12 02:48:10,5.2.75,nyaman aman selalu menggunakan aplikasi
29df1835-86eb-4631-a45a-67d32555a83f,Afif Affandi,https://play-lh.googleusercontent.com/a/ACg8ocLgmpj_pKUsB9lGh9oC2k4Kwavu0XaryuaTHR65pse5xD1i4A=mo,"PLN mobile sangat membantu sekali,banyak fitur yang ada seperti pasang baru pembelian token perubahan daya trmksi PLN mobile",5,0,5.2.75,2025-12-11 08:55:04,Thanks ya Kak Afif udah jadi pengguna PLN Mobile. Mimin seneng deh kalo fitur-fitur yg ada di PLN Mobile udah mempermudah aktivitas listrik kamu. Semoga PLN Mobile tetap jadi pilihan utama Kk dalam memenuhi kebutuhan listrik ya. :) -FE,2025-12-12 02:47:55,5.2.75,pln mobile sangat membantu sekali banyak fitur yang ada seperti pasang baru pembelian token perubahan daya trmksi pln mobile
7c4b217f-cecb-4103-90fd-8259a0e977f8,Dahuri Daud,https://play-lh.googleusercontent.com/a-/ALV-UjUPb6v8MY4DPIDqR9DaUtPCSDJzw3NBjAj8kO-NrjoU5Q-H0rOK,untuk pembayaran listrik lebih murah dari bank...,5,0,5.2.75,2025-12-11 08:54:27,"Halo Kak Dahuri, terima kasih ya atas review nya sebagai pengguna PLN Mobile. PLN Mobile dirancang dgn fitur-fitur kekinian yg gampang diakses. Semua transaksi jadi lebih mudah dilakukan dgn pilihan metode pembayaran yg beragam. Tunggu apa lagi, yuk rekomendasiin PLN Mobile ke teman dan sahabat Kk ya. Tks. -FE",2025-12-12 02:47:19,5.2.75,untuk pembayaran listrik lebih murah dari bank
c46d850c-8090-47cf-a40e-9df94315d567,KAKA Collections,https://play-lh.googleusercontent.com/a/ACg8ocKeSImgbIM7in6yyqWPGiSC5yFRLYVKrq2WeCBkDMaGTVbsSA=mo,"Alhamdulillah masalah mcb lemah teratasi, terimakasih banyak respon dan teknisi nya sangat cepat. barakallah ya pak hujan2 masih datang benarin listrikrumah saya🙏",5,0,,2025-12-11 08:54:08,"Terima kasih ya Kak atas apresiasi yang diberikan. Yuk gunakan trs fitur-fitur yang ada di PLN Mobile. Apk ini cocok digunakan buat kamu yg ga mau ribet. Tunggu apa lagi, ajak orang terdekat Kk buat download PLN Mobile ya. :) -FE",2025-12-12 02:42:34,,alhamdulillah masalah mcb lemah teratasi terimakasih banyak respon dan teknisi nya sangat cepat barakallah ya pak hujan2 masih datang benarin listrikrumah saya
e562ac9c-a0a9-46ea-b9f1-911455e78bf8,Abdul Rohman,https://play-lh.googleusercontent.com/a/ACg8ocK6lFvPueVlNjWa7DBpQEQVXIELHGdaOe4MZrtnYC0oDWlQug=mo,"Tepat & cepat,, pln mobile mantul👍👍",5,0,5.2.75,2025-12-11 08:53:28,"Pagi Kak Abdul, mimin seneng banget kalo Kk sudah merasakan kemudahan pakai apk PLN Mobile. Manfaatin juga fitur lainnya yang ada di PLN Mobile, seperti tambah daya atau pasang baru ya. Jangan ragu buat rekomendasikan dan ajak teman terdekat kamu jadi pengguna PLN Mobile ya. Tks. -FE",2025-12-12 02:42:15,5.2.75,tepat cepat pln mobile mantul
4dd2be81-4b2d-4283-b67f-c69d2a017387,Mardi ansyah,https://play-lh.googleusercontent.com/a-/ALV-UjUiZqOA1Hv0-lIgk4Tl-v_idP2gPzxr1dBw7h5YTaYNm42LJg6UEw,"good job,",5,0,5.2.75,2025-12-11 08:52:08,"Halo Kak Mardi, thanks ya untuk rating dan ulasan yang udah diberikan. Semoga kenyamanan bersama PLN Mobile selalu dirasakan saat menggunakan aplikasi ini ya. Yuk, ajak keluarga/kerabat untuk download PLN Mobile dan nikmati kenyamanannya bersama. Tks. -FE",2025-12-12 02:41:36,5.2.75,good job
796c54eb-0127-45d8-ae6b-7d2c4af228a0,Danzzyx ??,https://play-lh.googleusercontent.com/a/ACg8ocKYSPDYxAfEQ1OcpfWRofOWOzRjDdXlOR9ZVdosayHojOAWOQ=mo,pln cepat aman dan selalu sigap dalam menjalani kan tugas,5,0,,2025-12-11 08:51:49,"Halo Kak, terima kasih ya atas kepercayaannya terhadap PLN Mobile. Di era yang serba modern ini, layanan platform digital sudah menjadi pilihan yang tepat. PLN Mobile cocok digunakan siapa saja yang membutuhkan solusi cepat, praktis dan efisien. Tidak perlu ragu lagi buat rekomendasiin PLN Mobile ke orang terdekat Kk ya. :) -FE",2025-12-12 02:41:18,,pln cepat aman dan selalu sigap dalam menjalani kan tugas
43160c56-e3de-4a15-a0a0-4f00aa5a72e4,Mira Ira,https://play-lh.googleusercontent.com/a/ACg8ocJelDLEfmvyCPRXDcZ6-Jtk714pmyYUqVo7RI-ZK-1oglEzcw=mo,"plm bomile sangat bagus, aplikasi yang baik dan respon ya yang cepat",5,0,,2025-12-11 08:49:37,"Terima kasih ya Kak Mira udah setia dengan PLN Mobile. Aplikasi ini memang dirancang untuk dijadikan solusi penuhi kebutuhan listrik. Praktis, fleksibel dan tentunya informatif, cocok banget nih buat direkomendasiin ke teman-teman dan keluarga. Salam sehat selalu. :) -FE",2025-12-12 02:40:07,,plm bomile sangat bagus aplikasi yang baik dan respon ya yang cepat
544c008d-0239-41e5-94c7-55b42907a620,Udin tea 212,https://play-lh.googleusercontent.com/a-/ALV-UjW_XW0JhlAal8orWdsuiDBP1KgqQRQ9ARGzexQXITemvvRXd0J3,sangat nagus,5,0,5.2.75,2025-12-11 08:48:25,"Selamat pagi Kak Udin, thanks ya untuk apresiasinya. PLN trs berinovasi dgn menghadirkan layanan platform digital yg bs diakses lewat smartphone pribadi. Jadi, urus kebutuhan listrik ga perlu khawatir lagi karena semua bs diakses dgn mudah tanpa harus datang ke kantor layanan. Yuk, rekomendasikan PLN Mobile ke keluarga & teman terdekat. :) -FE",2025-12-12 02:39:03,5.2.75,sangat nagus
0500af76-0525-4a44-95df-be410755f4df,Strum pK,https://play-lh.googleusercontent.com/a/ACg8ocKcbi3aK941RxBLH16Aib7PlwYBByW98e4dknUqZJKG335UxA=mo,Bagusss sangatlah mudah,5,0,,2025-12-11 08:47:59,"Halo Kak, terima kasih ya udah sharing pengalaman positif dengan PLN Mobile. Memberikan pelayanan terbaik menjadi prioritas kami demi kenyamanan pelanggan. Semoga PLN Mobile tetap menjadi andalan Kk dalam memenuhi kebutuhan listriknya ya. Have a nice day. :) -FE",2025-12-12 02:38:35,,bagusss sangatlah mudah
6fa8de2c-7690-43ba-80a9-6cd0ff4d3de0,Agustan Agu,https://play-lh.googleusercontent.com/a/ACg8ocLroxTRzlxbjnpP1b5cSxXH-u7YLsEfEmMpzCKK8E9yFxj5zQ=mo,terdapat diskon tarif dan tambah daya,5,0,,2025-12-11 08:46:23,"Halo Kak Agustan, thanks ya buat ulasan yg udh diberikan. Kini, penuhi kebutuhan listrik jd lebih praktis lewat PLN Mobile. Kk bisa akses dan gunakan fitur-fitur yg ada di PLN Mobile dengan mudah hanya dalam satu genggaman. Yuk, ajak keluarga dan kerabat Kk buat download PLN Mobile. Sehat selalu ya. :) -FE",2025-12-12 02:38:19,,terdapat diskon tarif dan tambah daya
62499951-16cc-4cd4-ab3c-9914c7bdd3aa,Mutia Rahim,https://play-lh.googleusercontent.com/a/ACg8ocL9jweYucdw5hEw8KP68jlJukxHUAOVBey4BZ16kaxdVt629w=mo,"cepat respon,",5,0,,2025-12-11 08:45:47,"Halo Kak Mutia, terima kasih atas apresiasi dan kepercayaan yang sudah diberikan ya. PLN Mobile buat aktivitas jd lebih praktis & efisien. Kebutuhan listrik bisa terpenuhi dari mana aja, jd ga perlu repot buat keluar rumah. Yuk, rekomendasiin PLN Mobile ke teman dan sahabat Kk. :) -FE",2025-12-12 02:38:05,,cepat respon
18f2675e-02d6-4aa9-b82a-bc9ef6cf2ce1,Larasati Putri,https://play-lh.googleusercontent.com/a/ACg8ocLrTl6No7D7112FtzF9NPGeRY6HPEZKEe6eyQBZ33DE9HOcRA=mo,"PLN mobile ini kami gunakan saat mau pengajuan pasang listrik, tanpa perlu ke kantor PLN kami langsung dilayani sama petugas PLN yang sangat ramah",5,0,,2025-12-11 08:45:20,"Hai Kak Larasati, terima kasih ya udah sharing pengalaman menggunakan PLN Mobile. Mimin ikut senang kalau urusan listrik Kk jd terbantu dengan adanya PLN Mobile. Semoga PLN Mobile tetap menjadi andalan Kk ya. Yuk, share pengalaman ini & ajak orang-orang terdekat kamu buat download PLN Mobile. Tks. -FE",2025-12-12 02:37:52,,pln mobile ini kami gunakan saat mau pengajuan pasang listrik tanpa perlu ke kantor pln kami langsung dilayani sama petugas pln yang sangat ramah
391f2fda-33b2-4f12-afa4-58f0d642911a,Saskiya Ahmad,https://play-lh.googleusercontent.com/a/ACg8ocLGI4N0Es03yaGx9zLFVKh1UawrOtEBUdV3YP6PeS2pq1wx5g=mo,"Baguss digunakan, sangat membantu",5,0,,2025-12-11 08:45:12,"Halo Kak Saskiya, thanks ya buat ulasan yg udh diberikan. Kini, penuhi kebutuhan listrik jd lebih praktis lewat PLN Mobile. Kk bisa akses dan gunakan fitur-fitur yg ada di PLN Mobile dengan mudah hanya dalam satu genggaman. Yuk, ajak keluarga dan kerabat Kk buat download PLN Mobile. Sehat selalu ya. :) -FE",2025-12-12 02:37:37,,baguss digunakan sangat membantu
c834bd99-3c5f-4496-b544-7d934d201e34,Mustafa Ramadan,https://play-lh.googleusercontent.com/a-/ALV-UjWoqtXJp7Q89XcwQU1Uz7XSl1IO8wLxSuczrJWXq4umWvRF0aQ,mantap,5,0,5.2.75,2025-12-11 08:45:06,"Halo Kak Mustafa, terima kasih atas kepercayaan yang sudah diberikan kepada PLN Mobile ya. PLN Mobile buat aktivitas jd lebih praktis & efisien. Kebutuhan listrik bisa terpenuhi dari mana aja, jd ga perlu repot buat keluar rumah. Yuk, rekomendasiin PLN Mobile ke teman dan sahabat Kk. :) -FE",2025-12-12 02:37:11,5.2.75,mantap
690ca03e-3891-40a6-90fc-8ca2612a73d2,Yusuf Yasir,https://play-lh.googleusercontent.com/a-/ALV-UjV41nICkq-Pa8XUXDQoR7C4h5Cj6RV8h2sGy8883Es62AePj4o,membaik,5,0,5.2.75,2025-12-11 08:43:16,"Hai Kak Yusuf, terima kasih untuk ulasan yang udah diberikan ya. Seneng banget rasanya liat PLN Mobile udah membantu dan menjadi pilihan buat Kk. PLN Mobile hadir biar kamu bisa mengatur kebutuhan listrik dengan bebas, aman dan nyaman. Yuk, ajak teman dan keluarga buat download aplikasi PLN Mobile. Tks. -FE",2025-12-12 02:36:51,5.2.75,membaik
d79f12f5-0457-4d1d-94d6-9c26766549a3,Maulana Sandi,https://play-lh.googleusercontent.com/a/ACg8ocLFdO-hRgqcmdR_zKNVzzvvVrmwi7ZONYq7ZEYPlrGljGke8g=mo,dengan adanya aplikasi PLN mobile memudahkan kami beli pulsa dirumah. semoga kedepannya PLN tambah lebih baik dan sukses,5,0,,2025-12-11 08:42:13,"Makasih ya Kak Maulana udah download dan jadi pengguna PLN Mobile. Mimin ikut senang PLN Mobile bisa jadi aplikasi andalan yg bantu urusan listrik Kk. Kepuasan dan kepercayaan pelanggan tentu tidak pernah luput dari perhatian kami. Yuk, ajak keluarga dan kerabat kamu utk download PLN Mobile juga ya. Semoga harinya menyenangkan. :) -FE",2025-12-12 02:27:50,,dengan adanya aplikasi pln mobile memudahkan kami beli pulsa dirumah semoga kedepannya pln tambah lebih baik dan sukses
f4076a6e-dcef-418c-8def-9aeeb17b9689,Surya akbar,https://play-lh.googleusercontent.com/a/ACg8ocLyg18-xGI5lNtvxd_wIVQuG-2wFdd_yIdzrvO_wYy6c-_apw=mo,1: penukar an baterai lebih mudah,5,0,5.2.75,2025-12-11 08:41:45,Thanks ya Kak Surya udah akses fitur yang ada di PLN Mobile. Mimin akan trs berikan layanan yg praktis lewat PLN Mobile. Semua kebutuhan listrik bs terpenuhi hanya dgn sentuhan layar smartphone. Kk bs nih rekomendasiin ke teman & sahabat biar pengalaman menggunakan PLN Mobile bisa dirasakan bersama. Tks. -FE,2025-12-12 02:26:33,5.2.75,1 penukar an baterai lebih mudah
e8c14be6-6023-44d7-8a4d-b48b86e4d65f,ARDIYARNO25,https://play-lh.googleusercontent.com/a-/ALV-UjVusjje0FicWy_mq4kTmZMOzDYhWi0qjOP4Siln5FB0c0GljJg,"Aplikasi yang bagus dan keren, sanngat cocok dengan semua kalangan..",5,0,5.2.75,2025-12-11 08:41:37,"Trims ya buat ulasannya Kak Ardi. Ayo ajak keluarga/teman/kerabat untuk mendownload PLN Mobile dan nikmati kemudahannya. Have a great day -TR
",2025-08-29 19:07:10,5.2.75,aplikasi yang bagus dan keren sanngat cocok dengan semua kalangan
047e0a05-f6bc-4f09-9864-53763f7c113c,yur nerro,https://play-lh.googleusercontent.com/a-/ALV-UjXy9e0tHMwAZG5wxcwUgRxSQMDbV-FrZH1VQqYmjMrIyNkyyJaf,aplikasi bagus,5,0,5.2.75,2025-12-11 08:40:58,"Hai Kak Nerro, waaah banget nih penilaian ama reviewnya. Cus rekomendasi ke tmn2 kmu juga ya Kak buat gunain PLN Mobile. Tks Kk' :). -BR",2025-11-27 01:36:28,5.2.75,aplikasi bagus
a0c948a1-b175-45e3-8753-b9ba6393618b,Sintya Lara,https://play-lh.googleusercontent.com/a/ACg8ocJpSMjE-Kc2ehGq49NC0YWiAqeIlF5vgsTu9SagIT4L4DUKrA=mo,"PLN mobile banyak fitur yang membantu pelanggan, aplikasinya sangat mudah digunakan apalagi kami di desa banyak yang gaptek. aplikasinya sangat mudah",5,0,,2025-12-11 08:40:08,"Pagi Kak Sintya, mimin seneng banget sama ulasan yg Kk berikan, terima kasih ya. PLN Mobile sajikan fitur beragam yg tentunya mudah diakses dalam satu genggaman. Kk juga bisa mendapatkan informasi terkait event terdekat & promo menarik dr PLN Mobile loh. Yuk ajak sahabat kamu buat jd pengguna PLN Mobile juga. Tks. -FE",2025-12-12 02:23:52,,pln mobile banyak fitur yang membantu pelanggan aplikasinya sangat mudah digunakan apalagi kami di desa banyak yang gaptek aplikasinya sangat mudah
e912169e-45b7-448e-9357-e3dce33796c2,Sri Bintang24,https://play-lh.googleusercontent.com/a/ACg8ocJeWIt21ePL9E6bE8ZE2of-qZxdN5Ostf1Xptt1eH3RxbFEGQ=mo,terimakasi pak pln atas pelayanan nya dengan adanya pln mobile lebih muda dan cepat,5,0,,2025-12-11 08:39:48,"Terima kasih atas apresiasi yg Kk berikan ya. Mimin ikut senang jika platform digital ini dapat membantu dan memberikan kemudahan buat pelanggan. Semoga PLN Mobile terus jadi pilihan Kk dlm memenuhi kebutuhan listriknya ya. Yuk, ajak juga teman dan sahabat kamu buat jadi pengguna PLN Mobile. Tks. -FE",2025-12-12 02:23:31,,terimakasi pak pln atas pelayanan nya dengan adanya pln mobile lebih muda dan cepat
9d94cd1f-05d0-4b7b-92e7-6569ee334f02,ARULJAINI86 JAINI,https://play-lh.googleusercontent.com/a/ACg8ocK-6GckYgEjC-YH2f7ci1fvgCV-9eswxqMnCaiPs_BAGiHQSQ=mo,pelayanan oke,5,0,,2025-12-11 08:38:48,"Terima kasih atas apresiasi dan kepercayaan Kk terhadap layanan PLN Mobile ya. Mimin ikut seneng deh kalo platform digital ini dapat membantu dan memberikan kemudahan buat pelanggan. Semoga PLN Mobile terus jadi pilihan Kk dlm memenuhi kebutuhan listriknya ya. Yuk, ajak juga teman dan sahabat kamu buat jadi pengguna PLN Mobile. Tks. -FE",2025-12-12 02:22:42,,pelayanan oke
cc0cc524-46ed-4fae-8633-5b6384606044,Rendy wiryawan,https://play-lh.googleusercontent.com/a/ACg8ocI2yJ-txX6BoSiVHA_LEIvq5WR7kxNDVBb0TPNtRzlX16MJuA=mo,Gg aplikasi PLN,5,0,,2025-12-11 08:38:34,"Wih, thanks ya Kak Rendy udah akses fitur-fitur yang ada di PLN Mobile. Mimin akan trs berikan layanan yg praktis lewat PLN Mobile. Semua kebutuhan listrik bs terpenuhi hanya dari sentuhan layar smartphone. Kk bs nih rekomendasiin ke teman & sahabat biar pengalaman menggunakan PLN Mobile bisa dirasakan bersama. Tks. -FE",2025-12-12 02:21:57,,gg aplikasi pln
5e483e5e-38e7-473a-b65a-e1bb66f41878,Ardi Pribadi,https://play-lh.googleusercontent.com/a/ACg8ocIIFC0jl5Uy8qiI2svRKPfbA-eCw1ajKAnvHQKtCY1AMWpYrA=mo,semakin mudah kalo ada masalah listrik tinggal klik 😁,5,0,5.2.75,2025-12-11 08:38:16,"Hai Kak Ardi, makasih ya buat ulasan dan rating maksimal yg diberikan. Yuk, nikmati trs fitur-fitur yang ada di PLN Mobile. PLN Mobile siap bantu penuhi kebutuhan listrik pelanggan. Kalo ada kendala, Kk bisa langsung akses fitur Pengaduan/ Live Chat yg ada di PLN Mobile ya. Semoga pengalaman bersama PLN Mobile makin menyenangkan. :) -FE",2025-12-12 02:21:26,5.2.75,semakin mudah kalo ada masalah listrik tinggal klik
adb4ae0f-f15e-4bd2-950c-5870048a472e,Nurul Jaini,https://play-lh.googleusercontent.com/a/ACg8ocLRlg7MPLf-U6jDhoEWNZ_7Dt8LuPi3ez44540bfZwYXQyVUg=mo,pas mantab,5,0,,2025-12-11 08:38:09,"Halo Kak Nurul, mimin seneng banget sama ulasan yg Kk berikan, terima kasih ya. PLN Mobile sajikan fitur beragam yg tentunya mudah diakses dalam satu genggaman. Kk juga bisa mendapatkan informasi terkait event terdekat & promo menarik dr PLN Mobile loh. Ajak bestie kamu yuk buat jd pengguna PLN Mobile juga. Tks. -FE",2025-12-12 02:20:42,,pas mantab
95707c9a-407d-4104-9357-25754cd28fc3,Marta Nggiri,https://play-lh.googleusercontent.com/a/ACg8ocKTS_rKXKkrN6Q0FWI_6ImtiQdSMXZaPQi3l2xe_iZfmbQADQ=mo,Aplikasi PLN mobile sangat membantu dan mudah digunakan.,5,0,5.2.75,2025-12-11 08:37:43,"Hai Kak Marta, terima kasih atas kepercayaan yg udah diberikan untuk PLN Mobile ya. Semoga dengan adanya PLN Mobile, semua kebutuhan listrik Kk makin dimudahkan dan lebih praktis. Yuk, ajak teman-teman dan sahabat Kk utk download PLN Mobile, biar bisa nikmati kemudahannya bersama. Tks. -FE",2025-12-12 02:20:17,5.2.75,aplikasi pln mobile sangat membantu dan mudah digunakan
a478549f-8afc-476f-950d-92b84bdc312a,Naftali Natha,https://play-lh.googleusercontent.com/a-/ALV-UjV6ZLIKKYZrgMRXGDI9YIXWl3ajkJEU9O6Cg1QzxQw1hRBaaOk,terimakasih mebuat semuanya jadi lebih praktis...,5,0,5.2.75,2025-12-11 08:37:37,"Halo Kak Naftali, terima kasih ya buat ulasan sebagai pengguna PLN Mobile. PLN Mobile dirancang dgn fitur-fitur kekinian yg gampang diakses. Semua transaksi jadi lebih mudah dilakukan dgn metode pembayaran yg beragam. Jadi, jangan ragu buat rekomendasiin PLN Mobile ke teman dan sahabat Kk ya. Tks. -FE",2025-12-12 02:19:54,5.2.75,terimakasih mebuat semuanya jadi lebih praktis
5c61618b-4030-46d2-bb0a-337647166156,Heru Purnomo,https://play-lh.googleusercontent.com/a-/ALV-UjVv4txwcLU9YHmT_CXlXqq1DeJbu7IXaUk2asYCoFKhZpnn3n4x,apk sangat membantu dan lebih mudah,5,0,5.2.75,2025-12-11 08:37:36,"Yuhu Kak Heru. Thanks yah buat bintang cantik & juga apresiasinya, semoga Kk selalu nyaman serta makin setia dalam menggunakan PLN Mobile. PLN Mobile anti ribet, yok rekomendasikan ke teman serta kerabatnya untuk download layanan digital PLN ini sekarang juga. Mimin tunggu ya Kak, sehat selalu. :) -MF",2025-12-03 08:41:41,5.2.75,apk sangat membantu dan lebih mudah
05533621-d8e2-498c-99d3-329aed269316,SANTRI JTRG,https://play-lh.googleusercontent.com/a/ACg8ocKUTEnZlPdx8t6joASmPMRv46gv1MX-xOBaPTcTFd9-6ktJ5w=mo,mantap Abis oke,5,0,5.2.75,2025-12-11 08:37:27,"Halo Kak. Terima kasih sudah memberikan rating cantiknya untuk aplikasi PLN Mobile. Ditunggu update info dan promo lainnya ya Kak, dapat dilihat di menu Promosi & Informasi. Stay Healthy. -MS
",2025-08-24 04:36:44,5.2.75,mantap abis oke
a8c6a864-b613-492c-bcbd-0d2bf4cca9d6,Dwi Utari,https://play-lh.googleusercontent.com/a-/ALV-UjU0sG8GK6XBJxqSHSx4M6ZhG32m_KpPop8TTd4ykV4qLWK4LUGE,aplikasinya mudah digunakan dalam pelayanan pengaduan,5,0,5.2.75,2025-12-11 08:37:27,"Halo Kak Dwi, mimin seneng banget sama ulasan yg Kk berikan, terima kasih ya. PLN Mobile sajikan fitur beragam yg tentunya mudah diakses dalam satu genggaman. Kk juga bisa mendapatkan informasi terkait event terdekat & promo menarik dr PLN Mobile loh. Ajak sahabat dan keluarga kamu yuk buat jd pengguna PLN Mobile juga. Tks. -FE",2025-12-12 02:19:17,5.2.75,aplikasinya mudah digunakan dalam pelayanan pengaduan
55263777-2b0c-4b4b-bfa7-0e89ae43d387,Revo badru,https://play-lh.googleusercontent.com/a/ACg8ocLXKBMPodZnhePqHae0cnLBoJwJd7hLCPfUOuytmcUKtS3Pog=mo,keren sekali aplikasi PLN,5,0,,2025-12-11 08:37:26,"Halo Kak Revo, terima kasih ya buat ulasannya sebagai pengguna PLN Mobile. PLN Mobile dirancang dgn fitur-fitur kekinian yg gampang diakses. Semua transaksi jadi lebih mudah dilakukan dgn metode pembayaran yg beragam. Jangan ragu buat rekomendasiin PLN Mobile ke teman dan sahabat Kk ya. Have a nice day. :) -FE",2025-12-12 02:18:48,,keren sekali aplikasi pln
c246a74d-6811-4faf-8147-80e4b3b0c623,Abid Al'lail,https://play-lh.googleusercontent.com/a/ACg8ocIyA-q7kAzalzVxHEf-5B7k7G65xp5lpYNY8kRV-QEVGqxvpA=mo,aplikasi ini sangat membantu sekali terimakasih,5,0,5.2.75,2025-12-11 08:37:26,"Halo Kak Abid, mimin seneng banget sama ulasan yg Kk berikan, terima kasih ya. PLN Mobile sajikan fitur beragam yg tentunya mudah diakses dalam satu genggaman. Kk juga bisa mendapatkan informasi terkait event terdekat & promo menarik dr PLN Mobile loh. Ajak sahabat dan teman kamu yuk buat jd pengguna PLN Mobile juga. Tks. -FE",2025-12-12 02:17:33,5.2.75,aplikasi ini sangat membantu sekali terimakasih
733d53fb-facb-41a9-9463-db7ae9fdd59d,Aqil rafa,https://play-lh.googleusercontent.com/a/ACg8ocLsh22rfbJd6i8xOkg2FvJvb_T-MKIDqq_USjo63J0KE8hkSQ=mo,mantap aplikasi PLN,5,0,,2025-12-11 08:36:51,"Hai Kak Aqil, terima kasih atas kepercayaan yg udah diberikan untuk PLN Mobile ya. Semoga dengan adanya PLN Mobile, semua kebutuhan listrik Kk makin dimudahkan dan lebih praktis. Yuk, ajak teman-teman dan sahabat Kk utk download PLN Mobile, biar bisa nikmati kemudahannya bersama. Semoga aktivitasnya dilancarkan. :) -FE",2025-12-12 02:16:53,,mantap aplikasi pln
6b019294-9dee-4ee4-8131-751906035871,Mastura,https://play-lh.googleusercontent.com/a/ACg8ocJFjXNvSgZ2UWIxkIShFbUREuxdGM3Z8RUPCrYZZe1B5YGWuQ=mo,terdapat info diskon dan tambah daya,5,0,,2025-12-11 08:36:39,"Hai Kak Mastura, terima kasih udh sharing pengalaman pakai PLN Mobile ya. Mimin akan terus berupaya memberikan pelayanan terbaik lewat platform digital yang praktis dan informatif. Semua kebutuhan listrik makin mudah terpenuhi lewat sentuhan layar smartphone yg Kk punya. Jangan lupa rekomendasiin PLN Mobile ke teman/sahabat/keluarga Kk ya. Tks. -FE",2025-12-12 02:16:12,,terdapat info diskon dan tambah daya
6b06343a-e643-41e9-a338-8b747e85a348,Muhammad bobi,https://play-lh.googleusercontent.com/a/ACg8ocJozwevZqkXMTmZGi-m0XCrCJPsKc0XclBtYP7EnX0gjeSuzQ=mo,keren sekali aplikasi PLN,5,0,,2025-12-11 08:36:31,"Hai Kak Bobi, thanks ya udah share pengalaman pakai PLN Mobile. Mimin ikut seneng deh kalo PLN Mobile bisa jadi andalan Kk. Kenyamanan dan kepuasan pelanggan tentu menjadi prioritas kami. Jangan lupa share pengalaman ini ke teman dan keluarga Kk ya, biar mereka juga ikut merasakan kenikmatan pakai PLN Mobile. Tks. -FE",2025-12-12 02:15:53,,keren sekali aplikasi pln
42219241-ddcf-4614-8222-7a893ebd7cb9,rahman harahap,https://play-lh.googleusercontent.com/a/ACg8ocKc66LG7K6BEVStSRRq3pqKjTjKWuQ5Kvp2SO1YbwsgDj_HsQ=mo,good,5,0,5.2.75,2025-12-11 08:35:33,"Makasih udah jadi pelanggan setia PLN Mobile, Kak Rahman. PLN Mobile bisa jadi solusi yang tepat utk penuhi kebutuhan listrik pelanggan. Apk ini cocok banget buat kamu yg ga mau ribet, karena kasih kemudahan akses dgn fiturnya yang beragam. Yuk, ajak keluarga dan kerabat Kk utk install PLN Mobile. Have a nice day. :) -FE",2025-12-12 02:15:24,5.2.75,good
882aaae9-5a5b-4025-bd03-ef12b579aad1,Suliwah,https://play-lh.googleusercontent.com/a/ACg8ocKp6OBQqWlT1UknvRi1MVclkgETFjppfCOYMTa2VRwGobGdaQ=mo,terbaik,5,0,5.2.75,2025-12-11 08:34:29,Makasih ya Kak Suliwah udah akses fitur-fitur yang ada di PLN Mobile. Mimin akan trs berikan layanan yg praktis lewat PLN Mobile. Semua kebutuhan listrik bisa terpenuhi hanya dgn sentuhan layar smartphone. Kk bs nih rekomendasiin ke teman & sahabat biar pengalaman menggunakan PLN Mobile bisa dirasakan bersama. Tks. -FE,2025-12-12 02:15:01,5.2.75,terbaik
7a201319-01b3-41fd-87b2-a46674503a01,Alpha Betrix,https://play-lh.googleusercontent.com/a/ACg8ocKVWvqYYcKci8tYSTdXyDxS4t4PiERQ4uBa0TaAFFHB0snXQw=mo,PLN mobile terbaik,5,0,5.2.75,2025-12-11 08:34:00,"Siap Kak, Makasih yah buat bintangnya, semoga kamu selalu nyaman menggunakan PLN Mobile, Ayo manfaatkan fitur tambah daya pada PLN Mobile, Kamu bisa nih ubah daya pakai PLN Mobile. Praktis bangetkan. Stay Healthy. -HM
",2025-09-23 10:08:03,5.2.75,pln mobile terbaik
59a48cb5-bb3e-4519-b829-9e37b8b87d95,Kiano Anugrah,https://play-lh.googleusercontent.com/a-/ALV-UjXGO3ilNvIFjU65zWjuJRXyHLkvYJfzv9gs2yhqXvHmiOm4yzk5,"Mantap sekali aplikasi pln mobile ini, membantu banget pasang baru, cek tagihan sama beli token the best pokoknya 👍🏼👍🏼👍🏼",5,0,,2025-12-11 08:33:28,"Halo Kak Kiano, makasih banyak ya udah jd pengguna PLN Mobile. Ngomongin soal kecepatan dan kepraktisan, PLN Mobile jawabannya. Informasi jelas dan fiturnya yg beragam, menjadikan PLN Mobile cocok sebagai pilihan terbaik atasi masalah kelistrikan. Yuk, ajak teman-teman dan sahabat Kk buat download PLN Mobile. Tks. -FE",2025-12-12 02:14:06,,mantap sekali aplikasi pln mobile ini membantu banget pasang baru cek tagihan sama beli token the best pokoknya
e193be54-af37-44fc-8cea-0355b2bd4a77,Yandal1 Probolinggo,https://play-lh.googleusercontent.com/a/ACg8ocI1ToKb_rtqYSL7WROyOSbsDfIeoD-IBoec1F6NkkLhK9HJbA=mo,aplikasi sngat membantu,5,0,5.2.75,2025-12-11 08:33:08,"Wah, terima kasih banyak Kak Yandal atas feedback positifnya. Kami senang banget tahu PLN Mobile bisa bermanfaat dan memudahkan Kakak. Jgn lp ajak kerabat dan keluarga utk download PLN Mobile ya. :) -AL",2025-11-07 08:24:02,5.2.75,aplikasi sngat membantu
018e57ae-82fb-4c83-8cdf-f1054de68a59,Wati,https://play-lh.googleusercontent.com/a/ACg8ocKKoQYb3VQ9ZqQRNoQR8hZjbxJU9-7Jus0-m_e-9T4d3j8yVw=mo,terdapat info diskon dan tambah daya,5,0,,2025-12-11 08:33:01,"Hai Kak Wati, makasih ya udah download PLN Mobile. Ngomongin soal kecepatan dan kepraktisan, PLN Mobile jawabannya. Informasi jelas dan fiturnya yg beragam, menjadikan PLN Mobile cocok sebagai pilihan terbaik atasi masalah kelistrikan. Yuk, ajak teman-teman dan sahabat Kk buat download PLN Mobile. Have a nice day. :) -FE",2025-12-12 02:13:21,,terdapat info diskon dan tambah daya
65179725-6fc1-4b61-a3d9-084d907900d2,ahmad saifuddin,https://play-lh.googleusercontent.com/a/ACg8ocKxdprHMviKmArnDNaNEcO7UVxx0mqYQ6V3lU3dkAPvs6d3zw=mo,mudah di gunakan,5,0,5.2.75,2025-12-11 08:32:20,"Wih, makasih banyak ya Kak Ahmad udah akses fitur-fitur yang ada di PLN Mobile. Mimin akan trs berikan layanan yg praktis lewat PLN Mobile. Semua kebutuhan listrik bs terpenuhi hanya dgn sentuhan layar smartphone. Kk bs nih rekomendasiin ke teman & sahabat biar pengalaman menggunakan PLN Mobile bisa dirasakan bersama. Tks. -FE",2025-12-12 02:12:17,5.2.75,mudah di gunakan
c050ef6c-8031-48c4-b650-921068ae4512,Tini Ani,https://play-lh.googleusercontent.com/a/ACg8ocK11b4y4A3GggSMwukO366sh_7TzRXsL7t7snCYPJaHg1zixQ=mo,sangat membantu dalam pelayanan naik daya maupun pasang baru terimakasih atas ada nya aplikasi pelayanan PLN mobile,5,0,5.2.75,2025-12-11 08:30:03,"Hai Kak Tini, makasih ya buat ulasan dan rating maksimal yg diberikan. Yuk, nikmati trs fitur-fitur yang ada di PLN Mobile. PLN Mobile siap bantu kebutuhan listrik pelanggan. Kalo ada kendala, Kk bisa langsung akses fitur Pengaduan/ Live Chat yg ada di PLN Mobile ya. Semoga pengalaman bersama PLN Mobile makin menyenangkan. :) -FE",2025-12-12 02:11:29,5.2.75,sangat membantu dalam pelayanan naik daya maupun pasang baru terimakasih atas ada nya aplikasi pelayanan pln mobile
893ac01c-4125-43ae-8f6b-03ee8b78085c,Rafa' Kailany,https://play-lh.googleusercontent.com/a/ACg8ocKPYcXR5xxq27iYdoQpJ2Y9Lx_GP02EmsziDcDY0OGu8O380g=mo,goood,5,0,,2025-12-11 08:29:33,"Hai Kak Rafa, makasih banyak ya buat ulasan dan rating maksimal yg diberikan. Yuk, nikmati trs fitur-fitur yang ada di PLN Mobile. PLN Mobile siap bantu kebutuhan listrik pelanggan. Kalo ada kendala, Kk bisa langsung akses fitur Pengaduan/ Live Chat yg ada di PLN Mobile ya. Semoga pengalaman bersama PLN Mobile makin menyenangkan. :) -FE",2025-12-12 02:11:08,,goood
50c21ab1-db68-4bf6-a2dc-2f9f06a9ac9b,Deni Lyawati,https://play-lh.googleusercontent.com/a/ACg8ocKYhnjhIgGTRreX6GKLAXIErjW6UgfCpo5WZP-WTlV709DTdQ=mo,"pln mobile sangat berguna bagi masyarakat,pln mobile semakin maju,dan berkelas.",5,0,5.2.75,2025-12-11 08:29:17,"Kak Deni, thanks ya untuk ulasan dan support yang diberikan. Seneng banget rasanya kalo PLN Mobile bisa membantu dan menjadi pilihan buat Kk. Sukses selalu ya Kak. :) -FE",2025-12-04 07:29:14,5.2.75,pln mobile sangat berguna bagi masyarakat pln mobile semakin maju dan berkelas
7adf2af6-e9d1-4d74-a0b7-e3ed3a749540,hardi sw,https://play-lh.googleusercontent.com/a-/ALV-UjXi7PjRQTEpZ3dk64AmDnJJ2pbS3ajeQJWU2AArPpjJO3dq8T8,Aplikasi sangat membantu.. Mudah digunakan.. tidak perlu repot lagi untuk pelaporan dan pembelian. Semoga PLN semakin jaya,5,0,5.2.75,2025-12-11 08:29:00,"Hi Kak Hardi. Makasih buat ulasannya ya, wah semoga pengalaman menggunakan PLN Mobile selalu menyenangkan ya Kak. Ayo ajak keluarga/teman/kerabat untuk mendownload PLN Mobile dan nikmati kemudahannya. Salam PLN Terbaik -KA
",2024-08-12 21:57:02,5.2.75,aplikasi sangat membantu mudah digunakan tidak perlu repot lagi untuk pelaporan dan pembelian semoga pln semakin jaya
c0004827-3d25-445b-807c-df1df18d9f5b,Borizal Edi,https://play-lh.googleusercontent.com/a/ACg8ocL05GxWQYqpkc6FQo51sJi44iPug3YisZ3vYVl2CijKIqUkYA=mo,"Aplikasi pln mobile memudahkan pelanggan untuk mengetahui berapa informasi tagihan, mempermudah aduan jika mengalami keluhan kelistrikan",5,0,,2025-12-11 08:28:57,"Wah, mimin seneng bgt PLN Mobile udah membantu Kak Edi, makasih ya udh akses layanan yg ada di PLN Mobile. Platform digital ini dirancang agar kebutuhan listrik pelanggan jd lebih mudah terpenuhi. Yuk, ajak teman-teman dan sahabat kamu buat download PLN Mobile. Have a nice day. :) -FE",2025-12-12 02:09:49,,aplikasi pln mobile memudahkan pelanggan untuk mengetahui berapa informasi tagihan mempermudah aduan jika mengalami keluhan kelistrikan
3bbe33c5-c186-44e9-9ba6-5faefd9c3aff,Wahyunir Nizar,https://play-lh.googleusercontent.com/a/ACg8ocInJ-BfRVBij5s3XDbo1E0MqoYJ_yihnTg5XH4Pm0y0Bvj4Xw=mo,Saya jadi mudah cek2 tagihan listrik. Pelayanan juga ramah dan cepat. Makasi PLN,5,0,5.2.75,2025-12-11 08:28:06,"Tks ya Kak Wahyunir ats ulasan positifnya. Kami seneng bgt tahu PLN Mobile bisa bantu keseharian Kk. Semua fitur kami hadirkan utk mudahkan urusan listrik. Mhn dukungan & saran Kk utk kami terus berkembang. Yuk share pengalaman ini ke bestie. PLN Mobile makin sat set. Tks. -SH
",2025-12-11 08:42:37,5.2.75,saya jadi mudah cek2 tagihan listrik pelayanan juga ramah dan cepat makasi pln
5a0aafa4-9109-4580-afeb-1cec81b3c055,s1mzy garage,https://play-lh.googleusercontent.com/a/ACg8ocLfMZMfJPSq7okV0JJA98BcHEbnU9WiBeLEAlmiHO82BIq-rQ=mo,"aplikasi yang gercep,mudah digunakan,tidak nguras kuota",5,0,,2025-12-11 08:26:59,"Terima kasih banyak Kak. Kami senang PLN Mobile bs jadi solusi kelistrikan Kk. Semua fitur kami kembangkan agar nyaman & cepat. Trs gunakan ya, biar makin akrab sm aplikasinya. Jangan lupa ajak teman pakai jg. PLN Mobile, partner setia urusan listrikmu. Sehat selalu. :) -SH
",2025-12-11 08:42:31,,aplikasi yang gercep mudah digunakan tidak nguras kuota
8841cc30-3ae9-481a-ba23-2632554d913b,Daren keyz (n),https://play-lh.googleusercontent.com/a/ACg8ocIfSb9UV0WoCuDQl10p4wQHtGFM-PPMJhIFNvA-MzkNbUc5oA0=mo,Sangat membantu & mudah dipahami..,5,0,5.2.75,2025-12-11 08:26:14,"Makasih ya Kak, reviewnya keren bgt. Kami seneng bisa bantu kebutuhan listrik Kk. PLN Mobile dibuat agar semua urusan listrik bisa selesai di genggaman. Dukungan Kk penting bgt buat kami utk trs berkembang. Share ya ke org terdekat biar sama-sama nikmati kemudahan. Thanks. -SH
",2025-12-11 08:42:28,5.2.75,sangat membantu mudah dipahami
fbbc235e-9d25-4d00-8519-43b003483c24,Anggita,https://play-lh.googleusercontent.com/a/ACg8ocI6JIcKAlrTY7fdnwK0DG1l3YbA-Mt0yDHuzol28ckm0h8o8g=mo,"PLN Mobile sangat membantu, karena memudahkan dalam pengajuan tambah daya tanpa harus ke kantor PLN",5,0,,2025-12-11 08:26:10,"Hai Kak Anggita, makasih bgt udh berbagi pengalaman. Seneng rasanya tau PLN Mobile bantu Kk dlm hal listrik. Dari bayar tagihan, cek info, smpai aduan, semua sat set. Kami siap terus kembangin fitur supaya lbh mantap. Yuk bantu viralkan biar makin bnyk yg terbantu. Sehat & bahagia slalu. :) -SH
",2025-12-11 08:42:23,,pln mobile sangat membantu karena memudahkan dalam pengajuan tambah daya tanpa harus ke kantor pln
c4c8a143-fb8a-493f-980c-743eeafdd219,ahmad arif,https://play-lh.googleusercontent.com/a-/ALV-UjXCtZPyUOc_3DAgKoqZmFldxolUL4bABwtqPIBhVhQHTyCdJvye,pelayanan PLN sudah membaik yang mana menggunakan laporan manual sekarang sudah menggunakan PLN mobile.,5,0,,2025-12-11 08:25:58,"Halo Kak Ahmad. Tks ya Kak penilaiannya, semoga semakin setia menggunakan PLN Mobile. Kamu bisa urus perihal kelistrikan lewat smartphone-mu, dari mana saja dan kapan saja via aplikasi PLN Mobile. Salam sehat selalu -AL
",2025-11-12 02:41:46,,pelayanan pln sudah membaik yang mana menggunakan laporan manual sekarang sudah menggunakan pln mobile
c6719371-5a49-4d29-ad2e-0e2c10d94fe4,Hendra Hermawan,https://play-lh.googleusercontent.com/a-/ALV-UjWxQzyOm0qf5QOZ5ji3GxUlfixoBhWZYR7wPKLp2PJTaN1Aj0o,pln kramat jati tempatnya nyaman dan bagus,5,0,5.2.74,2025-12-11 08:25:36,"Thanks Kak Hendra atas review manisnya. Kami bangga PLN Mobile bisa kasih manfaat real buat Kk. Semua fitur disusun supaya praktis & ramah pengguna. Kami siap dengerin masukan lainnya juga ya. Yuk bareng teman, nikmati pengalaman mudah lewat PLN Mobile. Sukses & sehat slalu ya Kak. :) -SH
",2025-12-11 08:42:17,5.2.74,pln kramat jati tempatnya nyaman dan bagus
10072b2c-99bb-448c-883c-79f3b7abff85,Paud Hk,https://play-lh.googleusercontent.com/a/ACg8ocLaxj8TtwekpurCYzhxcL526GpM3CdGne-p_bhRTwGwYb3yVA=mo,memudahkan segala urusan yg bersangkutan dengan kelistrikan pokonya PLN mobile luar biasa..,5,0,5.2.75,2025-12-11 08:25:12,"Terima kasih Kak utk feedback positifnya. PLN Mobile diciptakan utk kasih kemudahan mulai dari bayar listrik, ubah daya, hingga pengaduan. Kami bakal terus update fitur supaya makin responsif. Yuk bantu sebar info ini ke sahabat Kk. Bareng PLN Mobile, urusan listrik makin sat set. :) -SH
",2025-12-11 08:42:09,5.2.75,memudahkan segala urusan yg bersangkutan dengan kelistrikan pokonya pln mobile luar biasa
0d4cbd8c-b499-45b6-8244-8eba7dcaeecb,Akiss,https://play-lh.googleusercontent.com/a/ACg8ocLa5ooQgUa2KhnPqE8dZ7okeUexd7IvTsyu1JsLBiEvq4O_qg=mo,"Dengan transaksi pln mobile, sekarang transaksi pembelian token jadi lebih mudah mantap terimakasih PLN Mobile👍👍",5,0,5.2.75,2025-12-11 08:23:30,"Makasih banyak ya Kak, ulasannya bikin tim makin semangat. Kami senang dengar PLN Mobile bisa bantu Kk dlm aktivitas kelistrikan. Dari bayar listrik sampai urus perubahan daya, semua lbh simpel. Trus pantau ya fitur-fitur baru kami. Share juga ke temen & kerabat. Smg harimu selalu cerah bareng PLN. :) -SH
",2025-12-11 08:42:06,5.2.75,dengan transaksi pln mobile sekarang transaksi pembelian token jadi lebih mudah mantap terimakasih pln mobile
e8905ad6-9ac0-48df-82c9-b434176376a8,Naufal Haidar,https://play-lh.googleusercontent.com/a/ACg8ocKFw-CRWnrmxiO9GwgSpXLXRK8yI6vW_A50Y6VgDHnzy7w3dg=mo,terimakasih atas bantuannya,5,0,5.2.75,2025-12-11 08:22:50,"Makasih banyk ya Kak Naufal atas ulasannya. Kami seneng dengar PLN Mobile dpt mudahkan urusan listrik Kk. Mulai dr bayar tagihan, beli token, hingga lapor gangguan bs lbh praktis. Masukan Kk jadi semangat kami utk trs berinovasi. Yuk ajak teman & keluarga pakai juga. Smg harimu menyala terus bareng PLN Mobile. :) -SH
",2025-12-11 08:42:03,5.2.75,terimakasih atas bantuannya
b5c2a330-8a3a-415a-903a-7d8887c83881,Lisa Septiani,https://play-lh.googleusercontent.com/a/ACg8ocITeRPShC6LCpxXriZJCJxp3XEXDwQOpKdgFpghyDx_iwdAQg=mo,sangat membantu terimakasih ulp Selatpanjang,5,0,5.2.75,2025-12-11 08:22:15,"Makasih banyak ya Kak atas ulasannya. Kami seneng banget tahu PLN Mobile bisa bantu Kakak dalam urusan listrik sehari-hari. Mulai dari bayar tagihan, ubah daya, sampai pengaduan, semua sat set. Kemudahan kecil hari ini, bisa jadi kenyamanan besar esok hari. Share ke bestie kamu juga dong. Biar sama-sama gampangin hidup. Sehat terus yaa. -SH
",2025-12-11 08:41:59,5.2.75,sangat membantu terimakasih ulp selatpanjang
c9f8d722-bb6d-496b-b0bd-cdf1255cded0,Muhammad Sigit,https://play-lh.googleusercontent.com/a/ACg8ocKR2chYMxgasy3WW5A_jOcQZlOwodBvO9MT3KsWhq6oiMfPyw=mo,cepet,5,0,5.2.75,2025-12-11 08:21:58,"Terima kasih banyak ya Kak Sigit atas ulasannya. Kami senang banget PLN Mobile bisa jadi solusi buat pelaporan gangguan listrik. Gampang banget kan, tinggal lapor, petugas langsung tanggap. Pelayanan yang cepat dan tepat adalah cara terbaik menjaga kenyamanan hidup. Share ke bestie kamu juga dong. Biar sama-sama gampangin hidup. :) -SH
",2025-12-11 08:54:33,5.2.75,cepet
c8f4e02b-f1d2-4af2-9c71-fa8e2180586e,Darni Darni,https://play-lh.googleusercontent.com/a/ACg8ocJ4nagAiO61cJwN_NqAb1-yL-n6rog9SbkWl62e5dsipXDZyQ=mo,Terdapat Info menarik dan diskon murah,5,0,,2025-12-11 08:21:08,"Terima kasih ya Kak Darni utk feedback yg udah diberikan. PLN Mobile dirancang utk memberikan kemudahan bagi penggunanya. Selain bisa beli token, Kk juga bisa nih cek tagihan listrik dan ajuin tambah daya. Semoga PLN Mobile tetap jadi pilihan Kk utk penuhi kebutuhan listriknya ya. Sukses selalu ya Kak. :) -FE",2025-12-12 02:08:57,,terdapat info menarik dan diskon murah
c2fe42b0-9af4-49af-a266-c8037ad5eb8c,Agustinus Lake,https://play-lh.googleusercontent.com/a/ACg8ocJ587nR5tp6L-mpdVp3WPeM1FVBF8ynd7mCWbOuVk9R5jgUmA=mo,pln mobile hadir BS membantu skli.pengaduan LBH mudah di sini labh cepat di atasi..dan fitur promo tambh daya jg BS dpati jg disini,5,0,,2025-12-11 08:20:56,"Hai Kak Agustinus, mimin sangat menghargai apresiasi yg Kk berikan, terima kasih ya. PLN Mobile hadir utk pelanggan biar lebih hemat waktu dan tenaga. Semua kebutuhan listrik bisa terpenuhi lewat PLN Mobile kapan aja dan dari mana aja. Ajak sahabat dan keluarga kamu juga ya buat jd pengguna setia PLN Mobile. Tks. -FE",2025-12-12 02:08:19,,pln mobile hadir bs membantu skli pengaduan lbh mudah di sini labh cepat di atasi dan fitur promo tambh daya jg bs dpati jg disini
74083ec2-6b59-413c-aad6-35ad52f86544,Wahyu Pranata,https://play-lh.googleusercontent.com/a-/ALV-UjXDRngA53gtblXqM0avgqaMCBmrs9B1DRvdXPgt3rnfbzraTq4,Baik,5,0,5.2.75,2025-12-11 08:20:32,"Wah, mimin seneng banget liat ulasan dari Kak Wahyu. Thanks ya udah jadi bagian dari pelanggan digital kami. Ajak keluarga dan kerabat Kk juga yuk utk download PLN Mobile. Semua bisa beres dalam waktu singkat. Semoga harinya menyenangkan ya. :) -FE",2025-12-12 02:07:51,5.2.75,baik
b70689e9-fb39-48aa-bc67-74f5fc63a3a9,Tri Hartanto,https://play-lh.googleusercontent.com/a/ACg8ocLp4rpmwaJR25Bqi2Y2tYEVqJekMNH9poDUe7mEcLvhqHprzA=mo,Aplikasi mempermudah pelanggan untuk pelayanan listrik.,5,0,,2025-12-11 08:20:26,"Halo Kak Tri, makasih ya atas apresiasi & rating maksimal yg udah Kk berikan utk PLN Mobile. Lewat PLN Mobile, semua transaksi jadi lebih mudah dilakukan dgn banyaknya pilihan metode pembayaran. Jadi, jangan ragu buat rekomendasiin PLN Mobile ke teman dan sahabat Kk ya. Tks. -FE",2025-12-12 02:07:10,,aplikasi mempermudah pelanggan untuk pelayanan listrik
5832a0f8-760d-44db-9365-5a0e5fcb7a55,Sakilah Sakilah,https://play-lh.googleusercontent.com/a/ACg8ocIelnak66nvwlDH-fBWv4tTmItD24Nq4216XbfOMWJpv269Cg=mo,mantap memudahkan ojol untuk ganti baterai 🔋,5,0,5.2.75,2025-12-11 08:20:22,"Terima kasih ya Kak Sakilah utk feedback yg udah diberikan. PLN Mobile dirancang utk memberikan kemudahan bagi penggunanya. Selain bisa beli token, Kk juga bisa nih cek tagihan listrik dan ajuin tambah daya. Semoga PLN Mobile akan tetap jadi pilihan Kk penuhi kebutuhan listrik ya. Tks. -FE",2025-12-12 02:06:48,5.2.75,mantap memudahkan ojol untuk ganti baterai
896ec86a-a0ee-4d29-835f-c36e73ea5aa6,Alimin gabrisch,https://play-lh.googleusercontent.com/a-/ALV-UjWdAM1tnD_Zs_tl--KWlvxz61tz_U4u3wAfwpRyTQZP7EHaKgk3,sangat mudah di gunakan,5,0,5.2.75,2025-12-11 08:20:13,"Halo Kak Alimin, mimin ucapkan terima kasih atas ulasan yg diberikan. Pastinya PLN berkomitmen serta konsisten utk selalu menghadirkan platform yg solutif dlm menjawab harapan2 pelanggan setia PLN Mobile. Yuk, langsung ajak keluarganya untuk pakai PLN Mobile buat mengurus keperluan listrik rumah. Salam PLN Terbaik. :) -MF",2025-10-08 04:21:06,5.2.75,sangat mudah di gunakan
b9e7737e-466c-4588-9a83-f76f53d11274,Maldi Saputra,https://play-lh.googleusercontent.com/a-/ALV-UjVl7aKiTVWKOx2h0o2xzQZSWVSqHikCdNQNO5_9isWK4uv8_LEc,aplikasi PLN mobile sangat bagus... memudahkan saya dalam transaksi masalah listrik... dan petugas nya juga baik...,5,0,5.2.75,2025-12-11 08:20:00,"Wah, mimin seneng bgt PLN Mobile udah membantu Kak Maldi, makasih ya Kak udh akses layanan yg ada di PLN Mobile. Platform digital ini dirancang agar kebutuhan listrik pelanggan jd lebih mudah terpenuhi. Yuk, ajak teman-teman dan sahabat kamu buat download PLN Mobile. Tks. -FE",2025-12-12 02:06:34,5.2.75,aplikasi pln mobile sangat bagus memudahkan saya dalam transaksi masalah listrik dan petugas nya juga baik
6b88c597-145c-4c86-bfca-60366055f00f,zakaria jaka,https://play-lh.googleusercontent.com/a/ACg8ocL1G8yDG97CaBpytKc6o9zaDrsEvEe3L9sEJpNiSKqvADf7bvs=mo,kami terbantu oleh pln,5,0,5.2.75,2025-12-11 08:19:47,"Wah, mimin seneng bgt PLN Mobile udah membantu Kak Zakaria, makasih ya Kak udh akses layanan yg ada di PLN Mobile. Platform digital ini dirancang agar kebutuhan listrik pelanggan jd lebih mudah terpenuhi. Yuk, ajak teman-teman dan sahabat kamu buat download PLN Mobile. Have a nice day. :) -FE",2025-12-12 02:03:44,5.2.75,kami terbantu oleh pln
58eb0b50-b7fd-426e-9d56-5c0dc74d61c9,Yazid Muhammad,https://play-lh.googleusercontent.com/a/ACg8ocKm_CYVUqzHrFv5kcWbpXjHdvgwfwg7luepEUxK1Raug9UutQ=mo,terimakasih,5,0,5.2.75,2025-12-11 08:19:29,"Hai Kak Yazid, mimin sangat menghargai apresiasi yg Kk berikan, terima kasih ya. PLN Mobile hadir utk pelanggan biar lebih hemat waktu dan tenaga. Semua kebutuhan listrik bisa terpenuhi lewat PLN Mobile kapan aja dan dari mana aja. Ajak sahabat dan keluarga kamu juga ya buat jd pengguna setia PLN Mobile. Tks. -FE",2025-12-12 02:03:14,5.2.75,terimakasih
84198b70-e269-4fbe-802a-d617e0d78dd9,Nunung Nurhayati,https://play-lh.googleusercontent.com/a/ACg8ocLanU9es1DHXR3sbronNJDbWHn520LxGmhKoz0kTSj4VZ4Qpw=mo,Dengan adanya PLN MOBILE semua permobona ataupun pengaduan jadi mudah,5,0,,2025-12-11 08:18:48,"Makasih banyak ya Kak Nunung udah menikmati layanan yang ada di PLN Mobile. Ulasan dari Kk jadi motivasi buat kami utk terus berikan pelayanan dengan kualitas terbaik. Yuk, bagikan pengalaman kamu sebagai pengguna PLN Mobile. Semoga pengalaman bersama PLN Mobile selalu menyenangkan ya. :) -FE",2025-12-12 02:02:43,,dengan adanya pln mobile semua permobona ataupun pengaduan jadi mudah
f34811ea-3831-462d-b965-bc7e69a8eb92,Sitanggang Sitanggang,https://play-lh.googleusercontent.com/a/ACg8ocJ5ZHOMoooZ7LsdqG4ScRlI3-thKlhzIKgUv6xR6pRm1ArW1g=mo,"aplikasi nya sangat bagus dan bisa melihat promo""naik daya,mantap.",5,0,5.2.75,2025-12-11 08:18:34,"Terima kasih ya Kak udah jd pelanggan setia PLN Mobile. Lewat apk ini, Kk ga perlu repot keluar rumah kalo ingin melakukan pembelian token, karena semua bs dilakukan via PLN Mobile dgn metode pembayaran yg beragam. Ajak keluarga & kerabat kamu yuk buat jadi pengguna PLN Mobile. Tks. -FE",2025-12-12 02:02:25,5.2.75,aplikasi nya sangat bagus dan bisa melihat promo naik daya mantap
b45517ca-c97b-4ed7-b998-ce44bc9bf85b,Baso Rifky,https://play-lh.googleusercontent.com/a/ACg8ocKOt-mFKdSlfYL3ZUCV4EMFg9yPtuhxAqC2Lcta_nSsRkPm9g=mo,pln mobile sangat berguna bagi pelanggan pln,5,0,5.2.75,2025-12-11 08:17:04,"Halo Kak Rifky, makasih ya atas apresiasi & rating maksimal yg udah Kk berikan utk PLN Mobile. Lewat PLN Mobile, semua transaksi jadi lebih mudah dilakukan dgn banyaknya pilihan metode pembayaran. Jadi, jangan ragu buat rekomendasiin PLN Mobile ke teman dan sahabat Kk ya. Tks. -FE",2025-12-12 02:02:11,5.2.75,pln mobile sangat berguna bagi pelanggan pln
d3f2387b-995a-4f15-90da-09cdb5179da3,Lando InoEcha,https://play-lh.googleusercontent.com/a-/ALV-UjXYv9w0dEEVnTljWTwet1GY2Ve293iJLygM4DSReT4_oFfk3vy2,PLN Terbaik⚡⚡⚡,5,0,5.2.75,2025-12-11 08:16:53,"Wih, makasih ya Kak Lando atas ulasan dan rating yang diberikan. Yuk nikmati trs fitur-fitur yang ada di PLN Mobile. Mulai dari beli token listrik, bayar tagihan sampai cek riwayat pemakaian, semua bisa diakses dari rumah, enak banget kan. Semoga harinya menyenangkan ya. :) -FE",2025-12-12 02:01:37,5.2.75,pln terbaik
3133899c-ab52-42e3-bb3e-91edf4c9366f,tika mei,https://play-lh.googleusercontent.com/a/ACg8ocIG7ik3lDCL3f2OaB2QZVUO4qbBe7WXZr6W2tpWObr3pClnZw=mo,"Beli token prabayar via PLN Mobile instan aman, analisis konsumsi pintar bantu hemat energi, aplikasi superapp masa depan",5,0,,2025-12-11 08:16:49,"Wah, seneng banget baca ulasan dari Kak Tika, terima kasih ya Kak. Memberikan pelayanan yg maksimal kepada pelanggan menjadi prioritas kami. PLN Mobile siap bantu penuhi kebutuhan listrik pelanggan dan kasih promo menarik bagi penggunanya. Recommended banget nih buat teman dan sahabat Kk kalo butuh yg praktis. Sehat selalu ya. :) -FE",2025-12-12 02:00:29,,beli token prabayar via pln mobile instan aman analisis konsumsi pintar bantu hemat energi aplikasi superapp masa depan
1d608881-44ca-4f75-b693-ea169a73cde9,Her Pengen,https://play-lh.googleusercontent.com/a-/ALV-UjWWwvdLRRFZNb5N7ZSxevWpcnwzamBS8_dhY2EBzLyYcanksOc,praktis pke nya...pkonya mntap dah,5,0,5.2.75,2025-12-11 08:16:45,"Mimin setuju banget nih sama ulasan yang Kk berikan, terima kasih ya Kak. Semua kebutuhan dan informasi terkait kelistrikan bisa diakses dgn mudah via PLN Mobile. Yuk rekomendasiin PLN Mobile ke teman, keluarga dan sahabat Kk, karena banyak promo dan informasi menarik. Tks. -FE",2025-12-12 01:59:36,5.2.75,praktis pke nya pkonya mntap dah
dac00ae0-1a75-48f7-9d06-c28be2e8efc7,Rova Azrian,https://play-lh.googleusercontent.com/a/ACg8ocKI0tFEHudnjYMdKybFqa8Upyihiu6gXJyzXPQZm3N5gBPd1A=mo,"Alhamdulillah makin nyaman pakai aplikasi pln mobile, mudah,cepat, trnsparan dan murah. buat kalian rekomded ni aplikasi untuk apapun urusan kalian dg listrik/pln.",5,0,5.2.75,2025-12-11 08:16:41,"Yuhuu Kak Rova, tks Kak penilaiannya, kami akan terus berusaha memberikan yg terbaik. Jika butuh riwayat pemakaian kWh, ga perlu khawatir, tersedia loh di PLN Mobile.Sukses buat Kakak yah - NA
",2025-08-15 09:08:07,5.2.75,alhamdulillah makin nyaman pakai aplikasi pln mobile mudah cepat trnsparan dan murah buat kalian rekomded ni aplikasi untuk apapun urusan kalian dg listrik pln
189b87ca-747b-4a7d-b8b3-18ca889d517f,Ainul Fitria,https://play-lh.googleusercontent.com/a/ACg8ocL3xFdEZ-VB9vg46Ob79-c2KsDjDUVbUG1uUB95DTVmn61NBg=mo,pln mobile bisa lihat tagihan listrik pakai swacam,5,0,5.2.75,2025-12-11 08:16:04,"Hai Kak Ainul, terima kasih buat rating terbaik dan ulasan utk PLN Mobile nya ya. PLN Mobile menyediakan fitur beragam yg pastinya mudah diakses dan informatif. Semua bisa diakses hanya dari satu genggaman saja. Yuk rekomendasikan PLN Mobile ke teman & sahabat, biar atasin urusan listrik jd lebih praktis. Tks. -FE",2025-12-12 01:58:31,5.2.75,pln mobile bisa lihat tagihan listrik pakai swacam
b1227fb0-8602-4e99-bafe-2965365868dd,Deni marjuik,https://play-lh.googleusercontent.com/a/ACg8ocJEt30a_wYVR99lQyIIpW01YcklCE41xW4kNVRydlUtouZlig=mo,"Aplikasi yang sangat user- friendly, Informatif dan fleksibel, sangat Recommended sekali biar ngurusin masalah kelistrikan gak pakai ribet. Kalau ada kendala pengaduan lewat aplikasi juga sangat fast response Service pelanggannya maksimal. Aplikasi membatu, saat adanya gangguan listrik bisa langsung tracking dan cepat penanganan, juga informasi terbaru terkait pemadaman listrik, migrasi, tambah daya,tagihan pasang baru dsb. Tingkatkan terus aplikasinya, Terimakasih",5,0,,2025-12-11 08:15:55,"Thanks ya Kak Deni atas ulasannya. PLN Mobile memang dirancang buat bikin semua layanan listrik jadi lebih praktis. Gak perlu repot lg, semua layanan ada dalam genggaman. Yuk ajak keluarga dan kerabat untuk download PLN Mobile dan nikmati kemudahannya. Sehat selalu ya Kak. :) -FE",2025-12-12 01:58:14,,aplikasi yang sangat user friendly informatif dan fleksibel sangat recommended sekali biar ngurusin masalah kelistrikan gak pakai ribet kalau ada kendala pengaduan lewat aplikasi juga sangat fast response service pelanggannya maksimal aplikasi membatu saat adanya gangguan listrik bisa langsung tracking dan cepat penanganan juga informasi terbaru terkait pemadaman listrik migrasi tambah daya tagihan pasang baru dsb tingkatkan terus aplikasinya terimakasih
e22c6793-6ac0-46a6-bcc2-01f01933f883,Xavier Handsome,https://play-lh.googleusercontent.com/a-/ALV-UjWb9el-8M1jMlEhZ7lV7z_Lf3p0oMAUQRPYQrFXBiK1xdrJGh0,"Aplikasi yang sangat membantu dan memudahkan pelanggan listrik PLN untuk melaporkan gangguan padam, tagihan listrik dan pembelian token.",5,0,,2025-12-11 08:15:28,"Terima kasih buat ulasan dan rating terbaik yg udah diberikan ya, Kak Xavier. PLN Mobile menyediakan fitur-fitur bermanfaat yg bs diakses kapan aja. Tidak hanya itu, di PLN Mobile juga ada informasi dan promo menarik loh. Yuk, ajak semua keluarga dan kerabatmu untuk download PLN Mobile. Sehat selalu ya Kak. :) -FE",2025-12-12 01:57:51,,aplikasi yang sangat membantu dan memudahkan pelanggan listrik pln untuk melaporkan gangguan padam tagihan listrik dan pembelian token
55533478-3fbb-4691-bf9d-70ef6b87d94b,Hasmawati Laudin,https://play-lh.googleusercontent.com/a-/ALV-UjX86XGxQpRjP_-2WOwX9vbUWfhweHep94gZEMjU1lRwvaOqb05J,mantap👍,5,0,5.2.75,2025-12-11 08:15:22,"Halo Kak Hasmawati, terima kasih utk rating terbaik dan ulasan yg diberikan buat PLN Mobile ya. Dengan PLN Mobile, aktivitas jadi lebih cepat dan praktis. PLN Mobile bisa jadi solusi tepat utk penuhi kebutuhan listrik pelanggan. Yuk jangan ragu buat ajak teman-temannya untuk download PLN Mobile ya. Tks. -FE",2025-12-12 01:57:25,5.2.75,mantap
239555eb-f710-4cf5-8282-d50b684c7505,Hp android,https://play-lh.googleusercontent.com/a/ACg8ocI12LHsGGj60FBdGRZuozj6osO35FriqnRHI2-T_EsWIV3C4g=mo,aplikasi terbaik untuk peloparan gangguan listrik dan admin nya juga murah buat beli token,5,0,5.2.75,2025-12-11 08:14:43,"Terima kasih atas support dan kepercayaan Kk terhadap layanan PLN Mobile ya. Mimin seneng banget kalo platform digital ini dapat membantu dan berikan kemudahan utk pelanggan. Semoga PLN Mobile terus jadi andalan kamu penuhi kebutuhan listriknya ya. Yuk, ajak juga teman dan sahabat buat jadi pengguna PLN Mobile. Tks. -FE",2025-12-12 01:56:52,5.2.75,aplikasi terbaik untuk peloparan gangguan listrik dan admin nya juga murah buat beli token
7dfca0d2-9b37-419b-aaef-b10ae6322136,Riko Hartanto,https://play-lh.googleusercontent.com/a/ACg8ocKAfUMTnww1GbOU8coACKRHlg-isDcgOCwMCORUk_qWQp8PCg=mo,aplikasi nya cukup bagus dan pekerjaan nya seperti yg di janjikan,5,0,,2025-12-11 08:14:33,"Halo Kak Riko, terima kasih utk rating terbaik dan penilaian yg diberikan buat PLN Mobile ya. Dengan PLN Mobile, aktivitas jadi lebih cepat dan praktis. PLN Mobile bisa jadi solusi tepat utk penuhi kebutuhan listrik pelanggan. Yuk jangan ragu buat ajak teman-temannya untuk download PLN Mobile ya. Tks. -FE",2025-12-12 01:55:47,,aplikasi nya cukup bagus dan pekerjaan nya seperti yg di janjikan
98ef1a00-f201-45eb-a10d-4e472de74f42,nike diana,https://play-lh.googleusercontent.com/a/ACg8ocIUBzD_LZ_W4DVz-RQIpg1HRGWHtOEvj3tVLBgsFH_-XDE4YA=mo,"kumpulkan poin, redeem token. mantep",5,0,5.2.75,2025-12-11 08:14:18,"Wah, seneng banget liat ulasan dari Kak Nike. Makasih ya atas kepercayaan terhadap layanan digital PLN selama ini. Mimin akan trs berupaya memaksimalkan kualitas PLN Mobile agar selalu hadirkan fitur-fitur yang unggul demi kebutuhan listrik pelanggan. Jangan lupa ajak keluarga dan kerabat utk download PLN Mobile ya. Tks. -FE",2025-12-12 01:53:46,5.2.75,kumpulkan poin redeem token mantep
d495af8b-8344-4b0e-9231-e779eb52d530,Gustina 21,https://play-lh.googleusercontent.com/a/ACg8ocILAOdB72w9VOi35_cZyqVpiEfzOJzivkfWaPMRqrj4lFsukA=mo,Dapat membaca meter secara mandiri dan dapat melakukan pelaporan melalui aplikasi,5,0,5.2.75,2025-12-11 08:11:52,"Terima kasih atas apresiasi dan kepercayaan Kk terhadap layanan PLN Mobile ya, Kak Gustina. Mimin ikut senang jika platform digital ini dapat membantu dan memberikan kemudahan buat pelanggan. Semoga PLN Mobile terus jadi andalan dlm memenuhi kebutuhan listriknya ya. Yuk, ajak teman dan sahabat kamu buat jadi pengguna PLN Mobile. Tks. -FE",2025-12-12 01:53:29,5.2.75,dapat membaca meter secara mandiri dan dapat melakukan pelaporan melalui aplikasi
a7fb3a35-3fd3-43f2-ab21-f58be1343093,tasmin andika,https://play-lh.googleusercontent.com/a/ACg8ocJUBVkKKXyQDeECAqmYbXvID8i766fG72CF2_3lqiTr_F2gcQ=mo,baik,5,0,,2025-12-11 08:11:43,"Makasih ya Kak Tasmin atas ulasan & rating terbaik yang diberikan. Mimin seneng banget deh kalo PLN Mobile bisa memudahkan aktivitas pelanggan. PLN akan trs berkomitmen kasih pelayanan terbaik utk pelanggan lewat platform digital yg ada. Biar makin seru, ajak keluarga dan kerabat kamu juga yuk buat download PLN Mobile. Tks. -FE",2025-12-12 01:53:15,,baik
f2f7b8e2-3b07-46c0-b172-36847943bbab,Honaina Honaina,https://play-lh.googleusercontent.com/a/ACg8ocJAEh_1Gm4KvtPrRhR1Aw7AzcjUhbhDFXRPtcHgKAeMcpNOTg=mo,bermanfaat,5,0,5.2.75,2025-12-11 08:11:27,"Mimin seneng banget baca ulasan dari Kk. Makasih ya udah jadi pengguna PLN Mobile. Aplikasi ini membuat semua kebutuhan listrik pelanggan bisa terpenuhi hanya dengan sentuhan layar smartphone pribadi. Yuk, update aplikasinya ke versi terbaru biar makin optimal saat digunakan. Jgn lupa ajak orang-orang terdekat kamu jg ya utk download apknya. :) -FE",2025-12-12 01:52:16,5.2.75,bermanfaat
cf74c896-9a74-4c76-8143-983e2ebd3037,Elias Manu,https://play-lh.googleusercontent.com/a/ACg8ocK-kiuGbI0pN9HBVJN46BeI8Euifnqa1eTG_wf37uPqyewecA=mo,Semua semakin mudah bertransaksi....,5,0,5.2.75,2025-12-11 08:11:25,"Terima kasih ya Kak Elias penilaiannya buat PLN Mobile. Kalau no. token pembelianmu hilang, jangan panik. Untuk mengetahui no Token, kaka dapat melihat pada menu riwayat pembelian token aplikasi PLN Mobile ya. Have a great day -FY",2025-08-27 06:00:13,5.2.75,semua semakin mudah bertransaksi
0c9b39e8-4055-486d-a1c9-be5a2f26d41a,tasmin andika,https://play-lh.googleusercontent.com/a-/ALV-UjU6KYrqghFipXXnnm4-k6JH2cULtLTP-44IwnWyObFA_K7L2_Z9,baik,5,0,5.2.75,2025-12-11 08:11:17,"Makasih ya Kak Tasmin atas ulasan & rating terbaik yang diberikan. Mimin seneng banget kalo PLN Mobile bisa memudahkan aktivitas pelanggan. PLN trs berkomitmen kasih pelayanan terbaik utk pelanggan lewat platform digital yg ada. Biar makin seru, ajak keluarga dan kerabat kamu juga yuk buat download PLN Mobile. Tks. -FE",2025-12-12 01:51:14,5.2.75,baik
2c9d6539-14fa-43d3-9fb1-600494384ffa,Nia Tiniawati,https://play-lh.googleusercontent.com/a/ACg8ocIxSY9amZ6Cm0KwbQuzihqBOrDrP4P-sXtlDD0efiUv70TSjw=mo,Dg pln mobile memudahkan saya untuk mengajukan gangguan listrik di daerah saya dan membeli token,5,0,,2025-12-11 08:11:05,"Halo Kak Nia, thanks udah jadi pengguna PLN Mobile ya. PLN Mobile memang diciptakan utk memudahkan pelanggan atasi kendala listrik yg dialami. Apk ini gampang bgt digunakan karena informasi jelas dan user friendly. Yuk, share informasi ini ke keluarga Kk & ajak mereka buat download PLN Mobile juga. Tks. -FE",2025-12-12 01:50:58,,dg pln mobile memudahkan saya untuk mengajukan gangguan listrik di daerah saya dan membeli token
62da4fa1-7a76-4a0b-bc5e-d7cb05c22194,Sukamto Hamoratorda,https://play-lh.googleusercontent.com/a/ACg8ocJ3iUbds-8DMgsPaVC0_9Irt_7R7mADV131gJ8LT2ILeI1qpA=mo,sangat membantu sekali...,5,0,5.2.75,2025-12-11 08:10:44,"Yuhu Kak Sukamto, terima kasih sudah memberikan rating cantiknya untuk aplikasi PLN Mobile. Ayo ajak keluarga Kk, serta kerabatnya juga untuk download PLN Mobile ya. Pastinya Kk bisa dapat informasi dan Promo PLN hanya dengan rebahan, loh. Have a nice day. :) -MF",2025-10-07 02:22:46,5.2.75,sangat membantu sekali
062a73cb-24a4-4517-a1e8-fcc53252c630,Rivka Anisa meliyana,https://play-lh.googleusercontent.com/a/ACg8ocIDnlhoGBGqy_fatvMHtzDxOiDr1rCaUUtyJB0kBpEtWErMWg=mo,aplikasi pln ini sangat membantu segala permasalahan listrik,5,0,5.2.71,2025-12-11 08:10:08,"Wah, terima kasih ya Kak Rivka udah berbagi pengalaman menyenangkan dengan PLN Mobile. Mimin ikut senang kalau aktivitas Kk jadi terbantu dengan PLN Mobile. Dengan apk ini, mimin harap bisa terus memberikan pelayanan yang maksimal kpd pelanggan. Yuk, share pengalaman ini & ajak orang-orang terdekat Kk buat download PLN Mobile. Tks. -FE",2025-12-12 01:50:36,5.2.71,aplikasi pln ini sangat membantu segala permasalahan listrik
a5ca3263-4b4a-4c74-a504-c19533eeede8,Novi Anti,https://play-lh.googleusercontent.com/a/ACg8ocLT6hVGKVJ27dhpHw4XIiPDZ9xzGSMH_H-apOSC1rag6EX9Lg=mo,sangat baik,5,0,5.2.75,2025-12-11 08:09:53,"Makasih ya Kak Novi atas kepercayaannya terhadap PLN Mobile. Di era sekarang, layanan platform digital sudah menjadi pilihan yang tepat atasi permasalahan di segala kondisi. PLN Mobile cocok banget utk digunakan bagi yang membutuhkan solusi cepat dan praktis. Yuk jangan ragu rekomendasiin PLN Mobile ke orang-orang terdekat Kk ya. Tks -FE",2025-12-12 01:50:26,5.2.75,sangat baik
e718c82c-b082-4aea-8aad-7f0a6fb19a72,Ronald Turang,https://play-lh.googleusercontent.com/a-/ALV-UjX6YrX1ZyMkp0mHXvkx54_sUkBi2BBWful-5ot7NSWn8XIllB4,mudah dan bermanfaat untuk pelanggan pln,5,0,5.2.75,2025-12-11 08:08:48,"Terima kasih atas apresiasi dan kepercayaan Kk terhadap layanan PLN Mobile ya, Kak Ronald. Mimin ikut senang jika platform digital ini dapat membantu dan memberikan kemudahan buat pelanggan. Semoga PLN Mobile terus jadi andalan dlm memenuhi kebutuhan listriknya ya. Yuk, ajak teman dan sahabat kamu buat jadi pengguna PLN Mobile. Tks. -FE",2025-12-12 01:50:10,5.2.75,mudah dan bermanfaat untuk pelanggan pln
ea2394ef-b621-455e-a235-d3123ba495c5,viki effendy,https://play-lh.googleusercontent.com/a-/ALV-UjVAVNwgsGCeqobFOFUAYEUzjxLI26J2Cz3S5Px4-Ej0eYthqZ8,Terbaik dan Informatif,5,0,5.2.75,2025-12-11 08:06:23,Senang rasanya jika Kak Viki puas dengan layanan yg ada di PLN Mobile. Terima kasih telah menggunakan fitur-fitur PLN Mobile ya. Mimin akan terus berupaya memberikan pengalaman terbaik untuk pelanggan. PLN Mobile pokoknya anti ribet. Yuk ajak teman dan keluarga utk download PLN Mobile sekarang juga. Tks. -FE,2025-12-12 01:49:41,5.2.75,terbaik dan informatif
c720a61e-583c-4a85-b173-e88e6b7f22b1,restu pati,https://play-lh.googleusercontent.com/a/ACg8ocIHMQ2HdCWZn4322kORt2QzN7NSKye69Dqf6zCeleZxvSS-6w=mo,lancar selalu,5,0,5.2.75,2025-12-11 08:05:53,"Hallo Kak Restu. Makasih yaa buat review & rating bintang 5 nya Mimin senang banget. PLN Mobile anti ribet. yok aja temenmu tuk download sekarang juga. Stay safe ya - HM
",2025-09-23 11:08:25,5.2.75,lancar selalu
8737a15b-a4fa-4253-8a39-744b3d35cdfc,mushlih madhani,https://play-lh.googleusercontent.com/a-/ALV-UjXljB0W943mBlQsBLrejtrp6ZOcpdFBhg_24Ip1rr7ivXELbe0,Terima kasih atas layanan PLN yang tiada henti semoga PLN makin jaya dan amanah dalam tugasnya sehingga kejaya'an ini bertambah berkah,5,0,5.2.75,2025-12-11 08:04:44,"Halo Kak Mushlih, tengkyu banget buat reviewnya. Semoga PLN Mobile bisa meningkatkan kemudahan dalam melayani pelanggan PLN. Ditunggu update info dan promo lainnya nanti ya Kak. Have a nice day. -HA",2025-11-24 09:35:01,5.2.75,terima kasih atas layanan pln yang tiada henti semoga pln makin jaya dan amanah dalam tugasnya sehingga kejaya an ini bertambah berkah
ddd41b42-1408-49d5-96d6-8cd91fd3b64c,Mina Harefa,https://play-lh.googleusercontent.com/a/ACg8ocKaWpviBkYujskHDhFMyXwS6ACKmtwO3x_1cpCTxz6lfoZ-SA=mo,dengan menggunakan aplikasi pln mobile semua lebih mudah,5,0,,2025-12-11 08:04:06,Senang rasanya jika Kak Mina puas dan terbantu dengan layanan yg ada di PLN Mobile. Terima kasih telah menggunakan fitur-fitur PLN Mobile ya. Mimin akan terus berupaya memberikan pengalaman terbaik untuk pelanggan. PLN Mobile pokoknya anti ribet. Yuk ajak teman dan keluarga utk download PLN Mobile sekarang juga. Tks. -FE,2025-12-12 01:48:27,,dengan menggunakan aplikasi pln mobile semua lebih mudah
d73213f3-5747-49b9-8b17-0e3e9c92a4d4,dorce lerek,https://play-lh.googleusercontent.com/a/ACg8ocI05-lNwnplCUjO7eF2wkEj7PTSLpUQac1gChZWU1MALjHt3A=mo,dengan aplikasi kami lebih mudah untuk melapor,5,0,5.2.75,2025-12-11 08:03:36,"Terima kasih untuk ulasan yang udah diberikan ya Kak. Seneng deh liat PLN Mobile udah membantu dan menjadi solusi buat Kk. PLN Mobile hadir biar kamu bisa mengatur kebutuhan listrik dengan bebas, aman dan nyaman. Yuk, ajak teman dan keluarga buat download PLN Mobile. Tks. -FE",2025-12-12 01:47:38,5.2.75,dengan aplikasi kami lebih mudah untuk melapor
4cc8eeef-395a-40b3-9cfd-1ea3572be53a,Dut Rusli,https://play-lh.googleusercontent.com/a/ACg8ocKqUggjzNpvfjhGxFBtAGZC_v918r36yjgEgnzfAQtfatz0vw=mo,Aplikasi sangat membantu untuk pengaduan dan akses pengurusan kelistrikan lainnya Sangat bagus karena mempermudah pelanggan terlebih saya pribadi untuk melakukan jadi tidak perlu repot2 ke kantor,5,0,,2025-12-11 08:03:15,"Wah, senang rasanya jika Kak Rusli terbantu dengan layanan yg ada di PLN Mobile. Thanks ya udah menggunakan fitur-fitur PLN Mobile. Mimin akan terus berupaya memberikan pengalaman terbaik untuk pelanggan. PLN Mobile pokoknya anti ribet. Yuk ajak teman dan keluarga utk download PLN Mobile sekarang juga. Tks. -FE",2025-12-12 01:45:40,,aplikasi sangat membantu untuk pengaduan dan akses pengurusan kelistrikan lainnya sangat bagus karena mempermudah pelanggan terlebih saya pribadi untuk melakukan jadi tidak perlu repot2 ke kantor
538d423f-c190-4d3a-9482-f9e2712dcaf1,Zainul Arifin,https://play-lh.googleusercontent.com/a-/ALV-UjU0EgLH5FD6iPRgTavuxz3iJ2TtEN-l4wuQMppPvVNP-HNfd0_w,"istimewa pelayanan cepat dan ramah,petugas yambung cakep jos jis",5,0,5.2.75,2025-12-11 08:02:24,"Wih, senangnya PLN Mobile udah jadi andalan Kak Zainul, makasih ya Kak. Sebagai informasi, Kk juga bisa nih cek biaya pasang baru atau tambah daya lewat fitur Simulasi Biaya yang ada di PLN Mobile. Yuk, jangan ragu buat rekomendasiin PLN Mobile ke orang-orang terdekat Kk, biar bisa merasakan kemudahannya bersama. Tks. -FE",2025-12-12 01:45:07,5.2.75,istimewa pelayanan cepat dan ramah petugas yambung cakep jos jis
ede61748-680a-4655-aca9-3b5e379f5e6f,Rahmat Situl,https://play-lh.googleusercontent.com/a/ACg8ocKRGtquD2abqLgN03hDXnl5szvxhLoiwP_-vYpsP82eEOTBvA=mo,"aplikasi sangat bagus ,dgn ada nya pln mobile lebih memudahkan membeli token dan pembayaran",5,0,5.2.75,2025-12-11 08:02:07,"Wah, seneng banget rasanya dpt review positif dari Kak Rahmat. Makasih ya udah akses layanan digital PLN. Mimin akan trs berupaya memaksimalkan kualitas PLN Mobile agar selalu hadirkan fitur-fitur yang unggul demi kebutuhan listrik pelanggan. Jangan lupa ajak keluarga dan kerabat utk download PLN Mobile ya. Have a nice day. :) -FE",2025-12-12 01:44:21,5.2.75,aplikasi sangat bagus dgn ada nya pln mobile lebih memudahkan membeli token dan pembayaran
ec7986af-7349-49df-a846-bfe873c73441,YantoImn 0176,https://play-lh.googleusercontent.com/a/ACg8ocKl8ZBucr-bpIcncsjJNCsI_MQL7rSZ6M31TuDHYm1yuKUa1w=mo,sangat terbantu..terima kasih,5,0,5.2.75,2025-12-11 08:02:01,"Siap Kak Ridho. Trimsss buat ulasannya ya, wah semoga pengalaman menggunakan PLN Mobile selalu menyenangkan ya Kak. Ayo ajak keluarga/teman/kerabat untuk mendownload PLN Mobile dan nikmati kemudahannya. Sukses buat Kakak yah. -WS",2025-09-04 07:26:03,5.2.75,sangat terbantu terima kasih
33ff9398-a68a-40b9-b9b2-35ff83095320,Yoris Mauloo,https://play-lh.googleusercontent.com/a-/ALV-UjXlMLf_2_qsh6mTwa9LrY-Kw_D5jnRBdKOEr6irZNkDh45N148,"Dengan PLN mobile, beli token listrik jadi lebih mudah.",5,0,5.2.75,2025-12-11 08:01:44,"Terima kasih atas support dan kepercayaan Kak Yoris terhadap layanan PLN Mobile ya. Mimin seneng banget kalo platform digital ini dapat membantu dan berikan kemudahan utk pelanggan. Semoga PLN Mobile terus jadi andalan kamu penuhi kebutuhan listriknya ya. Yuk, ajak juga teman dan sahabat buat jadi pengguna PLN Mobile. Tks. -FE",2025-12-12 01:43:38,5.2.75,dengan pln mobile beli token listrik jadi lebih mudah
95f8b50c-741e-4b61-b576-4b387e6008f3,Turini,https://play-lh.googleusercontent.com/a/ACg8ocKwN7FV7zB_uxp_EZbHn8T3Ba1DnynVSErWB1dGCEerqiKgHQ=mo,PLN mobile TOP,5,1,5.2.75,2025-12-11 08:01:26,"Wih, senangnya PLN Mobile udah jadi andalan Kak Edo, makasih ya. Yuk nikmati trs fitur-fitur yang ada di PLN Mobile. Semua bisa diakses bahkan sambil rebahan dari rumah, enak banget kan. Semoga harinya menyenangkan ya. :) -FE",2025-12-04 02:35:27,5.2.75,pln mobile top
1581e02e-adf7-4b00-a7bd-43ebfdd89432,Asilahusna Husna,https://play-lh.googleusercontent.com/a/ACg8ocLhwiIx0h_cn_vZaqgebCrF6sSF1zlBlBy9yvtpXIbV4v57iQ=mo,kerja bagus,5,0,,2025-12-11 08:01:03,"Hai Kak, terima kasih udah sharing pengalaman dengan PLN Mobile ya. PLN Mobile dibuat utk memudahkan pelanggan setiap saat. Yuk, rekomendasikan PLN Mobile ke keluarga dan kerabat Kk biar kebutuhan listriknya jd dimudahkan. Sehat selalu ya Kak. :) -FE",2025-12-12 01:43:17,,kerja bagus
fd63472b-b7fb-48c8-9839-5949d818ea6b,Generasi Anime,https://play-lh.googleusercontent.com/a/ACg8ocIkUu5z7xQrHoC3z1t7n2bJ16alXkay5-vMKiyL__Njw05K5A=mo,mantap skali PLN mobile sangat mudah terbaikkk,5,0,5.2.75,2025-12-11 08:00:22,"Halo Kak, makasih ya atas ulasan dan rating terbaik yg Kk berikan utk PLN Mobile. Mimin seneng banget kalo PLN Mobile udah bantu penuhi kebutuhan listrik sehari-hari. Yuk, share pengalaman kamu saat pakai PLN Mobile ke orang-orang terdekat dan ajak mereka utk download aplikasinya. Semoga pengalaman bersama PLN Mobile makin seru ya. :) -FE",2025-12-12 01:42:52,5.2.75,mantap skali pln mobile sangat mudah terbaikkk
e53127b8-bac8-4e45-a629-1402ce0456f5,Nunez Nunez,https://play-lh.googleusercontent.com/a/ACg8ocINUmmgKqRKQ4l15RWqzuCelAMHrnYDBrDwINZOrUOS88_WIA=mo,Aplikasi PLN mobile bagus banget,5,0,,2025-12-11 08:00:01,"Hai Kak, thanks ya buat ulasan dan kepercayaan Kk terhadap PLN Mobile. Mimin seneng banget kalo PLN Mobile udah bantu penuhi kebutuhan listrik sehari-hari. Yuk, bagikan pengalaman kamu saat pakai PLN Mobile ke orang-orang terdekat dan ajak mereka utk download aplikasinya. Semoga pengalaman bersama PLN Mobile makin seru ya. :) -FE",2025-12-12 01:41:49,,aplikasi pln mobile bagus banget
c8d547c2-8f05-4317-b053-ea5fbfacd649,HARMANSYAH 1,https://play-lh.googleusercontent.com/a-/ALV-UjXqFPYNIVrUX0NJSc8ZFwZMihCjfyj2aujOCmWXVfxS7ldevmUz,"aplikasinya sangat bagus mudah difahami bisa melihat promo promo,semoga kedepannya semakin bagus",5,0,5.2.71,2025-12-11 07:59:55,"Halo Kak Harmansyah, thanks ya atas rating terbaiknya buat PLN Mobile. Bicara soal kecepatan dan kepraktisan, PLN Mobile jawabannya. Informasi yang jelas dan fiturnya yang beragam, menjadikan PLN Mobile cocok sebagai pilihan terbaik atasi masalah kelistrikan. Yuk, ajak teman-teman & sahabat Kk buat download PLN Mobile. Have a nice day. :) -FE",2025-12-12 01:41:24,5.2.71,aplikasinya sangat bagus mudah difahami bisa melihat promo promo semoga kedepannya semakin bagus
74b467e7-e502-4521-a2f9-8f12345e7b8d,Odie Oday,https://play-lh.googleusercontent.com/a/ACg8ocLfOyEF4un_i7aKVnpyHzzyhCTFi4kdDaS_UwoCCWdhVkO9hQ=mo,sangat dingin,5,0,5.2.75,2025-12-11 07:59:46,"Halo Kak Odie, thanks ya utk ulasan yang udah diberikan. Semoga dengan adanya PLN Mobile, semua kebutuhan listrik Kk jd lebih praktis dan efektif. Kuy ajak sahabat terdekat kamu untuk download PLN Mobile dan nikmati berbagai fitur yang ada. Tks. -FE",2025-12-12 01:40:23,5.2.75,sangat dingin
2f8968dd-87d3-4565-a017-b6beff26db8f,mentis subagyo,https://play-lh.googleusercontent.com/a/ACg8ocL8p38D95Ub9fcRveVGdyOdl4LoE-X7_HiFEpFZqfWz4x-g9A=mo,top,5,0,5.2.75,2025-12-11 07:59:43,"Pagi Kak Subagyo, makasih ya untuk review dan rating terbaik yg udah Kk berikan. PLN Mobile hadir untuk memberikan kemudahan bagi pelanggan urus kebutuhan listrik. Cocok banget nih buat direkomendasiin ke teman dan sahabat Kk kalo butuh yg cepat dan praktis. Semoga PLN Mobile terus jadi andalan Kk ya. Tks. -FE",2025-12-12 01:39:39,5.2.75,top
e47c1de0-80ae-4cc4-a121-f752b4c0ba70,Rosi Rosi,https://play-lh.googleusercontent.com/a/ACg8ocJFZFcet2ZYwNnnvwxCz9jbDGSDrf-VyrhhGKSxPrJSIA5Y6w=mo,Bagus bnget aplikasinya,5,0,,2025-12-11 07:59:00,"Makasih banyak ya Kak Rosi atas kepercayaannya terhadap layanan PLN Mobile. Semoga PLN Mobile terus memberikan kenyamanan dan selalu jadi pilihan utama buat Kk ya. Yuk, ajak teman-teman dan sahabat kamu untuk download PLN Mobile, ga akan nyesel deh. Have a great day. :) -FE",2025-12-12 01:38:47,,bagus bnget aplikasinya
28815cc7-aecb-4e2b-ad7d-08217344d4b1,Rasa Cinta,https://play-lh.googleusercontent.com/a/ACg8ocIcpPgJvsmgmhaSA9gc83gQKKLPkMc5eMxxPH2SLOukNtOn7Q=mo,sangat membantu dalam pelayanan online.,5,0,,2025-12-11 07:58:44,"Thanks ya Kak udah sharing pengalaman pakai PLN Mobile. Mimin ikut senang kalau urusan listrik Kk jadi terbantu dengan adanya PLN Mobile. Yuk, ajak teman-teman kamu untuk download PLN Mobile. Semoga PLN Mobile terus jadi pilihan utama Kk ya. Tks. -FE",2025-12-12 01:38:07,,sangat membantu dalam pelayanan online
5322e2dd-b4fc-417f-a44d-0fec7846360c,Philippe Jhon,https://play-lh.googleusercontent.com/a/ACg8ocID0CEiKHevufZUs3stNG3HCus3kBKvkb1SndlPXadbT8fCrQ=mo,"aplikasi nya sangat bagus,mudah di gunakan fitur-fitur nya lengkap banget,bisa melihat promo promo pembayaran pokoknya aplikasinya bagus semoga kedepannya lebih bagus lagi",5,0,,2025-12-11 07:58:26,"Wih, senangnya PLN Mobile udah jadi andalan Kk, makasih ya Kak. Yuk nikmati trs fitur-fitur lain yang ada di PLN Mobile. Semua bisa diakses dari mana pun dan kapan pun. Ajak juga keluarga dan kerabat Kk ya utk download PLN Mobile. Salam sehat selalu. :) -FE",2025-12-12 01:37:32,,aplikasi nya sangat bagus mudah di gunakan fitur fitur nya lengkap banget bisa melihat promo promo pembayaran pokoknya aplikasinya bagus semoga kedepannya lebih bagus lagi
c40fd641-32b5-4d94-a397-a4f0cfd853e9,KJR16 SBY,https://play-lh.googleusercontent.com/a/ACg8ocLVClXar-9eBxZP4a47xCrl7vxnlpXODUEzzWHp1zF_CVGRpQ=mo,bagus sekali gaes,5,0,5.2.75,2025-12-11 07:58:25,"Seneng banget liat feedback dari Kk, makasih ya udh jd bagian dari PLN Mobile. Bayar listrik kini jadi lebih mudah lewat aplikasi PLN Mobile. Pilihan metode pembayarannya beragam dan pastinya aman digunakan. Yuk, ajak teman dan keluarga terdekat Kk untuk download PLN Mobile. Tks. -FE",2025-12-03 07:57:46,5.2.75,bagus sekali gaes
3f5bafb4-76bc-4209-aa62-8c9a58e96133,Jimmy Ch,https://play-lh.googleusercontent.com/a/ACg8ocK4DbwMRNDx7Bmp8nOPnB-9E0ddO49Pw0C2ELdoTYKsASK6SA=mo,Terima kasih pln... tanggapan cepat,5,0,5.2.75,2025-12-11 07:58:11,"Thanks Kak Jimmy udah menggunakan fitur yang ada di PLN Mobile. Mimin harap, PLN Mobile bisa bikin aktivitas Kk jadi lebih cepat dan praktis. Yuk, rekomendasiin PLN Mobile ke orang-orang terdekat kamu biar bisa merasakan kenikmatannya bersama. Semoga harinya menyenangkan ya. :) -FE",2025-12-12 01:36:17,5.2.75,terima kasih pln tanggapan cepat
d6af9739-8826-447d-929e-3e768b29119f,Roni abdilah,https://play-lh.googleusercontent.com/a/ACg8ocLKqg6x1pim_9ARpIdZ6pqhd87WKmA_XKBcF_0-z253_rxPyA=mo,memberikan pengalaman yg memudahkan pelanggan,5,0,5.2.61,2025-12-11 07:57:15,"Senangnya PLN Mobile udah jadi andalan Kak Roni, thanks ya Kak. Nikmati trs yuk fitur-fitur lain yang ada di PLN Mobile. Semua bisa diakses bahkan sambil rebahan dari rumah, enak banget. Ajak juga keluarga dan kerabat Kk ya utk download PLN Mobile. Semoga harinya menyenangkan. :) -FE",2025-12-12 01:35:43,5.2.61,memberikan pengalaman yg memudahkan pelanggan
631dfa5a-b002-46f9-954e-3b77a38da8a9,andrea dian,https://play-lh.googleusercontent.com/a/ACg8ocLEMOwCzFQ9TfUgcK763NWXG1NAQTKdzQSRl5trmOPRzb2F4g=mo,keren 👍🏻,5,0,5.2.75,2025-12-11 07:57:04,Makasih ya Kak Andrea atas ulasannya. Mimin seneng deh kalo PLN Mobile bisa jadi aplikasi andalan bantu urusan listrik kamu. Yuk ajak teman dan sahabat kamu untuk download PLN Mobile. Semoga harinya menyenangkan. :) -FE,2025-12-12 01:35:16,5.2.75,keren
d587cab4-19de-4529-b45b-6d39606c6dfd,emi susyanti,https://play-lh.googleusercontent.com/a/ACg8ocLKt5pqA1uqkdZnfKJg526LFb_YubHE1g_T0JkD7F7eCusIdg=mo,top pelayanan👍👍,5,0,5.2.75,2025-12-11 07:56:38,"Hii Kak Emi, makasih yaa buat review & rating bintang 5 nya Mimin senang banget. FYI nih Kak, di PLN Mobile banyak banget promonya lho, Kakak bisa share ke Temen dan Keluarga ya. Stay safe ya. -BR
",2025-11-27 02:07:42,5.2.75,top pelayanan
ff1120bc-88a8-4d27-9dae-6ea377a956db,iansentani,https://play-lh.googleusercontent.com/a/ACg8ocJqO39_Dl5SLVOi9wZdODjkYPZciai8J4ZNbKvaBlJ9HZTycQ=mo,sangat membantu kalau di hari libur tidak perlu ke kantor lagi dan biaya lebih mudah,5,0,5.2.75,2025-12-11 07:56:29,"Makasih ya Kak udah kasih feedback positif. Seneng rasanya PLN Mobile bisa bantu hidup kamu jadi lebih praktis. Cukup buka aplikasi, semua urusan listrik langsung beres. Yuk, ajak sahabat kamu cobain kemudahan PLN Mobile. Lagi banyak promo menarik loh. Jangan sampai nyesel belakangan. Sehat terus yaa. :) -SH
",2025-08-01 11:40:39,5.2.75,sangat membantu kalau di hari libur tidak perlu ke kantor lagi dan biaya lebih mudah
f788e603-7398-4454-a940-064f2f28081f,Kevin Pakaya,https://play-lh.googleusercontent.com/a/ACg8ocJOhBvkfPaJL63KNO9nQNS8okMX4115OrEywXqeb4dWoU374Q=mo,di permudah dalam segala keliatrikan,5,0,5.2.75,2025-12-11 07:56:16,"Hai Kak Kevin. Sebelumnya mimin ingin berterima kasih pd Kk buat apresiasi yg diberikan. Jgn lupa di ajak jg kerabatnya buat pakai PLN Mobile ya Kak. PLN selalu hadirkan platform terbaik dgn menciptakan produk layanan yg handal, solutif & makin efisien serta trs melangkah maju dlm memberikan manfaat terutama di era digitalisasi. :) -MF",2025-10-08 03:34:55,5.2.75,di permudah dalam segala keliatrikan
cc9d9040-f864-4a69-9fae-837f196f2581,abdus salam,https://play-lh.googleusercontent.com/a/ACg8ocJ5-uQXhQ9vw7NS-QitlQH614YRLxYysU-HRDwI0rID7znM5g=mo,Sangat membantu.,5,0,5.2.75,2025-12-11 07:56:00,"Wah, makasih ya Kak Abdus buat bintangnya, semoga kamu selalu nyaman menggunakan PLN Mobile. Kuy ajak sobatmu buat tambah daya di aplikasi PLN Mobile, banyak promo menarik loh. Have a nice day -AY
",2025-04-04 19:27:09,5.2.75,sangat membantu
4510460f-bb2a-4b05-8d2e-1e62c7bc09fc,Angki Dou,https://play-lh.googleusercontent.com/a/ACg8ocJqJrtqCUyKOKcTVWxNVmKVJFc_SYh9b8-mzVLH2aUg4DsCDw=mo,"Aplikasi PLN MOBILE ini sangat membantu Kita Dalam proses catat meter mandiri,,",5,0,,2025-12-11 07:55:57,"Hai Kak Angki, makasih ya untuk ulasan yang diberikan. Dengan apk ini, semua kebutuhan listrik jd makin praktis. PLN Mobile hadir utk pelanggan biar lebih hemat waktu dan tenaga. Ajak teman dan sahabat Kk yuk buat jadi pengguna setia PLN Mobile. Have a nice day. :) -FE",2025-12-12 01:34:53,,aplikasi pln mobile ini sangat membantu kita dalam proses catat meter mandiri
3799ac12-4141-40cb-b600-e599a71f0605,Coba Coba,https://play-lh.googleusercontent.com/a/ACg8ocLNQFlLWRE6MOA5R9oJDrZA1lzvJDJ0HLrhtpcgXDAKaRm5GA=mo,Terdapat informasi dan Diskon Tambah daya yang mantappp,5,0,5.2.75,2025-12-11 07:55:57,"Hai Kak, makasih ya untuk ulasan yang diberikan buat PLN Mobile. Dengan apk ini, semua kebutuhan listrik jd makin praktis. PLN Mobile hadir utk pelanggan biar lebih hemat waktu dan tenaga. Ajak teman Kk yuk buat jadi pengguna setia PLN Mobile. Have a nice day. :) -FE",2025-12-12 01:34:19,5.2.75,terdapat informasi dan diskon tambah daya yang mantappp
f82e969f-25f9-4e70-82a2-7b308c5d0f54,Dyan Candra,https://play-lh.googleusercontent.com/a/ACg8ocL272sN16UpD-1haISRh_xt2y6vN3Ro6-WzgUxBMd0wDNauhQ=mo,terbaik,5,0,5.2.75,2025-12-11 07:55:34,"Hai Kak Dyan, thanks ya utk ulasan positif & rating 5 nya. PLN Mobile bertujuan utk bantu penuhi kebutuhan listrik pelanggan jd lebih mudah. Kk jg bisa nikmatin promo & tawaran menarik dr PLN Mobile loh. Yuk ajak teman & sahabat kamu buat ngerasain serunya jadi pengguna PLN Mobile. Tks. -FE",2025-12-12 01:33:39,5.2.75,terbaik
1a048eef-63ae-4a84-837d-2ed11bbc8c71,Try Riono,https://play-lh.googleusercontent.com/a-/ALV-UjX_a789B92Goyq_4PaofbNKVEktS3dvZQCrYPJBlxJ58UVl7Z-n,makin mudah dan simpel dengan PLN mobile,5,1,5.2.75,2025-12-11 07:54:25,"Halo Kak Try, makasih banyak atas feedback nya. Kami happy banget tau PLN Mobile bisa jadi solusi praktis buat keseharian Kakak. Yuk terus manfaatkan fiturnya, dan kalau oke, bolehlah direkomendasikan ke orang terdekat. Semoga selalu dimudahkan urusannya. Have a nice day. -SH
",2025-10-16 12:34:05,5.2.75,makin mudah dan simpel dengan pln mobile
3b7e2e63-1db3-4623-a3a2-ff5c6ae7dc92,Teguh Haryanta,https://play-lh.googleusercontent.com/a/ACg8ocIK66pJdi8xegLOexlfMP4AsvhOrC-lEVFWz6LFRDShpbHBUA=mo,fitur dan pelayanan sangat baik... semoga diskon diskonya selalu ada... manttaabb,5,1,5.2.75,2025-12-11 07:54:08,"Hi Kak Teguh, Makasih yaa buat review & rating bintang 5 nya Mimin senang banget. kamu bisa urus perihal kelistrikan lewat smartphone-mu, dari mana saja dan kapan saja via aplikasi PLN Mobile. Stay safe ya. -FIF
",2025-11-26 02:58:44,5.2.75,fitur dan pelayanan sangat baik semoga diskon diskonya selalu ada manttaabb
c0efb7ff-5770-452e-89b4-44c581221e62,Muhammad “ANDREAS” Fajar,https://play-lh.googleusercontent.com/a-/ALV-UjVIJdtFLdGECJvgLndkOrMBMXEN5bn34_7dP0sqXwbKbyf7Wfib,KEREN,5,0,5.2.75,2025-12-11 07:53:59,"Halo Kak Andreas, makasih banyak ya utk ulasan positif & rating 5 nya. PLN Mobile bertujuan utk bantu penuhi kebutuhan listrik pelanggan jd lebih mudah. Kk jg bisa nikmatin promo & tawaran menarik dr PLN Mobile loh. Yuk ajak teman & sahabat kamu buat ngerasain serunya jadi pengguna PLN Mobile. Tks. -FE",2025-12-12 01:33:23,5.2.75,keren
cf41dbe8-ad12-44f6-abb4-35d76d2cfc4b,liza nuhaliza,https://play-lh.googleusercontent.com/a-/ALV-UjWqI2fKDiO8y18_2NZiOEYcoEt3q9Y_BH2y3bv1ji8HzXx2V_s,"PLN mobile keren, sangat membantu dan memudahkan dalam bertransaksi 👍",5,0,5.2.48,2025-12-11 07:53:03,"Hallo Kak Liza. Makasih juga buat ulasannya ya, wah semoga pengalaman menggunakan PLN Mobile selalu menyenangkan ya Kak. Ga usah risau, di aplikasi PLN Mobile bayar tagihan kini bisa sambil rebahan. Have a great day -FW
",2024-02-28 09:40:22,5.2.48,pln mobile keren sangat membantu dan memudahkan dalam bertransaksi
7c0ebc04-51ec-46b3-b3e3-9c8fcacf3522,Bagus Ary Fandi,https://play-lh.googleusercontent.com/a-/ALV-UjXQ-CWhTJXi3NWLucZhGIt3TplzPls5UctZJCnDdbGF_h6wuuOo,"busuk app nya, setelah log out minta daftar ulang.",1,0,5.2.75,2025-12-11 07:52:04,"Sore Kak Bagus. Jk sebelumnya sdh memiliki akun PLN Mobile, maka Kk tinggal langsung msk dgn menggunakan nomor ponsel pd akun yg sdh terdaftar & silakan buat PIN yg Kk kehendaki. Dgn adanya proses single login di PLN Mobile versi terbaru, bertujuan memberikan kemudahan & keamanan ekstra utk Plgn. Jk ada kendala, Kk bs info ke sosmed PLN 123. :) -MF",2025-12-11 08:17:32,5.2.75,busuk app nya setelah log out minta daftar ulang
f7671d9a-f286-455b-b8f9-556f2b7aa5e6,Kirman Sukirman,https://play-lh.googleusercontent.com/a/ACg8ocJeBeC3nID9ePL6VNUr68Sja7Q_5hKuo3DOt2_M1oHaBhhV5Q=mo,"PLN mobile sangat membantu sekali ketika di butuhkan, pelayanan bagus",5,0,5.2.75,2025-12-11 07:51:51,"Wah, tks ya Kak Kirman. Ulasan positifnya bikin mimin makin semangat. PLN Mobile selalu berusaha jadi solusi terupdate dan informatif buat semua kebutuhan listrik Kk. Pastinya recommended banget buat kebutuhan kelistrikan yang serba cepat. Rekomendasiin ke temen dan kerabat Kk utk install PLN Mobile segera ya. :) -AL
",2025-10-30 02:46:40,5.2.75,pln mobile sangat membantu sekali ketika di butuhkan pelayanan bagus
30f0ed3b-ef9d-4a8a-b0a5-420655ce5cd7,Kons Mite,https://play-lh.googleusercontent.com/a-/ALV-UjWAZLq_aQ5U5L3ZW6KBvJQx3BSy7S3y9riv-5sG-DdAkjV9Y28,Aplikasi sangat membantu & sangat memudahkan kita untuk pelaporan gangguan,5,0,5.2.75,2025-12-11 07:51:43,Tengkyu yaa Kak atas penilaiannya buat PLN Mobile. PLN Mobile anti ribet. Yuk ajak temen dan keluarganya untuk download sekarang juga. Have a great day. -HA,2024-08-29 02:25:18,5.2.75,aplikasi sangat membantu sangat memudahkan kita untuk pelaporan gangguan
80a0d60b-b823-43cf-ba37-a932474d4c77,Suparno Pranoto,https://play-lh.googleusercontent.com/a/ACg8ocITX-v3hMa7CAJokyd8Ik3XUqXeUbYVJp69PQFiB5MJ3wfPBA=mo,"Terbaik, mudah digunakan",5,0,5.2.75,2025-12-11 07:50:30,"Hi Kak Suparno. Tks sudah memberikan rating cantiknya untuk aplikasi PLN Mobile. Ditunggu update info dan promo lainnya ya Kak, dapat dilihat di menu Promosi & Informasi. Stay Healthy. -LA",2025-09-12 19:36:53,5.2.75,terbaik mudah digunakan
6117c3a1-c699-48d6-b84b-e5567fc03380,Zaleha Leha,https://play-lh.googleusercontent.com/a/ACg8ocIbERfYtGudBvLVtnztSVeFVwba8jui7IHvVCveKyn62tFvmg=mo,aplikasi pln mobile mepermudah urusan pln pln mobile keren,5,0,5.2.75,2025-12-11 07:50:30,"Hello Bu Zaleha, terima kasih sudah memberikan rating cantiknya untuk aplikasi PLN Mobile. Mau pasang listrik sementara buat Pesta? Langsung ajah daftar di PLN Mobile. Have a great day -AS",2022-10-28 10:59:17,5.2.75,aplikasi pln mobile mepermudah urusan pln pln mobile keren
691ad5fb-e239-48e1-8747-804682b1e677,Salla Diba,https://play-lh.googleusercontent.com/a/ACg8ocKCyHnLr2MYs2PAp3wOP0Kwd2be8F5osUJ4MtiH6UXKVtRVoQ=mo,mudah membayar listrik,5,0,5.2.75,2025-12-11 07:50:12,"Makasih banyak ya Kak Salla atas kepercayaannya terhadap layanan PLN Mobile. Semoga PLN Mobile terus memberikan kenyamanan dan selalu jadi pilihan utama buat Kk ya. Yuk, ajak teman-teman kamu untuk download PLN Mobile. Have a nice day. :) -FE",2025-12-12 01:33:07,5.2.75,mudah membayar listrik
f0c5ae1a-523e-4bb5-bc8c-5c2e3c076118,Ifin Lono Basuki,https://play-lh.googleusercontent.com/a-/ALV-UjUFRuc7wLfz9Yw_BAq9tRAR_0USLICvtQjYWW4XhdPcdHVgqjaY,Pelayanan cepat dan komunikatif,5,0,5.2.75,2025-12-11 07:50:11,"Halo Kak Ifin, thanks ya untuk ulasan dan rating maksimal yg udah Kk kasih. PLN Mobile terus memberikan kemudahan kepada pelanggan dalam hal kelistrikan. PLN Mobile cocok banget buat direkomendasikan ke teman dan keluarga Kk, karena cepat dan efektif. Jangan lupa untuk cek selalu PLN Mobile ya, karena akan ada informasi & promo menarik. Tks. -FE",2025-12-12 01:32:56,5.2.75,pelayanan cepat dan komunikatif
f63e2350-f041-40b7-8768-81de6faf2862,BENI HERMANTO,https://play-lh.googleusercontent.com/a/ACg8ocIwBdkKiLMBImZpCOhixe5wVr0LyViIHv_ADCGYppzWF12MVQ=mo,sangat membantu,5,0,5.2.75,2025-12-11 07:49:56,"Kak Beni, terima kasih ya udah jadi pengguna setia PLN Mobile. Informasi dan kebutuhan listrik bisa Kk dapatkan via PLN Mobile dari smartphone Kk. Selain itu, Kk jg bs gunain fitur SwaCAM utk melakukan catat meter mandiri ya. Tunggu apa lagi, yuk ajak teman, keluarga dan sahabat kamu buat download PLN Mobile. Tks. -FE",2025-12-12 01:32:40,5.2.75,sangat membantu
916d2f2d-6b78-4781-b52e-385c56888225,Gede Oka,https://play-lh.googleusercontent.com/a/ACg8ocJ57DXoYQYuSgBv8JzdlffKEYk9DcA9IMk8yG776rYZMm4GDg=mo,aplikasi pln mobile sangat bagus dan cepat pelayanannya,5,0,,2025-12-11 07:49:46,"Makasih udah share pengalaman menggunakan PLN Mobile ya, Kak Gede. Seneng deh kalo PLN Mobile bisa bantu pelanggan penuhi kebutuhan listriknya. Biar makin banyak yang nikmatin kenyamanan ini, yuk share ke bestie kamu & ajak mereka buat download PLN Mobile. Have a nice day. :) -FE",2025-12-12 01:32:29,,aplikasi pln mobile sangat bagus dan cepat pelayanannya
850b7739-2046-4ca3-9b5f-5f71e781e42e,Ikbal Muhammad,https://play-lh.googleusercontent.com/a/ACg8ocJuBe8P4HFBQ-zrUZuH5g-Hye7SrTukbeU_F1QBTogjlZKH=mo,Terima kasih PLN karna telah memberikan yg terbaik,5,0,5.2.75,2025-12-11 07:48:20,"Terima kasih udah berbagi pengalaman menggunakan PLN Mobile ya, Kak Ikbal. Seneng deh liatnya kalo PLN Mobile sudah bantu pelanggan penuhi kebutuhan listriknya. Biar makin banyak yang nikmatin kenyamanan ini, yuk share informasi ini ke bestie kamu & ajak mereka buat download PLN Mobile. Have a nice day. :) -FE",2025-12-12 01:31:34,5.2.75,terima kasih pln karna telah memberikan yg terbaik
bdefa7c9-1cac-42c0-9430-cbf76a413b53,Septiana Ningsih16,https://play-lh.googleusercontent.com/a/ACg8ocJA6ah6xR6sCPwmtP2M7JYSnNDfJJZ_dBAsnfXRWqtlxsCiDQ=mo,"Respon cepat , petugas baik . Terimakasih PLN",5,0,5.2.75,2025-12-11 07:47:17,"Kak Septiana, maaf bila laporannya blm mndpt perbaikan. Pengaduan dgn No. G14251206XXXXX tlah mimin FU kmbali ke Unit agar mndpt eskalasi scr responsif & tepat ya. PLN siap memaksimalkan lg fungsi aset kelistrikan & peningkatkan kualitas keandalan serta stabilitas jaringan kelistrikan demi menjaga pasokan lancar & stabil. Smg clear dgn baik. :) -SH",2025-12-06 09:28:44,5.2.75,respon cepat petugas baik terimakasih pln
4fced976-9257-4b28-a768-1e9eae3d4dd0,Oktavia Prima Bili,https://play-lh.googleusercontent.com/a-/ALV-UjW3cSBAjCkSonJKnYAq09mLR2gYheQZPSqkGJpN-Om-SN2Z2wmN,aplikasinya sangat membantu saya dan keluarga dalam masalah gangguan listrik.,5,0,5.2.75,2025-12-11 07:47:13,"Hai Kak, atas penilaian yang bagus untuk PLN Mobile, mimin sangat senang sekali. Kalau Kakak mau tahu biaya Pasang Baru, tinggal klik aja menu Simulasi Biaya di aplikasinya. Mimin jamin, semua makin gampang dan anti ribet deh. Yok, ajak juga temen & keluarga buat download PLN Mobile sekarang. Salam hangat dari PLN untuk Kakak dan keluarga. :) -AL
",2025-05-12 07:54:46,5.2.75,aplikasinya sangat membantu saya dan keluarga dalam masalah gangguan listrik
d18c1f67-ba06-4cd1-bac9-dae6f2b449c7,Wayan Sudirka,https://play-lh.googleusercontent.com/a/ACg8ocKiQs2xzlcEeg5z6vdvlFm8OYVrhv9oOlOFkIx0_L-PSZCvtw=mo,top banget,5,0,,2025-12-11 07:46:27,"Terima kasih ya Kak Wayan udah jadi pengguna PLN Mobile. Lewat PLN Mobile, semua jadi beres hanya dalam satu genggaman. Transaksi lewat PLN Mobile tinggal klik-klik, langsung selesai. PLN Mobile emang cocok jd sahabat setia urusan listrik kamu. Kuy rekomendasiin ke keluarga dan kerabat kamu juga ya buat gunain PLN Mobile. Have a great day. :) -FE",2025-12-12 01:31:01,,top banget
3b6ad6bd-0444-4b16-9c8b-889efede3b52,Biru Laut,https://play-lh.googleusercontent.com/a-/ALV-UjXO7dCA8TMQo_uOEYcPgiHSEQHU2d5K45juz49VcrvDI4PBXt7F,bagus,5,0,,2025-12-11 07:46:14,"Pagi Kak, makasih ya buat ulasan dan rating maksimal yg Kk berikan. Yuk, nikmati trs fitur-fitur yang ada di PLN Mobile. Semisal ada kendala, Kk bisa langsung akses fitur Pengaduan/ Live Chat yg ada di PLN Mobile ya. Semoga pengalaman bersama PLN Mobile makin menyenangkan. :) -FE",2025-12-12 01:30:49,,bagus
25bbdd09-6dce-4d6d-beb4-bdc8811708d2,Reza Putra,https://play-lh.googleusercontent.com/a-/ALV-UjXOJNh0eNa5FHf6E97zRSP2o7eWKbDNuiHOeOfy0XZicCYYqroC,"Sangat membantu,dan respon cepat dalam penanganan masalah..",5,0,5.2.75,2025-12-11 07:45:03,"Hai Kak Reza, thanks ya untuk rating maksimal yang Kk berikan. Setiap rating dan ulasan yang diberikan, bantu kami untuk terus memaksimalkan pelayanan kepada pelanggan. PLN Mobile hadir kasih solusi utk penuhi kebutuhan listriknya. Yuk, ajak teman dan sahabat Kk untuk download PLN Mobile. Tks. -FE",2025-12-12 01:30:17,5.2.75,sangat membantu dan respon cepat dalam penanganan masalah
555c3ee1-7033-4db6-a368-18e0d00ed932,Latinur,https://play-lh.googleusercontent.com/a/ACg8ocIOi1vgMiNBQ4aeiMQBVLjDQqrkrTO2Fe82KK6jFWEp_3nSkw=mo,"Saya baru tau kalau aplikasi pln sebagus ini,jadi mudah beli token saya dirumah. Makasi ya PLN semoga jaya selalu",5,0,5.2.75,2025-12-11 07:44:16,"Hai Kak Latinur, makasih ya udah download dan akses layanan platform digital kami. PLN Mobile hadir utk kasih kemudahan bagi pelanggan. PLN Mobile cocok banget nih buat direkomendasikan ke teman dan keluarga Kk kalo butuh yg praktis dan cepat. Kalo mau beli token listrik, langsung aja buka PLN Mobile, semua bisa beres dalam sekejap. :) -FE",2025-12-12 01:29:57,5.2.75,saya baru tau kalau aplikasi pln sebagus ini jadi mudah beli token saya dirumah makasi ya pln semoga jaya selalu
e741e2a9-fd08-4b0f-b873-6b9f89717ee8,Sugeng Sutanto,https://play-lh.googleusercontent.com/a-/ALV-UjWEDklraaLgtI8ESB-ut5trEE9V25ybz-U3CjL__MDQCPhIgnPC,sangat baik,5,0,5.2.75,2025-12-11 07:43:48,"Bisa aja nih Kak Sugeng, terima kasih ya udah akses layanan yang ada di PLN Mobile. Aplikasi ini ditujukan utk memudahkan pelanggan setiap saat. Kk bisa nih ajuin pasang baru atau tambah daya lewat fitur yang ada di PLN Mobile. Yuk, rekomendasikan PLN Mobile ke keluarga & ajak mereka buat download aplikasinya. Tks. -FE",2025-12-12 01:29:38,5.2.75,sangat baik
cfab4d1a-0222-4161-b1d3-e25a9d12085f,Wardana Putra,https://play-lh.googleusercontent.com/a-/ALV-UjUQX3hAFiZvIJ3RTyrtgFhkTJO1dNkZuIUIenKTfLjrGix7zaAw,KAGAK BISA CETAK STRUK,1,0,,2025-12-11 07:43:09,"Kk Wardana. Fyi, PLN tdk menyediakan struk pembayaran. Jk Kk memerlukan Invoice, silakan lengkapi Identitas, NIK & NPWP pd data diri. Lalu, Kk dpt mengakses ulang riwayat tagihan via: Akun> Layanan Saya> Pilih nomor listrik terdaftar> Riwayat Penggunaan> Pilih bulan yg dibutuhkan> Download Invoice. Jk Kk bth bantuan, ketuk fitur Live Chat. Tks. -YA",2025-12-11 08:22:36,,kagak bisa cetak struk
c342671b-087e-4847-b3a5-4bdbc890b576,rahwandi zein,https://play-lh.googleusercontent.com/a/ACg8ocLBpN-Gpsu0bF5seb9-Eei9DIyVmC6FH7lQYzOPqJERZrPuvA=mo,"aplikasinya semakin bagus dan lengkap bisa di dipakai buat bayar PDAM,beli pulsa dan lainnya,tambah sukses PLN mobile kedepannya.terimkasih",5,0,5.2.75,2025-12-11 07:42:53,Hai Kak Rahwandi. Makasih udah suka & puas menggunakan PLN Mobile. PLN Mobile anti ribet. yok ajak temenmu tuk download sekarang juga. Salam sehat selalu -PP,2024-06-09 02:49:33,5.2.75,aplikasinya semakin bagus dan lengkap bisa di dipakai buat bayar pdam beli pulsa dan lainnya tambah sukses pln mobile kedepannya terimkasih
1cdc22d3-75ab-4198-975b-3d6ca8519d2e,Rizal Muhajir,https://play-lh.googleusercontent.com/a/ACg8ocKtGaXZHEPJJAkR4cZUkX71KCDx5rBjlxVPbCeqtDBJnBrr2w=mo,mudah di gunakan,5,0,5.2.75,2025-12-11 07:42:53,"Hai Kak Rizal, makasih ya utk ulasan positif & rating 5 nya. PLN Mobile bertujuan utk bantu penuhi kebutuhan listrik pelanggan jd lebih mudah. Kk jg bisa nikmatin promo & tawaran menarik dr PLN Mobile loh. Ajak keluarga Kk juga ya buat download PLN Mobile. Sukses terus buat Kk. :) -FE",2025-12-12 01:29:03,5.2.75,mudah di gunakan
6442ab6d-9fb2-48d0-8d4f-228d8d62c19a,Ester Natu,https://play-lh.googleusercontent.com/a/ACg8ocKc1GQWKAZ4jNIHXdgkWGJuLspfZWpag2PaVyvSgaVFfn7K_w=mo,Gangguan listrik lapor di pln mobile,5,0,5.2.75,2025-12-11 07:42:49,"Makasih atas kepercayaan yang diberikan kepada PLN Mobile ya, Kak Ester. PLN Mobile bantu aktivitas pelanggan jd lebih praktis & efisien. Kebutuhan listrik bisa terpenuhi dari mana aja bahkan sambil rebahan loh, jd ga perlu repot lagi buat keluar rumah. Yuk, rekomendasiin PLN Mobile ke teman dan sahabat Kk. :) -FE",2025-12-12 01:28:11,5.2.75,gangguan listrik lapor di pln mobile
9d1713b9-8da7-40de-9c71-b49d02c683a9,Daniel Enco,https://play-lh.googleusercontent.com/a/ACg8ocL-ZjIusdki7LHzKPjWmW_4yU7LCXqTK_0lOqnuRmqKaoK0GA=mo,"PLN mobile sangat memberi saya kemudahan dalam proses tambah daya dari rumah, Terimakasih PLN mobile",5,0,5.2.75,2025-12-11 07:42:42,"Wah, terima kasih ya Kak Daniel atas apresiasinya untuk PLN Mobile. PLN Mobile hadir buat kasih solusi yang cepat dan tepat utk atasi masalah kelistrikan. Yuk, ajak orang terdekat kamu buat download PLN Mobile. Sukses selalu ya. :) -FE",2025-12-12 01:27:56,5.2.75,pln mobile sangat memberi saya kemudahan dalam proses tambah daya dari rumah terimakasih pln mobile
8ce1bbc1-ca77-42b2-840f-2b604158e425,adji dwi,https://play-lh.googleusercontent.com/a/ACg8ocKDvGACUp7IgO6MkK2Lmegf9sFeeZqZmX5BrZxV01Ifu-xgUg=mo,baik,5,0,,2025-12-11 07:41:59,"Makasih atas kepercayaan yang diberikan kepada PLN Mobile ya, Kak Adji. PLN Mobile bantu aktivitas pelanggan jd lebih praktis & efisien. Kebutuhan listrik bisa terpenuhi dari mana aja bahkan sambil rebahan loh, jd ga perlu repot lagi buat keluar rumah. Yuk, rekomendasiin PLN Mobile ke teman dan sahabat Kk. :) -FE",2025-12-12 01:23:22,,baik
95769f32-df77-4b4a-8501-de4531b860aa,Stanislaus Odang,https://play-lh.googleusercontent.com/a-/ALV-UjWSURjjmbyh-mvIvB0unfSnsTK_nko4xif5jr169xRYKfZ1heM,tambah daya jadi lebih mudah,5,0,,2025-12-11 07:39:38,"Wah, mimin seneng banget liat ulasan dari Kk. Thanks ya udah jadi bagian dari pelanggan digital kami. Mimin akan terus kasih pelayanan yg optimal lewat platform digital yg ada. Yuk, ajak keluarga dan kerabat utk download PLN Mobile. Semoga harinya menyenangkan. :) -FE",2025-12-12 01:23:07,,tambah daya jadi lebih mudah
bea04579-73b0-421a-8ab5-bcbbcba1c63e,arya angga saputra,https://play-lh.googleusercontent.com/a-/ALV-UjXHXmpMynATGbFG5cfawpd45I9izcfgvINrmTWAFWxBhpC6mj4,aplikasi ini sangat membantu masyarakat dalam masalah kelistrikan menu yang di sediakan cukup memadai,5,0,,2025-12-11 07:37:12,"Terima kasih udah berbagi pengalaman menggunakan PLN Mobile ya, Kak Arya. Seneng deh liatnya kalo PLN Mobile sudah bantu pelanggan penuhi kebutuhan listriknya. Biar makin banyak yang nikmatin kenyamanan ini, yuk share informasi ini ke bestie kamu & ajak mereka buat download PLN Mobile. Have a nice day. :) -FE",2025-12-12 01:22:20,,aplikasi ini sangat membantu masyarakat dalam masalah kelistrikan menu yang di sediakan cukup memadai
d7369584-d3c5-4bab-915b-aacb6771b20f,moh amin hariyadi,https://play-lh.googleusercontent.com/a-/ALV-UjXnM3UskChx7Y7sYr6lpWi-CG2CZFi9-58PRVXLQ5IxdZ7iZxP_,"""Terima kasih Pln.. 🙏 ""Mudah... tanggapan cepat.. sangat membantu dlm hal kelistrikan... 🙏",5,0,5.2.75,2025-12-11 07:36:23,"Thanks ya Kak Amin udah berbagi pengalaman menggunakan PLN Mobile. Seneng deh kalo PLN Mobile bisa bantu pelanggan penuhi kebutuhan listriknya. Biar makin banyak yang nikmatin kenyamanan ini, yuk share ke bestie kamu & ajak mereka buat download PLN Mobile. Have a nice day. :) -FE",2025-12-12 01:21:54,5.2.75,terima kasih pln mudah tanggapan cepat sangat membantu dlm hal kelistrikan
c3685014-1930-4835-bdf3-eb54f42a6b44,Fadhil Hidayat,https://play-lh.googleusercontent.com/a-/ALV-UjWm5Wae95u41raPyofyRdwx9PIQ6DjO5G7JzBS6B1PZXZudM4p6,"Aplikasi PLN Mobile sangat membantu, saya bisa memantau penggunaan listrik saya setiap hari",5,0,5.2.74,2025-12-11 07:35:58,"Terima kasih udah berbagi pengalaman menggunakan PLN Mobile ya, Kak Fadhil. Seneng deh liatnya kalo PLN Mobile sudah bantu pelanggan penuhi kebutuhan listriknya. Biar makin banyak yang nikmatin kenyamanan ini, yuk share informasi ini ke bestie kamu & ajak mereka buat download PLN Mobile. Have a nice day. :) -FE",2025-12-12 01:21:28,5.2.74,aplikasi pln mobile sangat membantu saya bisa memantau penggunaan listrik saya setiap hari
b829f07b-a313-49a0-99d2-61136dcae238,Biduan Bersayap,https://play-lh.googleusercontent.com/a/ACg8ocI--RE_euer_2xGgeBYX1WSwGLM2gx5d20RFVtld3wraDcl6g=mo,terbaik,5,0,,2025-12-11 07:35:41,"Wah, mimin seneng banget liat ulasan dari Kk, thanks ya Kak. PLN Mobile bs jadi solusi yg tepat utk penuhi kebutuhan listrik pelanggan. Apk ini cocok banget digunakan buat kamu yg ga mau ribet, karena mudah diakses dan informasi yang jelas. Yuk, ajak temen dan sahabat Kk utk download PLN Mobile. :) -FE",2025-12-12 01:21:10,,terbaik
cc6ac03d-9c60-4653-a827-9e12f95eb565,supriyatno 48892,https://play-lh.googleusercontent.com/a-/ALV-UjWN-lj-IEOsb-6631z9lL9rHbFTFl3QnK7P0qNnjY8ZY1l-4SLy,gercep,5,0,5.2.75,2025-12-11 07:35:32,"Halo Kak Supriyatno, makasih banyak ya utk ulasan positif & rating 5 nya. PLN Mobile bertujuan utk bantu penuhi kebutuhan listrik pelanggan jd lebih mudah. Kk jg bisa nikmatin promo & tawaran menarik dr PLN Mobile loh. Yuk ajak teman & sahabat kamu buat ngerasain serunya jadi pengguna PLN Mobile. Tks. -FE",2025-12-12 01:20:43,5.2.75,gercep
b50f03db-ebb1-426b-a207-e3cc96907854,Dhika R,https://play-lh.googleusercontent.com/a/ACg8ocKU5SN9oU7R4Gbd943awkdj1_tWFfraeQ3OsXicSCToETP6xg=mo,Respon cepat,5,0,5.2.75,2025-12-11 07:35:23,"Hai Kak Dhika, makasih ya untuk rating maksimal yang Kk kasih. Setiap rating dan ulasan yang diberikan, bantu kami untuk terus memaksimalkan pelayanan kepada pelanggan. PLN Mobile hadir utk kasih solusi terbaik utk kebutuhan listrik Kk setiap saat. Yuk, ajak teman dan sahabat Kk untuk download PLN Mobile. Tks. -FE",2025-12-12 01:20:23,5.2.75,respon cepat
7812f8e7-1a59-482c-9592-34d2ab615e22,Biduan Masakini,https://play-lh.googleusercontent.com/a/ACg8ocJsY7tBvLixQYLHw4dPz26NYYM4i29Su4ULu3OBqCIMAB-OjA=mo,terbaik,5,0,,2025-12-11 07:34:51,"Hai Kak, makasih banyak ya untuk rating maksimal yang Kk kasih. Setiap rating dan ulasan yang diberikan, bantu kami untuk terus memaksimalkan pelayanan kepada pelanggan. PLN Mobile hadir utk kasih solusi terbaik utk kebutuhan listrik Kk setiap saat. Yuk, ajak teman dan sahabat Kk untuk download PLN Mobile. Tks. -FE",2025-12-12 01:19:02,,terbaik
d4afa4be-c8de-4caa-afdc-7e3a9c948841,yuri anto,https://play-lh.googleusercontent.com/a/ACg8ocLqi2Pz9taDrTHf_sTvfnRxuDJAR-MkOXPNCz_VYK3HeUjzhg=mo,sangat membantu,5,0,5.2.75,2025-12-11 07:33:54,Thanks ya Kak Yuri udah kasih rating terbaik buat PLN Mobile. Senangnya jika fitur-fitur yg ada di PLN Mobile udah bantu aktivitas listrik Kk. Semoga PLN Mobile tetap jadi pilihan utama Kk dalam memenuhi kebutuhan listriknya ya. Jangan lupa buat ajak teman dan sahabat untuk download PLN Mobile. Have a nice day. :) -FE,2025-12-12 01:18:39,5.2.75,sangat membantu
54e0f365-c3c5-445f-991a-41dc16927ba1,Fikri Jr,https://play-lh.googleusercontent.com/a/ACg8ocKOn9N2UCuuOR58BKcSEgoqaiVPDjhQJ3ERD7nWoxAelaBb=mo,aplikasi ini sangat bermanfaat untuk pembayaran pulsa listrik,5,0,,2025-12-11 07:33:07,"Halo Kak Fikri, mimin sangat menghargai apresiasi yg Kk berikan, terima kasih ya. PLN Mobile hadir utk pelanggan biar lebih hemat waktu dan tenaga. Semua kebutuhan listrik bisa terpenuhi lewat PLN Mobile kapan aja dalam waktu singkat. Yuk ajak teman dan sahabat kamu buat jd pengguna setia PLN Mobile. Tks. -FE",2025-12-12 01:18:24,,aplikasi ini sangat bermanfaat untuk pembayaran pulsa listrik
983753a8-272b-48b8-b6de-d731e5315829,Lala Putri,https://play-lh.googleusercontent.com/a/ACg8ocIBjsH5SSTGAzqayHzplUl4o1XhHfagbgBOMPpNKrEu3olqOg=mo,Selalu gunakan aplikasi PLN mobile agar transaksi bisa cepat dan tepat karena bisa dilakukan kapanpun dan dimanapun .,5,0,,2025-12-11 07:32:52,"Hai Kak Lala, makasih ya udah jadi pengguna PLN Mobile. PLN Mobile emang jagonya penuhin kebutuhan listrik pelanggan jadi lebih praktis. Dengan fitur-fitur kekinian yg gampang banget diakses, membuat PLN Mobile cocok digunakan siapa saja yang membutuhkan. Yuk ajak bestie kamu buat ngerasain pengalaman menyenangkan pakai PLN Mobile. :) -FE",2025-12-12 01:18:12,,selalu gunakan aplikasi pln mobile agar transaksi bisa cepat dan tepat karena bisa dilakukan kapanpun dan dimanapun
b2765e7b-9e18-42a8-b000-1b7f38333669,inco .26,https://play-lh.googleusercontent.com/a-/ALV-UjUEdXJ8w-ludfClhBupsnS14f0IGg-MGPw9GzDkLHXc72sKhNZm,PLN Terbaik,5,0,5.2.64,2025-12-11 07:32:41,Thanks ya Kak udah kasih rating terbaik buat PLN Mobile. Senangnya jika fitur-fitur yg ada di PLN Mobile udah bantu aktivitas listrik Kk. Semoga PLN Mobile tetap jadi pilihan utama Kk dalam memenuhi kebutuhan listriknya ya. Jangan lupa buat ajak teman dan sahabat untuk download PLN Mobile. Have a nice day. :) -FE,2025-12-12 01:17:23,5.2.64,pln terbaik
36ec0c38-c776-4357-abfc-1f66aca92135,syaiful rizal,https://play-lh.googleusercontent.com/a/ACg8ocKzB-JW1ETEclTeaDPiA26C9jDpR6gWtxN7g2zf3eit0J1MKIk=mo,terimakasih pln mobile sangat membantu,5,0,5.2.75,2025-12-11 07:31:26,"Hallo Kak Syaiful . Tks Kak penilaiannya, semoga semakin setia menggunakan PLN Mobile. Nikmati jg fitur penyambungan baru & tambah dayanya ya Kak, semua mudah dalam satu genggaman. Have a nice day. -MS
",2025-08-24 06:10:14,5.2.75,terimakasih pln mobile sangat membantu
10d27932-428c-4314-9e5c-1ac2a9af37f6,christian fredericky,https://play-lh.googleusercontent.com/a-/ALV-UjXZtFsLsi0xfkGV0H4Q6kG4qjwZI9H6qjWXJ4lAdC9Cq5RDTNPi,semua pelayanan mudah dalam satu genggaman,5,0,5.2.75,2025-12-11 07:31:21,"Pagi Kak Christian, terima kasih ya udah jadi pengguna setia PLN Mobile. Informasi dan kebutuhan listrik bisa Kk dapatkan via PLN Mobile dari smartphone Kk. Selain itu, Kk jg bs gunain fitur SwaCAM utk melakukan catat meter mandiri ya. Tunggu apa lagi, yuk ajak teman, keluarga dan sahabat kamu buat download PLN Mobile. Tks. -FE",2025-12-12 01:17:00,5.2.75,semua pelayanan mudah dalam satu genggaman
0f03e250-09a1-4701-aa3d-ad7fc4b63938,rofik Amin,https://play-lh.googleusercontent.com/a-/ALV-UjU3PZNVrdEkC0in0VwqMtPsaJDawHtCqgHZmYgRUNgXksycZAqp5Q,Mudah dalam satu genggaman mantap lanjut keeen,5,0,5.2.75,2025-12-11 07:30:49,"Hello Kakak Rofik, Mimin seneng deh kalo Kakak suka sama aplikasi PLN Mobile. Kamu bisa urus perihal kelistrikan lewat smartphone-mu, dari mana saja dan kapan saja via aplikasi PLN Mobile. Stay safe ya. –FA
",2025-09-07 03:10:34,5.2.75,mudah dalam satu genggaman mantap lanjut keeen
2c115e7b-2f83-439d-aac1-3766e6252bc0,Indra,https://play-lh.googleusercontent.com/a/ACg8ocLKPJM1KE32sVn3fmNuzr1z4OxEtR762z47XoXWCCrn7QDOzQ=mo,Aplikasi yg sngt mantap jika ingin isi token,5,0,,2025-12-11 07:29:43,"Hai Kak Indra, terima kasih ya udah jadi pengguna setia PLN Mobile. Informasi dan kebutuhan listrik bisa Kk dapatkan via PLN Mobile dari smartphone Kk. Selain itu, Kk jg bs gunain fitur SwaCAM utk melakukan catat meter mandiri ya. Tunggu apa lagi, yuk ajak teman dan sahabat kamu buat download PLN Mobile. Tks. -FE",2025-12-12 01:15:57,,aplikasi yg sngt mantap jika ingin isi token
a5c805b7-5565-4b72-a437-8999eceb26b8,Anto Mulianto,https://play-lh.googleusercontent.com/a-/ALV-UjW9flgib6F667suEnqqMlzp2mO6y5uchPUOOinQyaRzVhgBJfnE,"ok ok....bagus,pertahankan",5,0,5.2.75,2025-12-11 07:29:40,"Makasih ya Kak Anto atas kepercayaannya terhadap layanan PLN Mobile. Semoga PLN Mobile terus memberikan kenyamanan dan selalu jadi andalan buat Kk ya. PLN Mobile dirancang agar kebutuhan listrik pelanggan jadi lebih mudah terpenuhi. Yuk, ajak keluarga dan kerabat kamu untuk download PLN Mobile. Tks. -FE",2025-11-28 01:44:50,5.2.75,ok ok bagus pertahankan
3946d089-b5eb-4c76-9cc1-a3534922312d,Dita Naudasari,https://play-lh.googleusercontent.com/a/ACg8ocL6o6aUxB6-pF45RdC8mVlC7CnnGbZwEeYzLE96pi5asd-8PQ=mo,pln mobile mudah dalam pelayanan,5,0,5.2.75,2025-12-11 07:29:11,"Hai Kak Dita, makasih banyak ya untuk rating maksimal yang Kk kasih. Setiap rating dan ulasan yang diberikan, bantu kami untuk terus memaksimalkan pelayanan kepada pelanggan. PLN Mobile hadir utk kasih solusi terbaik utk kebutuhan listrik Kk setiap saat. Yuk, ajak teman dan sahabat Kk untuk download PLN Mobile. Tks. -FE",2025-12-12 01:15:20,5.2.75,pln mobile mudah dalam pelayanan
099a847c-5c58-48ee-9f72-48b80a07d556,Basrah Nasution,https://play-lh.googleusercontent.com/a/ACg8ocKtVbETIWjIhLqMjTKidsmZ-v6jGhcLoNNgcKfOMAytEIxtpg=mo,PLN kampar terbaik. pelayanan terbaik dan cepat tanggal.. nyala nyala 🫰,5,0,5.2.75,2025-12-11 07:29:10,"Wah, mimin seneng banget liat ulasan dr Kak Basrah, terima kasih ya. PLN Mobile bs jadi solusi yg tepat utk penuhi kebutuhan listrik pelanggan. Apk ini cocok banget digunakan buat kamu yg ga mau ribet, karena mudah diakses dan informasi yang jelas. Yuk, ajak temen dan sahabat Kk utk download PLN Mobile. :) -FE",2025-12-12 01:15:02,5.2.75,pln kampar terbaik pelayanan terbaik dan cepat tanggal nyala nyala
193cc74f-ff21-449d-bddd-c531970cabc5,TRI WDYASTORO,https://play-lh.googleusercontent.com/a-/ALV-UjUgXNBNKjMFc9P8m8Cm3Fi95IvWTm7OLoe6jxVPSxQNgR11Unc2,"sangat memudahkan sekali, PLN jaya. .....😁👍......... 👍.......🙏.......",5,0,5.2.75,2025-12-11 07:28:48,"Terima kasih ya Kak atas feedback dan supportnya. Kami akan terus berusaha memberikan yg terbaik dan feedback yang kakak berikan, akan kami jadikan masukan agar lebih baik kedepannya. Hai kak, kamu bisa urus perihal kelistrikan lewat smartphone-mu, dari mana saja dan kapan saja via aplikasi PLN Mobile. Trims ya Kak. -ME
",2025-09-03 06:18:36,5.2.75,sangat memudahkan sekali pln jaya
5227678e-9542-41db-af6a-db47eb8713d2,Isaura Saidah,https://play-lh.googleusercontent.com/a/ACg8ocLEIL8IlTUEY5mc8NlzR7B0aS-6T3GVhyti2AHA8Et17J2L7Q=mo,sangat memudahkan untuk permohonan2 makasih pln,5,0,5.2.75,2025-12-11 07:28:27,"Thanks ya Kak Isaura udah jadikan PLN Mobile sebagai andalan Kk. PLN Mobile dirancang utk pelanggan biar bisa hemat waktu. Sekarang, transaksi tinggal klik-klik, langsung selesai. PLN Mobile emang cocok jadi teman setia urus kebutuhan listrik kamu. Yuk ajak keluarga dan kerabat buat download PLN Mobile. Sehat selalu ya. :) -FE",2025-12-12 01:14:30,5.2.75,sangat memudahkan untuk permohonan2 makasih pln
ce0b5207-f16e-47c1-8b72-d99a311abbf2,Hamdan Paibo,https://play-lh.googleusercontent.com/a-/ALV-UjVLT4tTyaNV4HTvMsSY58RPOUtUOvDvCHLXycCBqBXhO1fzwiOA,Sebuah aplikasi yg mantap memudahkan buat laporan,5,0,5.2.75,2025-12-11 07:26:09,"Halo Kak Hamdan. Makasih yah buat bintangnya, semoga kamu selalu nyaman menggunakan PLN Mobile. Ayo ajak keluarga/teman/kerabat untuk mendownload PLN Mobile dan nikmati kemudahannya. Salam PLN Terbaik. -WY",2023-11-03 16:37:52,5.2.75,sebuah aplikasi yg mantap memudahkan buat laporan
e8260602-3c09-41d4-a432-4d5ce14d4031,ariana ariana,https://play-lh.googleusercontent.com/a/ACg8ocJylL7VsHn3Gp3S3KpxEKCk3CGmvuLdTWO_Tf74ivpQgS3x6w=mo,"PLN Mobile memudahkan saya untuk mengecek penggunaan listrik dan tagihan. User-friendly dan tidak perlu keluar rumah, cukup buka aplikasi saja!",5,0,,2025-12-11 07:25:57,"Bisa aja nih Kak Ariana, terima kasih ya udah akses layanan yang ada di PLN Mobile. Aplikasi ini ditujukan utk memudahkan pelanggan setiap saat. Kk bisa nih ajuin pasang baru atau tambah daya lewat fitur yang ada di PLN Mobile. Yuk, rekomendasikan PLN Mobile ke keluarga & ajak mereka buat download aplikasinya. Tks. -FE",2025-12-12 01:13:10,,pln mobile memudahkan saya untuk mengecek penggunaan listrik dan tagihan user friendly dan tidak perlu keluar rumah cukup buka aplikasi saja
ce8f3334-0193-4637-abd8-e19e19ce4291,Ananda Yuwan,https://play-lh.googleusercontent.com/a/ACg8ocJh8D4TOBAaQSb4eqedoFj0c0hLDYeW67IX0-QDuGj6Ve5cfw=mo,"setelah laporan ,tidak lama langsung di tangani. pengerjaan cepat. sukses PLN",5,0,5.2.75,2025-12-11 07:25:26,"Halo Kak Ananda, terima kasih ya udah jadi pengguna PLN Mobile. Lewat PLN Mobile, semua transaksi tinggal klik-klik, langsung selesai. PLN Mobile emang cocok jd sahabat setia urusan listrik kamu. Kuy rekomendasiin ke keluarga dan kerabat kamu juga ya buat gunain PLN Mobile. Have a great day. :) -FE",2025-12-12 01:12:50,5.2.75,setelah laporan tidak lama langsung di tangani pengerjaan cepat sukses pln
e37c69e2-88f6-4c6e-b63d-44fea8417030,ughang kampuang,https://play-lh.googleusercontent.com/a-/ALV-UjUM9vx2n25_bjIMb8un1mPXBhQ09GOmwPYUrQh40I37Urv2yFA,pln mobile sangat membatu pelanggan dalam transaksi,5,0,,2025-12-11 07:25:12,"Halo Kak, makasih ya udah jadi pengguna setia PLN Mobile. Apk ini diciptakan utk memudahkan pelanggan setiap saat. Memberikan pelayanan terbaik jadi prioritas kami demi kenyamanan pelanggan. Semoga PLN Mobile tetap jadi andalan Kk penuhi kebutuhan listrik ya. Tunggu apa lagi, cus ajak sahabat kamu utk download PLN Mobile. Tks. -FE",2025-12-12 01:12:38,,pln mobile sangat membatu pelanggan dalam transaksi
432e4a95-9d66-4fd8-9862-fe1a89578b65,Neni Herlina,https://play-lh.googleusercontent.com/a/ACg8ocKDvYPIuxqo_9Ui58VwWC4jT5M5JxUuRYJtid2JggQuwEQWtQ=mo,adanya apk pln mobile lebih mufah berhubungan dgn pln pln mobile mantap,5,0,5.2.75,2025-12-11 07:24:42,"Wih, makasih banyak ya Kak Neni atas ulasan dan rating yang diberikan. Yuk nikmati trs fitur-fitur yang ada di PLN Mobile. Beli token, bayar tagihan sampai catat meter mandiri, semua bisa diakses dari rumah, enak banget kan. Ajak keluarga dan kerabat utk download PLN Mobile jg ya. Semoga harinya menyenangkan. :) -FE",2025-12-12 01:12:20,5.2.75,adanya apk pln mobile lebih mufah berhubungan dgn pln pln mobile mantap
29a58044-0b5d-436a-b169-53e75c97bf8d,rosalinda verina intan,https://play-lh.googleusercontent.com/a/ACg8ocKiJuquz63xk3jFSHaI8-ydu0aEhDxu4jhyR3q-N2nDhRXsZA=mo,"pln mobile aplikasi yang sangat bermanfaat meudHkan pelanggan mengurus kelistrikan,mudah melaporkan gangguan",5,0,,2025-12-11 07:24:11,"Hai Kak Rosalinda, makasih ya untuk ulasan yang udah diberikan buat PLN Mobile. Dengan apk ini, semua kebutuhan listrik jd makin praktis. PLN Mobile hadir utk pelanggan biar lebih hemat waktu dan tenaga. Ajak teman Kk yuk buat jadi pengguna setia PLN Mobile. Have a nice day. :) -FE",2025-12-12 01:11:32,,pln mobile aplikasi yang sangat bermanfaat meudhkan pelanggan mengurus kelistrikan mudah melaporkan gangguan
f21518f1-09e1-4e28-85b0-a0d4086229b8,Ardhy Amsyah04,https://play-lh.googleusercontent.com/a-/ALV-UjUd53-sDlUHp6VazXXAgXV-C7QSRSCyrHFFrcROnqkmnombH00,sangat bermanfaat,4,0,5.2.75,2025-12-11 07:23:42,"Makasih banyak ya Kak Ardhyatas ulasannya. Senang sekali mendengar kalau PLN Mobile sangat bermanfaat buat Kk. Apresiasi besar dari mimin untuk dukungan Kk selama ini. Bila berkenan, yuk bantu mimin dengan update rating ke 5 bintang supaya kami makin semangat meningkatkan layanan. :) -YA",2025-12-11 07:33:49,5.2.75,sangat bermanfaat
445c4e3b-a4e2-4975-9a12-7e68af9612f4,Vivo rokan,https://play-lh.googleusercontent.com/a/ACg8ocIckC-LmaXM_0DC6xdXSSFnKna09qU_IU4hBokjJYkgbAKeLA=mo,"Petugas PLN ramah &cepat tanggal, sangat membantu",5,0,,2025-12-11 07:23:06,Makasih ya Kak atas ulasannya. Mimin seneng deh kalo PLN Mobile bisa jadi aplikasi andalan bantu urusan listrik kamu. Yuk ajak teman dan sahabat kamu untuk download PLN Mobile. Semoga harinya menyenangkan. :) -FE,2025-12-12 01:11:16,,petugas pln ramah cepat tanggal sangat membantu
040b83e1-9565-4f0d-840b-62f21c967dc9,zeksi zeksi,https://play-lh.googleusercontent.com/a-/ALV-UjWE7PA-dcqsakfcIXl9kdQatpCRlKUUKNOrp2tC423JoB2blR7P,"Aplikasi pln mobile begitu membantu,dan memudahkan transaksi pembelian token,dan sangat memudahkan kebutuhan lainnya.",5,0,5.2.75,2025-12-11 07:22:42,"Halo Kk Zeksi. Thanks ya Kak penilaiannya, cus rekomendasi ke tmn2 kmu juga ya Kak buat gunain PLN Mobile. Ditunggu update info dan promo lainnya ya Kak, dapat dilihat di menu Promosi & Informasi. Stay Healthy. -WY",2025-09-05 16:10:06,5.2.75,aplikasi pln mobile begitu membantu dan memudahkan transaksi pembelian token dan sangat memudahkan kebutuhan lainnya
cad694a7-10f4-4c09-8fed-2a3353ae6cd3,palas kiri,https://play-lh.googleusercontent.com/a/ACg8ocJ0Wwc1xCul5QhXcMjZ8d6Up42V1tmO1TJhX8QztKGVSy7K-A=mo,aplikasi yang baguss mudah sekali melapor gangguan petugas cepat datang,5,0,,2025-12-11 07:22:31,Terima kasih Kak udah share pengalaman pakai PLN Mobile. Mimin ikut senang kalau urusan listrik Kk jadi terbantu dengan adanya PLN Mobile. Semoga PLN Mobile terus jadi pilihan utama Kk ya. Tks. -FE,2025-12-12 01:10:11,,aplikasi yang baguss mudah sekali melapor gangguan petugas cepat datang
00ca92f9-8b99-437c-8b11-b638838c29fc,Rendra,https://play-lh.googleusercontent.com/a/ACg8ocLOIWrCVu6eXz_IiqaQnYWGz7V74tHA4URBHdM7pM_lfjYPlg=mo,Aplikasinya memudahkan untuk melakukan transaksi dan pengaduan tanpa harus ke kantor PLN,5,0,,2025-12-11 07:22:24,"Hai Kak Rendra, terima kasih ya udah akses fitur yang ada di PLN Mobile. PLN Mobile hadir untuk pelanggan atasi masalah listrik. Sekarang, ga perlu khawatir lagi kalo token listrik di rumah udah mau abis. Tinggal klik-klik, langsung dapat nomor tokennya. Yuk, ajak orang-orang terdekatmu buat download PLN Mobile. Tks. -FE",2025-12-12 01:02:30,,aplikasinya memudahkan untuk melakukan transaksi dan pengaduan tanpa harus ke kantor pln
18dbb444-95c2-41a0-9523-ceffb3d99754,Darmansyah Den,https://play-lh.googleusercontent.com/a-/ALV-UjXjDol8L5Yp0ZfNspmZNXk0Cl5I2FGMpF0pncBNCQjNHYqMz4W-,rubah daya di PLN mobile mudah,5,0,,2025-12-11 07:22:18,Thanks atas apresiasinya ya Kak Darmansyah. PLN Mobile diciptakan buat bikin semua layanan listrik jadi lebih praktis & efisien. Gak perlu repot lagi karena semua dalam genggaman. Yuk ajak teman/sahabat Kk untuk download PLN Mobile dan nikmati kemudahannya. Tks. -FE,2025-12-12 01:02:16,,rubah daya di pln mobile mudah
d24296a4-19d8-459f-86e0-9103302ab1e7,Ziyadatul Hoir,https://play-lh.googleusercontent.com/a/ACg8ocLtp1vk_665LLCbRloEB2OKzTFKqvVF8pVqxxsjUjgqZYMDcQ=mo,pln ok,5,0,5.2.75,2025-12-11 07:21:59,"Makasih banyak ya Kak Ziyadatul atas ulasannya. Feedback dari Kk bantu kami utk terus meningkatkan pelayanan kepada pelanggan. Semua kebutuhan & informasi tentang kelistrikan bs diakses via PLN Mobile dari smartphone Kk. Yuk rekomendasiin PLN Mobile ke teman, keluarga dan sahabat Kk, karena di PLN Mobile banyak promo menarik. Tks. -FE",2025-12-12 01:01:52,5.2.75,pln ok
b47443a4-e2ea-485d-8131-7a592607ed83,Arham,https://play-lh.googleusercontent.com/a/ACg8ocJ62XkSYaMwKL_2LBpWCuSs0UkNb0hO3-cRgLGU_iee1CF_aff7=mo,"PLN mobile banyak fiturnya, lengkap deh. PLN mobile semua makin mudah..😁😁😁",5,0,5.2.53,2025-12-11 07:21:55,"Yuhu Kak Steven. Makasih yah buat bintangnya, semoga Kakak selalu nyaman menggunakan PLN Mobile. Nikmati jg fitur penyambungan baru & tambah dayanya ya Kak, semua mudah dalam satu genggaman. Stay Healthy. -MI",2025-08-27 17:15:36,5.2.53,pln mobile banyak fiturnya lengkap deh pln mobile semua makin mudah
4119f978-a096-43ad-8f44-8c95ef6efd26,Malik Intan,https://play-lh.googleusercontent.com/a-/ALV-UjXhoPntp_kYWDcVV8iFIjUHKEyFljCa2NtMj7bvpfcyFQ0VUGk,Terbaik 👍,5,0,,2025-12-11 07:21:09,"Hai Kak Malik, makasih ya untuk ulasan positif yang diberikan. Dengan PLN Mobile, semua kebutuhan listrik jadi makin mudah terpenuhi lewat fitur-fitur unggul yg mudah diakses. Yuk ajak keluarga dan kerabat terdekatmu untuk download PLN Mobile. Semoga harinya menyenangkan. :) -FE",2025-12-12 01:01:39,,terbaik
88c23d28-6826-4788-a7ab-743e0c2accea,Rahman Pratama,https://play-lh.googleusercontent.com/a-/ALV-UjUJryfoV4f1IKMKxxSvEGy1aUQiu1d-j1ryfQzqYROTzDGdtPmV,Pln mobile sangat bermanfaat,5,0,,2025-12-11 07:20:16,"Wah, seneng banget denger Kak Rahman bisa ngerasain kenikmatan dr PLN Mobile. PLN Mobile emang paling enak, semua bisa selesai dalam satu genggaman. Yuk bagikan pengalaman pakai PLN Mobile & ajak teman-temannya buat download aplikasinya. Semoga PLN Mobile tetap jadi andalan Kk penuhi kebutuhan listriknya ya. :) -FE",2025-12-12 01:01:20,,pln mobile sangat bermanfaat
15041850-4a0f-45d6-a471-fe3a6ee72669,asep heriyanto,https://play-lh.googleusercontent.com/a/ACg8ocIigO1JU3VitWbxTn3153Ci-ATUWGgqX_2c_KKi_rJlHi2HXA=mo,sangat bagus,5,0,5.2.75,2025-12-11 07:18:56,Terima kasih ya Kak Asep udah berbagi pengalaman menggunakan PLN Mobile. Mimin ikut senang kalau urusan listrik Kk jadi terbantu dengan adanya PLN Mobile. Ajak sahabat dan keluarga kamu yuk buat pakai PLN Mobile. Semoga PLN Mobile terus jadi pilihan buat Kk ya. Tks. -FE,2025-12-12 00:59:54,5.2.75,sangat bagus
2e79ddbf-4894-44f9-bf09-f68541ea7030,Manzur Ptk,https://play-lh.googleusercontent.com/a/ACg8ocLIFVtV9sgxp0zNXWspWJ1EeGbmjvVJU7of-erX5uPThIMhGw=mo,terimakasi PLN atas imavrasi kemudahan dalam urusan kami..,5,0,5.2.75,2025-12-11 07:18:08,"Hai Kak Manzur, thanks ya atas ulasan yg udah diberikan. Di era modern sekarang, PLN Mobile emang cocok jadi pilihan untuk penuhi kebutuhan listrik kamu. Yuk manfaatin fitur-fitur yg ada di PLN Mobile dan nikmati kemudahannya. Ajak juga teman dan sahabat dekat Kk buat download PLN Mobile ya. Tks. -FE",2025-12-12 00:59:10,5.2.75,terimakasi pln atas imavrasi kemudahan dalam urusan kami
e6fe5c2b-247b-42bb-ab2b-0a57891fe745,Iqbal Ilhamni,https://play-lh.googleusercontent.com/a/ACg8ocKvAG0MQfKqKfncY40N7mrWWCtPrX0v1i7XZmPIgcJ8qRhF1g=mo,baik saran nya lebih ditambahkan,5,0,5.2.75,2025-12-11 07:17:25,"Hai Kak Iqbal, terima kasih ya udah akses fitur yang ada di PLN Mobile. PLN Mobile hadir untuk pelanggan atasi masalah listrik. Sekarang, ga perlu khawatir lagi kalo token listrik di rumah udah mau abis. Tinggal klik-klik, langsung dapat nomor tokennya. Yuk, ajak orang-orang terdekatmu buat download PLN Mobile. Tks. -FE",2025-12-12 00:58:56,5.2.75,baik saran nya lebih ditambahkan
20edcde3-de31-4bf5-8041-dae5e4faff70,Chamid Pln,https://play-lh.googleusercontent.com/a/ACg8ocLr35vVM0hhdfmgKVap7lQW6GxUX4ptD6vmjmxjqPe4-tytEw=mo,pln mobile semakin lancar 👍👍,5,0,5.2.75,2025-12-11 07:17:25,"Siap Kak, maaciiw ya udah puas gunakan PLN Mobile. Untuk saat ini PLN Mobile sudah menyediakan fitur pembatalan pengaduan berikut langkah2nya : Klik profile - daftar riwayat - pangaduan - pilih no lapor yang akan dibatalkan - klik batalkan pengaduan. Sukses buat Kakak yah -FN
",2025-09-12 06:10:10,5.2.75,pln mobile semakin lancar
d7c807c5-9552-4a26-a591-75a09353231d,owyip,https://play-lh.googleusercontent.com/a-/ALV-UjVeNaI7xJiAt9j6OUtSZJFI5X0rmrdFRPeF-j5BwX-GZ629V-8,Pln mobile sangat mempermudah saya dalam beli token. Mantap sekali pokoknya,5,0,,2025-12-11 07:16:45,"Mimin seneng banget deh kalo PLN Mobile udah jadi andalan Kk. Thanks ya udh jd pelanggan digital kami. PLN Mobile dirancang buat kamu yang ingin cepat dan praktis. Informasi tersaji dengan jelas dan fitur yg kekinian, menjadikan PLN Mobile nyaman utk digunakan. Yuk, rekomendasiin PLN Mobile ke teman dan kerabat Kk. :) -FE",2025-12-12 00:58:44,,pln mobile sangat mempermudah saya dalam beli token mantap sekali pokoknya
bfc834ad-28f7-46ab-bf11-da4d80979e65,Akbar Channel (Akbar),https://play-lh.googleusercontent.com/a/ACg8ocIWOCOlA1wWNC_-fJoESkylWo8ah2nvHypyh6Gjgvh4b09lPG0=mo,sangat membantu,4,0,,2025-12-11 07:16:20,"Thanks atas feedbacknya, Kak Akbar. Masukan positif dari Kk benar-benar jadi penyemangat kami. PLN Mobile memang dirancang agar Kk bisa urus kebutuhan listrik dengan lebih praktis & efisien. Kalau berkenan, yuk bantu update ratingnya ke 5 bintang. Ajak juga teman serta keluarga buat pakai PLN Mobile, biar mereka ikut merasakan kemudahannya. :) -YA",2025-12-11 07:20:54,,sangat membantu
0f47b7f2-e914-4d5f-8b53-6b1ef4bdb870,Edi Sugianto,https://play-lh.googleusercontent.com/a/ACg8ocKip4Dh4Z-uUr9iSLBlS8SNlcunpSYVVp0IB_TNpdHi7D-7og=mo,layanan cepat dan bagus,5,0,5.2.75,2025-12-11 07:16:02,Bisa aja nih Kak Edi. Btw makasih ya Kak untuk feedbacknya. Ayo ajak keluarga/teman/kerabat untuk mendownload PLN Mobile dan nikmati kemudahannya. Salam PLN Terbaik. -YA,2025-10-08 23:39:47,5.2.75,layanan cepat dan bagus
55f9352a-7e95-45c4-ac52-01bf2727abf9,Registrasi PLN,https://play-lh.googleusercontent.com/a-/ALV-UjXLun-8CUEqtyOJVWeh5lodsJ_dfi2ZdfgY4tPBgoGJ51j-Ixg,Aplikasi sangat bermanfaat,5,0,,2025-12-11 07:15:11,Terima kasih Kak udah berbagi pengalaman menggunakan PLN Mobile. Mimin ikut senang kalau urusan listrik Kk jadi terbantu dengan adanya PLN Mobile. Semoga PLN Mobile terus jadi pilihan utama Kk ya. Tks. -FE,2025-12-12 00:57:43,,aplikasi sangat bermanfaat
45111046-23bc-4cfb-b85d-eb9bbb96631b,Janoko Kembar,https://play-lh.googleusercontent.com/a/ACg8ocJUIznQhLb3aL_4Tq8SQXrMjxlSHr8vfapOoefy5f2cO269mA=mo,mantap pak pln,5,0,,2025-12-11 07:12:51,"Hai Kak Janoko, terima kasih utk rating terbaik dan ulasan yg udah diberikan ya. Yuk manfaatin fitur yang ada di PLN Mobile, seperti tambah daya atau pasang baru. Dengan PLN Mobile, aktivitas Kk jd lebih cepat dan praktis. Jangan ragu buat ajak teman-teman dan sahabat Kk untuk download PLN Mobile juga ya. Tks. -FE",2025-12-12 00:54:49,,mantap pak pln
066d4d7f-2dc2-486d-8885-f2e8add6d595,Hobbies Workshop (Rudy Guns),https://play-lh.googleusercontent.com/a-/ALV-UjXFHoCHsbTxsdOANXVykUXKCIja_dd4RMB3rb0LZ-z9WSmDNV0k,mantap,5,0,5.2.75,2025-12-11 07:12:27,Wih mantap banget nih ulasan dari Kk. Makasih ya atas kepercayaannya terhadap layanan PLN Mobile. Kepercayaan pelanggan jd motivasi bagi kami utk terus berikan pelayanan terbaik lewat platform digital yg ada. Semoga PLN Mobile tetap jd andalan Kk penuhi kebutuhan listriknya ya. Have a nice day. :) -FE,2025-12-12 00:54:16,5.2.75,mantap
095881c0-e055-4242-839d-721cdf24b5ac,Adam Aslam,https://play-lh.googleusercontent.com/a/ACg8ocIaGHzx2-JE3IkmxZrhoWYa5NSOVWGkpNZHdYxydJ05torSgA=mo,mantap,5,0,,2025-12-11 07:12:22,"Halo Kak Adam, makasih ya udah kasih kepercayaan terhadap PLN Mobile. Di era modern ini, layanan platform digital sudah menjadi pilihan yang tepat atasi permasalahan yg ada. PLN Mobile cocok utk digunakan bagi siapa saja yang ingin solusi cepat dan tepat. Yuk, langsung aja rekomendasiin PLN Mobile ke orang-orang terdekat Kk. Tks. -FE",2025-12-12 00:53:50,,mantap
eef4f933-98a2-47f3-bc74-647e73208537,mia angraini,https://play-lh.googleusercontent.com/a/ACg8ocKBgS2wRAd7a-wULspVs4Oj38u8zEJbaYaeVL7bL49aCkCYaQ=mo,sangat membantu dan respon cepat..terimakasih PLN,5,0,,2025-12-11 07:11:02,"Terima kasih ya Kak Mia udah jadi pengguna PLN Mobile. Seneng banget liat PLN Mobile udah jadi solusi buat Kk. PLN Mobile hadir biar kamu bisa atur kebutuhan listrik dengan bebas, aman dan nyaman. Yuk, ajak teman dan sahabat Kk buat download aplikasi PLN Mobile. Sehat selalu ya Kak. :) -FE",2025-12-12 00:53:16,,sangat membantu dan respon cepat terimakasih pln
b8c4ed01-a07f-4a6a-9ba3-7c05365c43eb,ajib maksudi,https://play-lh.googleusercontent.com/a/ACg8ocLnRChGcdlvfkw4vB6E_wmdL6C9M7SkLMFf8eTmyRqytbL8_g=mo,siap,5,0,,2025-12-11 07:10:47,"Thanks ya Kak Ajib udah kasih ulasan dan rating terbaik buat PLN Mobile. PLN Mobile menyajikan fitur-fitur yg punya fungsinya masing-masing. Kk bs gunain fitur-fitur tsb utk mendapatkan kemudahan dlm aktivitas listriknya. Kalo mau beli token, langsung aja buka apk PLN Mobile, semua bs beres dlm sekejap. :) -FE",2025-12-12 00:52:57,,siap
e4481876-a972-4e67-a520-9c1ae36fdbc4,Andreas XiXi,https://play-lh.googleusercontent.com/a/ACg8ocJZXYPHMZpkwzuChuYks0ctfTrux6K9Pwp_uM10-HOu2-X-YA=mo,"Mantap, memudahkan pelanggan dalam daftar pasang baru",5,0,5.2.75,2025-12-11 07:10:03,"Halo Kak Andreas. Terima kasih Kak sudah memberikan rating cantiknya untuk aplikasi PLN Mobile. Baju polkadot, merah warna celananya, cakep. Hey Kakak jangan lupa saranin download, ke temen temen dan sadayana. Stay safe Kak -FH",2023-07-20 09:47:37,5.2.75,mantap memudahkan pelanggan dalam daftar pasang baru
a4776bd2-7df5-4c1f-8988-460dfa9a1cce,Nur Fadillah,https://play-lh.googleusercontent.com/a/ACg8ocLGds_J79BHTBqI4WIyFFmLPjdO8cnueVHOjEd0mMjplPzPYQ=mo,baik,5,0,,2025-12-11 07:09:10,"Thanks udah kasih ulasan dan rating maksimal utk PLN Mobile ya, Kak Fadillah. Lewat PLN Mobile, semua transaksi bisa dilakukan dgn cepat & mudah. Bayar tagihan listrik sampai beli token, semua bisa dilakukan via PLN Mobile. Yuk beli tokennya via aplikasi PLN Mobile ya, karena banyak metode pembayaran yg bisa dipilih. Tks. -FE",2025-12-12 00:51:23,,baik
c794fe0d-8e05-4e77-b5c7-a56420c44208,Kolor Balap,https://play-lh.googleusercontent.com/a/ACg8ocI3giy5BNVSlUje-gawiDNz9ja7rqK8isxeLU4IKrRlX_VoLw=mo,Dengan pln Mobile sangat membantu kmi dlm mengadu gangguan,5,0,5.2.75,2025-12-11 07:08:47,"Halo Kak, makasih ya udah jadi pengguna PLN Mobile. Kini, kebutuhan listrik pelanggan bisa terpenuhi hanya dengan sentuhan layar smartphone. Selain utk bisa bayar listrik, Kk juga bisa nih cek biaya pasang baru atau tambah daya dr PLN Mobile. Semoga pengalaman pakai PLN Mobile selalu menyenangkan ya. :) -FE",2025-12-12 00:50:24,5.2.75,dengan pln mobile sangat membantu kmi dlm mengadu gangguan
efad268b-2739-48ce-b2fb-376c2bf15661,Slamet Supriadi,https://play-lh.googleusercontent.com/a/ACg8ocJXpW7C-xlAuJlA4FhN2ngma43drIY6ELfXbUsU0JkGUIAgKQ=mo,bahagia nya PLN menerangi pelanggan nusantara,5,0,,2025-12-11 07:08:26,"Pagi Kak Slamet, terima kasih utk rating terbaik dan ulasan yg udah diberikan ya. Yuk manfaatin fitur yang ada di PLN Mobile, seperti tambah daya atau pasang baru. Semoga dgn PLN Mobile, aktivitas Kk jd lebih cepat dan praktis. Jangan ragu buat ajak teman-teman dan sahabat Kk untuk download PLN Mobile juga ya. Tks. -FE",2025-12-12 00:50:00,,bahagia nya pln menerangi pelanggan nusantara
906e1513-fa3f-40f6-8bdb-f0430f23db86,Muhammad Rizki,https://play-lh.googleusercontent.com/a/ACg8ocKKqp2jJigsnygrbe9r52sxPjWWIPu6cibuXAM1JjhL7ozn6w=mo,"mantap akun nya, saya suka dengan pelayanan nya",5,0,,2025-12-11 07:07:23,"Terima kasih ya Kak Rizki udah kasih rating terbaik buat PLN Mobile. Mimin seneng deh kalo fitur-fitur yg ada di PLN Mobile bisa bantu aktivitas listrik kamu. Semoga PLN Mobile tetap jadi pilihan utama dalam memenuhi kebutuhan listrik Kk ya. Tunggu apa lagi, yuk ajak orang-orang terdekat kamu buat download PLN Mobile. Tks. -FE",2025-12-12 00:48:49,,mantap akun nya saya suka dengan pelayanan nya
d140e1a7-46e4-4415-ae32-552b7f4d369e,Jona Pulamau,https://play-lh.googleusercontent.com/a/ACg8ocLUIbuj7ecvvWAVvfJO4dmlsNgNNqn0xYOiomjdRk4ul6P67w=mo,pekerjaan yang cepat dan bagus,5,0,5.2.75,2025-12-11 07:06:39,"Hai Kak Jona, terima kasih ya sudah setia dengan layanan digital kami. PLN Mobile hadir biar urusan kamu jadi lebih mudah dan cepat. Dengan PLN Mobile, kamu bebas mengatur kebutuhan listrik dengan aman dan nyaman. Yuk rekomendasikan ke sahabat terdekat Kk untuk download PLN Mobile. Sehat selalu ya Kak. :) -FE",2025-12-12 00:47:57,5.2.75,pekerjaan yang cepat dan bagus
910bad5d-6fc3-4a0d-9bba-b70713316976,Djumanno Manno,https://play-lh.googleusercontent.com/a/ACg8ocI9iXi9wx9TIa5xZ2j5yozPXhSoVL4Kb1f-PoAK1OY7lALqJQ=mo,pln selalu membuat tersenyum pelanggan,5,0,5.2.75,2025-12-11 07:05:50,"Terima kasih Kak udah jadi bagian dari pengguna keren PLN Mobile. Fitur-fitur praktisnya kami hadirkan biar kamu gak ribet lagi ngurus listrik. Semoga PLN Mobile terus jadi teman setia kamu. jgn nikmatin kemudahan PLN Mobile sendirian dong. Ajak teman-teman kamu juga cobain. Ada promo, ada solusi, semua di satu aplikasi. Stay cool yaa. -SH
",2025-10-10 08:32:22,5.2.75,pln selalu membuat tersenyum pelanggan
330cb551-be8b-40fd-93df-71b01efd5a36,Jeni Suharyanto,https://play-lh.googleusercontent.com/a/ACg8ocKhC9HSq6Bmnta-HOAs6xKAEDoU_4G8Uum0MmCSqU4cADBscA=mo,pln mobile mantap sangat membantu sekali,5,0,5.2.75,2025-12-11 07:05:41,"Halo Kak Jeni, thanks ya utk ulasan positif yg udah diberikan. PLN Mobile buat urusan listrik jadi lebih mudah dan praktis. Memaksimalkan pelayanan menjadi prioritas kami demi menjaga kepercayaan pelanggan. Yuk, ajak keluarga dan kerabat Kk buat jadi pengguna PLN Mobile. :) -FE",2025-12-12 00:46:43,5.2.75,pln mobile mantap sangat membantu sekali
404f5c54-28a8-4715-9580-9650844b8203,Eko Fitriatno Walluyo,https://play-lh.googleusercontent.com/a-/ALV-UjXAjjvp6ssfavXhwj-29rRbKg32ZjxpTppZWLSefJgrh-Ch7wwt,Thank's PLN ... mudah & cepat dgn menggunakan PLN mobile 👍👍👍,5,0,5.2.75,2025-12-11 07:05:41,"Halo Kak Eko, Makasih yah buat bintangnya, semoga kamu selalu nyaman menggunakan PLN Mobile. Untuk mengetahui no Token, kaka dapat melihat pada menu riwayat pembelian token aplikasi PLN Mobile ya. Salam sehat selalu -KP",2025-08-13 01:21:36,5.2.75,thank s pln mudah cepat dgn menggunakan pln mobile
7d89f8d3-fee0-480c-9ea5-b07780412891,the fox,https://play-lh.googleusercontent.com/a-/ALV-UjXkQdG80V4EGdx-H_ms62yN8UI3xwC-4E0qtGXqysYQB_YU0HKJ,sangat membantu,5,0,5.2.75,2025-12-11 07:04:37,"Halo Kak, terima kasih buat apresiasi dan rating maksimal yg diberikan ya. Kalo Kk mau ajuin tambah daya, langsung aja gunain fitur yang ada di aplikasi PLN Mobile. Semua kebutuhan listrik bisa dipenuhi hanya dengan sentuhan layar smartphone. Jangan lupa diupdate ke versi terbarunya ya. :) -FE",2025-12-12 00:45:56,5.2.75,sangat membantu
b5f9dc6e-4afa-415f-b4e8-58468f9949e7,Yusuf Misbah,https://play-lh.googleusercontent.com/a/ACg8ocL12GtiXWOsNTolXHTMIXVzrc2uPH72iozsAJr4MwdgDongjw=mo,ok sudah bagus pelayanannya,5,0,5.2.75,2025-12-11 07:04:33,"Thanks ya Kak Yusuf atas ulasan dan kepercayaan yg udah diberikan. PLN Mobile bisa jadi solusi yang tepat utk penuhi kebutuhan listrik pelanggan. Aplikasi ini cocok banget buat kamu yg ga mau ribet, karena gampang diakses & sajikan informasi yg jelas. Ajak keluarga dan kerabat Kk jg yuk utk download PLN Mobile. Tks. -FE",2025-12-12 00:45:37,5.2.75,ok sudah bagus pelayanannya
6e10ff95-34a3-4ba5-9e9a-9ba591587bcc,Zainuddin Zainuddin,https://play-lh.googleusercontent.com/a-/ALV-UjXl9rwDGDiiD2cf2x-RQeMcrkYvDEN1Y5adFxaif-ymdztXK1XCRw,"aplikasi PLN mobile,terbaik untuk masyarakat 👍👍",5,0,5.2.75,2025-12-11 07:04:01,"Wah, terima kasih udah share pengalaman pakai PLN Mobile ya Kak Zainuddin. Mimin ikut senang kalo PLN Mobile udah bantu Kk atasi kendala listrik yang terjadi. Semoga dgn adanya PLN Mobile, semua aktivitas Kk jadi makin cepat dan praktis ya. Yuk ajak teman/sahabat/keluarga buat download PLN Mobile. Have a nice day. :) -FE",2025-12-12 00:44:34,5.2.75,aplikasi pln mobile terbaik untuk masyarakat
5f680892-6dd6-4de1-8ef7-12b4ebffe571,Amria Ladaini,https://play-lh.googleusercontent.com/a/ACg8ocKz_2gacRiu8TC8TlBe_H9ihAsiSkX5jC0oBkLMxyyQk5mK2Q=mo,pelayanan PLN sangat bagus dan merata seluruh indonesia,5,0,5.2.75,2025-12-11 07:03:11,"Makasih ya Kak Amria udah kasih rating terbaik dan setia dengan layanan PLN Mobile. PLN Mobile emang cocok dijadikan andalan utk atasi kendala listrik. Lewat fitur Pengaduan, petugas siap tanggap atasi masalah yg terjadi. Yuk, gunakan terus fitur-fitur yang ada di PLN Mobile ya. :) -FE",2025-12-12 00:44:02,5.2.75,pelayanan pln sangat bagus dan merata seluruh indonesia
ef69ca5d-78ed-470c-9fb0-d3162a82d69d,M.BEAUTY,https://play-lh.googleusercontent.com/a/ACg8ocLsaS_aFC5My63vTW-FQjItDx4MBA4ftpTaihXB4F36X3aIZw=mo,aplikasi pln mobil sangat membantu saya untuk pembelian token listrik,5,0,,2025-12-11 07:02:39,"Makasih banyak ya Kak udah download dan gunakan layanan yang ada di PLN Mobile. PLN Mobile hadirkan fitur-fitur kekinian yg gampang banget buat diakses. Ga cuma itu, di PLN Mobile juga ada informasi dan promo menarik yang ditawarkan loh. Tunggu apa lagi, kuy ajak bestie kamu untuk download PLN Mobile. Tks. -FE",2025-12-12 00:43:32,,aplikasi pln mobil sangat membantu saya untuk pembelian token listrik
9133e421-0ee4-4971-afcf-f6f035ee69fa,Muhammad Yurisyah,https://play-lh.googleusercontent.com/a-/ALV-UjW99h6acrNvJgHTzTfXFLNoWvCByqJPi5Lf2bh1Cif5Gu0OnkZV,sudah cukup baik tapi masih butuh pengembangan,5,0,5.2.75,2025-12-11 07:02:38,Thanks ya Kak Yurisyah udah kasih rating terbaik buat PLN Mobile. Mimin seneng deh kalo fitur-fitur yg ada di PLN Mobile bisa bantu aktivitas listrik kamu. Semoga PLN Mobile tetap jadi pilihan utama dan selalu kasih solusi terbaik buat kamu dalam memenuhi kebutuhan listriknya ya. Yuk ajak orang-orang terdekat buat download PLN Mobile. Tks. -FE,2025-12-12 00:43:18,5.2.75,sudah cukup baik tapi masih butuh pengembangan
ef40c830-fae9-48c3-a80a-1253fd45ebea,Belly kurnia Tri putra,https://play-lh.googleusercontent.com/a-/ALV-UjVzFA4SKQy4f8XUtzTk8Ge_Muah9DirD7ls0dWieh8d5D_HwzA,spklu di ULP bekasi kota top pelayanannya. mesin pengisian cepat. ramah ramah petugasnya. mantap,5,0,,2025-12-11 07:02:33,"Mimin seneng banget sama ulasan yang Kak Belly kasih, thanks ya udah setia dengan layanan kami. Kepercayaan yang Kk berikan bantu kami untuk terus memaksimalkan pelayanan kpd pelanggan. Semoga Kk terus mendapatkan kenyamanan saat menggunakan PLN Mobile ya. Jgn lupa ajak teman dan keluarga utk download PLN Mobile juga. Have a nice day. :) -FE",2025-12-12 00:42:05,,spklu di ulp bekasi kota top pelayanannya mesin pengisian cepat ramah ramah petugasnya mantap
2543a91f-a403-4ef8-bc0f-6be323761243,Pupu Juansyah,https://play-lh.googleusercontent.com/a/ACg8ocLtTfkPrl8LRZHGs7FPUxKwtwK5c4ITykfP_5Kc1sRBeIzxPw=mo,pasang baru di PLN mobile sangat mudah,5,0,5.2.75,2025-12-11 07:02:23,"Makasih ya Kak Pupu atas kepercayaannya terhadap PLN Mobile. Di era modern sekarang, layanan platform digital sudah menjadi pilihan yang tepat atasi permasalahan di segala kondisi. PLN Mobile cocok banget nih utk digunakan bagi yang mau solusi cepat dan tepat. Jangan ragu rekomendasiin PLN Mobile ke orang-orang terdekat Kk ya. Tks. -FE",2025-12-12 00:41:36,5.2.75,pasang baru di pln mobile sangat mudah
725e0845-5640-4630-9360-bea6f2665ef5,Cak Mur Apelabi,https://play-lh.googleusercontent.com/a-/ALV-UjVNcOlJAnc94Dvt2cWH-7uMq7d16jpeJ8VvMQygAryNtlUmuIo,Aplikasi sangat membantu.,5,0,5.2.75,2025-12-11 07:02:22,"Wih, senangnya PLN Mobile udah jadi andalan Kak Mur, makasih ya Kak. Yuk nikmati juga fitur-fitur lain yang ada di PLN Mobile. Semua bisa diakses bahkan sambil rebahan dari rumah, enak banget kan. Ajak juga keluarga dan kerabat Kk utk download PLN Mobile ya. Semoga harinya menyenangkan. :) -FE",2025-12-12 00:41:04,5.2.75,aplikasi sangat membantu
b5da3eab-0927-4aee-ba18-e54caf956f41,Lisna Kalina,https://play-lh.googleusercontent.com/a/ACg8ocKjFUfJy3PyiGNEXpQOL3LzN9UucYQ62ljdCZrFi6igtZ8GZQ=mo,aplikasinya bagus baik,5,0,5.2.75,2025-12-11 07:02:15,"Makasih banyak, Kak Lisna. Seneng deh PLN Mobile bisa bantu aktivitas Kakak. Semua layanan penting PLN sekarang ada di genggaman, bisa diakses kapan aja. Praktis, informatif, dan pastinya recommended. Yuk ajakin temen dan kerabat Kk utk install PLN Mobile. :) -YA
",2025-12-11 17:50:56,5.2.75,aplikasinya bagus baik
61f5150e-92f8-445d-90ff-dec0fdcea791,Yusran Yusran,https://play-lh.googleusercontent.com/a/ACg8ocLtxvpW-aRPcnCKZNeAB7baIpCEpRYjB0KWToIiWD9YwNQx9Q=mo,biaya admin pembelian token di PLN mobile termasuk murah,5,0,5.2.75,2025-12-11 07:02:15,"Thx udah kasih feedback positif, Kak Yusran. PLN Mobile emang jagonya bikin urusan listrik jadi gampang dari bayar, cek tagihan, sampai pengaduan, cukup dari HP. Praktis banget & fleksibel. Yuk ajakin temen dan kerabat Kk utk install PLN Mobile. :) -YA
",2025-12-11 17:50:25,5.2.75,biaya admin pembelian token di pln mobile termasuk murah
ecdfe2ca-3b05-42e0-b0ba-3109306cb635,Alwi _,https://play-lh.googleusercontent.com/a/ACg8ocImL6DKJYNgNj-HrXf9HRYjT4dWQGS6Om2O6OFv-vjV-VaKjQ=mo,aplikasi sangat membantu 👍,5,0,5.2.75,2025-12-11 07:02:05,"Thx sdh berikan ulasan & rating cantiknya, Kak Alwi. FYI nih kak, di PLN Mobile banyak banget promonya lho, Kaka bisa share ke Temen dan Keluarga ya. Keep safe. :) -YA
",2025-12-11 17:49:37,5.2.75,aplikasi sangat membantu
c9a29bd3-45c0-42ad-b2db-e8e17c3f1471,Bayu Pratama,https://play-lh.googleusercontent.com/a-/ALV-UjW1iRCMBQfxw4L1dHCjTQ9q6f9s_lPrym1L2nkJfFIJhba69Eej,"sangat bagus,memudahkan mengisi token👍",5,0,5.2.75,2025-12-11 07:01:08,"Pagi kak Bayu, terima kasih banyak atas review dan rating terbaiknya. Yuk, ajak juga teman-teman Kk untuk menggunakan PLN Mobile, biar mereka bisa merasakan kemudahan yang sama. Jangan lupa setia gunakan fitur-fitur praktis dari PLN Mobile ya. :) -YA",2025-12-11 17:48:46,5.2.75,sangat bagus memudahkan mengisi token
2e42e848-575e-40a4-8014-9533b12ed16b,Erna Rukmiati,https://play-lh.googleusercontent.com/a/ACg8ocJM7lSX3XB28K6htsjd1XHELERiCca6YB6dFuHJVAYuzwR-zQ=mo,terbaik,5,0,,2025-12-11 07:00:57,"Terima kasih Kak Erna atas pengalaman yang telah dibagikan selama menggunakan aplikasi PLN Mobile. Semoga selalu bermanfaat, dan jangan lupa untuk mengajak teman-teman Kk ikut menggunakan PLN Mobile juga ya. :) -YA",2025-12-11 17:48:16,,terbaik
ce520cbf-070f-445d-b4b0-c2b5625dda17,Sadarman Laia,https://play-lh.googleusercontent.com/a-/ALV-UjUTP4KZ5AfhXxGo7-51XKlrpPYe9ei3lOSrWbUipWcbE5TnAkxC,"Penggunaan aplikasi mudah, hanya saja kalau ada laporan dari masyarakat. Lama sekali pengandangan nya.",3,0,5.2.75,2025-12-11 07:00:41,"Kak Sadarman, sebelumnya mimin ucapkan terima kasih & mimin terima atas segala feedback dari Kk. Hal ini jd acuan buat mimin utk trs meningkatkan kualitas pelayanan yg semakin responsif ke depannya dlm melayani kebutuhan pelanggan. Kalu ada keluhan Kk yg blm mendapatkan penanganan, Kk tinggal infokan saja ke fitur Live Chat ya. Sehat selalu. :) -MF",2025-12-11 07:16:30,5.2.75,penggunaan aplikasi mudah hanya saja kalau ada laporan dari masyarakat lama sekali pengandangan nya
23ecb385-5ab7-41d6-ba52-d653313963b5,Ronggo Warsito,https://play-lh.googleusercontent.com/a/ACg8ocJUO_33WZlSjQ2DPtVa2-mE2EY7taR3jMTXyAIOls_3tbRUdw=mo,membantu...,5,0,5.2.75,2025-12-11 06:58:45,"Thx utk feedback & rating cantiknya ya, Kak Ronggo. Ayo ajak keluarga/teman/kerabat untuk mendownload PLN Mobile dan nikmati kemudahannya. Sehat & sukses selalu. :) -YA",2025-09-19 07:21:09,5.2.75,membantu
9a8d4273-e278-409a-b44e-ce48be43c4d3,efendi darmanto,https://play-lh.googleusercontent.com/a-/ALV-UjWWqqbYcR89cVnOMRFbtumSlnCm4KkaW9noBRKMbpKdgjwcD1g,sangat dipermudah,5,0,5.2.75,2025-12-11 06:58:34,"Thx utk feedback & rating cantiknya ya, Kak Efendi. Ayo ajak keluarga/teman/kerabat untuk mendownload PLN Mobile dan nikmati kemudahannya. Sehat & sukses selalu. :) -YA
",2025-12-11 17:47:02,5.2.75,sangat dipermudah
d4687894-18ca-42bf-af41-32ed95508461,SINGKAWANG KOTA,https://play-lh.googleusercontent.com/a/ACg8ocIv95_xZBnLLQX-H4qzzrWKh-SdP_u_OnG8IYmcAlJJ9s5U6g=mo,"mudah dalam pelaporan dan sangat cepat dalam menanggapi, tidak perlu keluar rumah dengan pln mobile.",5,0,,2025-12-11 06:58:13,Hallo Kakak. Terima kasih sudah memberikan rating cantiknya untuk aplikasi PLN Mobile. Mau pasang listrik sementara buat Pesta? Langsung ajah daftar di PLN Mobile. Stay Healthy. -RS,2025-08-03 10:38:24,,mudah dalam pelaporan dan sangat cepat dalam menanggapi tidak perlu keluar rumah dengan pln mobile
11fe4f03-dc02-4b78-ba31-5a53bc8a0386,Siti Rabiatul,https://play-lh.googleusercontent.com/a/ACg8ocJZDpAtWnMY8VbyRInc96u1_ltYoSb7AlhzD85VhpMU_wY0BA=mo,pln mobile sangat membantu saya untuk pembelian pulsa token listrik dan mempermudah proses naik daya BB listrik,5,0,5.2.75,2025-12-11 06:58:05,"Makasih banyak ya Kak Siti atas rating dan ulasannya yang kece. Dukungan Kakak bikin kami makin semangat kasih layanan terbaik lewat PLN Mobile. Mulai dari cek tagihan, beli token, sampai pengaduan jadi gampang banget. Share juga ke bestie ya, biar hidup makin praktis bareng. Sehat selalu. -YA",2025-07-21 13:23:28,5.2.75,pln mobile sangat membantu saya untuk pembelian pulsa token listrik dan mempermudah proses naik daya bb listrik
4a0ce67e-ff63-47d7-a7fa-76ff8b5f7d54,budi aman prasetyo,https://play-lh.googleusercontent.com/a/ACg8ocI5_qpU3GDgRNq0CD9wJmz_XXw1nticJwHDVu7prj0JdTro-A=mo,"sip & oke, terus di tingkatkan lgi app nya",5,0,5.2.45,2025-12-11 06:57:37,"Thx atas feedback juga berikan rating terbaiknya, Kak Budi. Cus rekomendasi ke tmn2 Kk buat gunain PLN Mobile agar memudahkan Kk utk penuhi kebutuhan listrik. :) -YA
",2025-12-11 17:46:39,5.2.45,sip oke terus di tingkatkan lgi app nya
8261f2c7-4245-43a6-b4bc-3cbe919dbc2d,Barista Change,https://play-lh.googleusercontent.com/a/ACg8ocIU3RXwubDjZWmTO6apLzdqfS6Gzcucfmfw42NNNhVxKo97zg=mo,Aplikasi ini sangat bagus bisa membantu dan sangat praktis,5,0,5.2.75,2025-12-11 06:57:37,"Terima kasih Kak sudah memberikan rating cantiknya untuk aplikasi PLN Mobile. Mimin jd makin semangat utk trs menghadirkan berbagai fitur menarik demi kemudahan layanan kelisrikan. Males buat keluar rumah hanya untuk bayar tagihan listrik, kuy rekomendasiin buat gunain PLN Mobile. Stay safe ya. :) -NN",2025-04-20 05:41:52,5.2.75,aplikasi ini sangat bagus bisa membantu dan sangat praktis
50681109-06ed-4f86-8001-e883702cd703,rifqifatkhur,https://play-lh.googleusercontent.com/a/ACg8ocLiBRZkpNSLWMEOPug0lGNVsvg_XXhO-IPA5zaTq7eN6U-RKA=mo,"pelayanan sangat memuaskan, pengajuan lebih cepat pakai PLN mobile...",5,0,5.2.75,2025-12-11 06:57:24,"Wah makasih Kak Rifqifatkhur, rating dan ulasannya bikin kami tambah semangat nih. Kami senang PLN Mobile bisa bantu urusan listrik jadi makin praktis. Karena hidup udah cukup ribet, urusan listrik jangan ikut ribet dong. Share juga ke sahabat dan keluarga ya. -YA",2025-12-11 17:46:12,5.2.75,pelayanan sangat memuaskan pengajuan lebih cepat pakai pln mobile
618f9896-9708-4b2a-9c07-6c580d0b84e4,Pandi,https://play-lh.googleusercontent.com/a/ACg8ocI8Gac2_kTfImz_NPWBNq4G9iEms9x9LSSpPx9clRyKypsSIQ=mo,PLN mobile sangat membantu di masalah kelistrikan,5,0,,2025-12-11 06:57:13,Terima kasih banyak Kak Pandi atas rating dan ulasannya yang bikin semangat. Senang banget PLN Mobile bisa jadi andalan buat semua kebutuhan listrik. Hidup makin mudah di ujung jari. Jangan lupa ajak orang terdekat download juga yaa. Sehat dan bahagia selalu. -YA,2025-12-11 17:45:49,,pln mobile sangat membantu di masalah kelistrikan
eaee8746-8ec8-401a-8337-0a18cde982e4,hartono tono,https://play-lh.googleusercontent.com/a-/ALV-UjXOARKN8o7VyMUuv1X5_gTpteKA-mCECM3NJ0oh5kC0qsq7lJE,pln mobile sangat baik dan mudah di gunakan,5,0,5.2.75,2025-12-11 06:57:13,"Makasih banyak ya Kak Hartono atas rating dan ulasannya yang kece. Dukungan Kakak bikin kami makin semangat kasih layanan terbaik lewat PLN Mobile. Mulai dari cek tagihan, beli token, sampai pengaduan jadi gampang banget. Share juga ke bestie ya, biar hidup makin praktis bareng. Sehat selalu. -YA",2025-12-11 17:45:27,5.2.75,pln mobile sangat baik dan mudah di gunakan
a938f4c6-ceed-4ab7-ac91-b1ca66f3fa60,Venan Jenarut,https://play-lh.googleusercontent.com/a/ACg8ocIBHGnQpL08jVT_GeRbORGuPznCDjM8K78UUaOgVv7CAt3aqw=mo,"terimakasih telah menyediakan aplikasi pengaduan.,semoga aplikasinya bermanfaat untuk saya.,apalagi saya sangat jauh dari jangkauan petugas PLN .,PLN terus semangat demi nusa dan bangsa.,PLN semakin jayah",5,0,5.2.75,2025-12-11 06:55:52,Bisa aja nih Kak Venan. Btw makasih ya Kak untuk feedbacknya. Manfaatkan fitur SwaCAM untuk melakukan Catat meter mandiri ya Kak. -YA,2025-12-11 17:43:52,5.2.75,terimakasih telah menyediakan aplikasi pengaduan semoga aplikasinya bermanfaat untuk saya apalagi saya sangat jauh dari jangkauan petugas pln pln terus semangat demi nusa dan bangsa pln semakin jayah
8ea2849a-f7cb-4a78-9776-64bea1243051,Bantarkalong,https://play-lh.googleusercontent.com/a/ACg8ocJCfCfKOhVkpKtFMQ81Eu-ihtMo1OY0yw9tPZqrE6CBQZuN7A=mo,PLN mobile sangat membantu sekali,5,0,,2025-12-11 06:55:22,"Halo Kak. Makasih udah suka & puas menggunakan PLN Mobile. Santuy besti, di aplikasi PLN Mobile kamu juga bisa beli produk yg kamu mau di menu Marketplace lo. Have a nice day. -YA
",2025-12-11 17:43:02,,pln mobile sangat membantu sekali
7d8c88fb-8727-40c6-8074-a75294b67684,Elisabeth Gala,https://play-lh.googleusercontent.com/a/ACg8ocJqxpzs7FnMD3PPnRtxAYuwnm2ylArqSorOln2sfnupiwe7Gg=mo,isi token semakin mudah melalui pln mobile,5,0,,2025-12-11 06:55:01,"Wah Makasih yaa Kak Elisabeth buat review & rating bintang 5 nya Mimin senang banget. Kini mengisi daya kendaran listrik anda dapat dilakukan dimana saja, temukan stasiun pengisian daya terdekat pada aplikasi PLN Mobile Mu. Have a great day. -YA",2025-12-11 17:14:05,,isi token semakin mudah melalui pln mobile
feeaa31e-da6f-46a1-b8f0-be7b48166117,Arfan Ramadhan,https://play-lh.googleusercontent.com/a/ACg8ocL65CDAjkHvkG85xlF00dh5fCxxUxV14D3l2oIrig3VJNxkag=mo,Aplikasi ini sangat bagus memudahkan saya untuk melakukan proses perubahan data listrik atau tambah daya listrik,5,0,5.2.75,2025-12-11 06:53:47,"Yuhu Kak Arfan. Mimin seneng deh kalo Kakak suka sama aplikasi PLN Mobile. Ayo manfaatkan fitur tambah daya pada PLN Mobile, Kamu bisa nih ubah daya pakai PLN Mobile. Praktis bangetkan. Trims ya Kak. -YA
",2025-12-11 17:13:08,5.2.75,aplikasi ini sangat bagus memudahkan saya untuk melakukan proses perubahan data listrik atau tambah daya listrik
ebdded0e-523e-4571-9df0-6de835a435d5,Nur Kholis,https://play-lh.googleusercontent.com/a/ACg8ocKD1fSoL5KK4anrzEJY5-SzDkT5RbhHyPgiHw-iPbXjjvN-_Q=mo,rubah daya di PLN mobile mudah,5,0,5.2.75,2025-12-11 06:53:43,"Hallo Kak Nur. Tks Kak penilaiannya, semoga semakin setia menggunakan PLN Mobile. Nikmati jg fitur penyambungan baru & tambah dayanya ya Kak, semua mudah dalam satu genggaman. Have a nice day. -YA",2025-12-11 17:12:48,5.2.75,rubah daya di pln mobile mudah
de3185c6-1a7d-44f1-874a-b179947452c6,Amel,https://play-lh.googleusercontent.com/a/ACg8ocIEkmfEy4WI_VRGZCNgehYQTjnBbFbVZpxR-fJnXJ4VuS2_lQ=mo,aplikasi PLN mobile sangat membantu kita dalam pelaporan catat meter dan masalah kWh meter aplikasi sangat cepat tanggap,5,0,5.2.75,2025-12-11 06:53:29,"Hi Kak Amel. Makasih yah buat bintangnya, semoga kamu selalu nyaman menggunakan PLN Mobile. Ingin tau biaya Pasang Baru, klik ajah menu simulasi biaya di PLN Mobilemu, semua makin mudah. Sukses buat Kakak yah. -YA",2025-12-11 17:12:26,5.2.75,aplikasi pln mobile sangat membantu kita dalam pelaporan catat meter dan masalah kwh meter aplikasi sangat cepat tanggap
02743d44-8b02-4b47-8aa8-5228ad4666b8,Tulus Saktiawan,https://play-lh.googleusercontent.com/a-/ALV-UjXdO0s8G-9tRpCHW8KB3tIlkhM5O2NXpgkD98Y_Wile-9VwZu9S,aplikasinya sangat membantu ❤️,5,0,,2025-12-11 06:53:17,"Terima kasih, Kak Tulus. Senang dengar PLN Mobile bisa jadi solusi. Mau pasang baru, ubah daya, sampai cek pemakaian? Semua tinggal klik. Rekomendasiin ke temen dan kerabat Kk utk install PLN Mobile yuk. :) -YA",2025-12-11 17:12:08,,aplikasinya sangat membantu
8c75c4dc-ed13-41a2-af1a-1669eb3ee349,nuril Hidayati,https://play-lh.googleusercontent.com/a/ACg8ocLTR-RjATtzdbdceEJkaZkJJganLDaVxHMjaT7BTsstsrM6MA=mo,aplikasi terbaik,5,0,,2025-12-11 06:51:44,"Wah, ulasannya bikin kami semangat, Kak Nuril. PLN Mobile emang hadir buat bantu kamu lebih hemat waktu dan tenaga. Serba fleksibel dan bisa diandalkan. Rekomendasiin ke temen dan kerabat Kk utk install PLN Mobile yuk. :) -YA",2025-12-11 17:11:45,,aplikasi terbaik
17d8bfdd-7301-41be-8dcf-ed2454f0a977,Alfan Alfan,https://play-lh.googleusercontent.com/a/ACg8ocI6z46tuMWoNL8uvDdOjMgyRq3ixDYNajrxqKxLL1sVp-312g=mo,Siip..,5,0,5.2.75,2025-12-11 06:51:24,Hi Kak Alfan. Tks yaw udah kasih bintang 5. Stay Healthy. -NH,2022-01-14 16:10:14,5.2.75,siip
cfffa7de-8838-4eee-90db-0cb301de265b,mairiswan Mairiswan,https://play-lh.googleusercontent.com/a-/ALV-UjXCsmsqriG_Gjm_OJX_qdL5S2TiSjn0MM0XkDRRXStIMDmYSAo,"aplikasi yg bagus utk proses pasang baru, naik daya dan pembelian token listrik...fitur yg mantap...",5,0,5.2.75,2025-12-11 06:51:10,"Makasih ya Kak Mairiswan atas feedbacknya. PLN Mobile bantu kamu tetap terkoneksi dan tenang. Cek tagihan, beli token, hingga layanan pasang baru, semua tinggal klik. Praktis, fleksibel, dan cocok buat siapa aja. Jd tggu apalagi ajak temen dan kerabat utk download. :) -YA",2025-12-11 17:11:21,5.2.75,aplikasi yg bagus utk proses pasang baru naik daya dan pembelian token listrik fitur yg mantap
12261eef-1dcd-4f66-b8dc-96d6daeb8667,Bambang Hermanto,https://play-lh.googleusercontent.com/a/ACg8ocJEu8wjuln6QVpMBEeMY0uKzPZOJE412IUhyppobMYmfdpebg=mo,Aplikasi PLN mobile.... simpel...mudah & cepat... mantap...⭐⭐⭐⭐⭐,5,0,,2025-12-11 06:49:56,"Hallo Kak Bambang, Tks Kak atas penilaiannya, semoga semakin setia menggunakan PLN Mobile. Petugasnya langsung dateng ke tempat kamu buat bantu ubah daya. Tks Kak :) -FN
",2025-09-12 06:54:14,,aplikasi pln mobile simpel mudah cepat mantap
1711a0a2-32b0-420b-9855-21dad3b05f6b,Raa Raa,https://play-lh.googleusercontent.com/a/ACg8ocJ0DuTHfzOfaUeclsK86f672P_UaLlN7XhDCyaJG35oWNUb1w=mo,berkat aplikasi pln mobile saya terbantu sama fitur fitur,5,0,,2025-12-11 06:49:53,"Thx Kak Raa, feedback positifnya bikin kami makin semangat. PLN Mobile selalu berusaha jadi solusi fleksibel dan informatif buat semua kebutuhan listrikmu. Recommended banget buat hidup yang serba cepat. Rekomendasiin ke temen dan kerabat Kk utk install PLN Mobile yuk. :) -YA",2025-12-11 17:10:56,,berkat aplikasi pln mobile saya terbantu sama fitur fitur
6b1a4071-ec62-4c0c-b7c5-5aeac83ae29b,Adhie Syah Poetra Adhie,https://play-lh.googleusercontent.com/a-/ALV-UjXseJMI4T3pdoQn1e-dyGa62Gsup0AuSes5imjXEEDLMkXKivR6,sangat membantu👍,5,0,5.2.75,2025-12-11 06:49:45,"Makasih banyak, Kak Adhie. Seneng deh PLN Mobile bisa bantu aktivitas Kakak. Semua layanan penting PLN sekarang ada di genggaman, bisa diakses kapan aja. Praktis, informatif, dan pastinya recommended. Yuk ajakin temen dan kerabat Kk utk install PLN Mobile. :) -YA
",2025-12-11 17:10:13,5.2.75,sangat membantu
